tweet,clean_tweet,actual_hate,predicted_hate,hate_probability
@Justin_Baez shut the fuck up faggot ass Knicks cock sucker your opinion is irrelevant fag,shut the fuck up faggot ass knicks cock sucker your opinion is irrelevant fag,0,1,0.9192812452249116
I'll let u clam on top and let dat nookie pop I'm in dat cookie jar I ain't no rookie girllll,ill let u clam on top and let dat nookie pop im in dat cookie jar i aint no rookie girllll,0,0,0.008770060904853182
"@M_Talleywacker miss you ya fucker, send me a txt every now and again like ya used to all ill do the same ya twat :p",miss you ya fucker send me a txt every now and again like ya used to all ill do the same ya twat p,0,0,0.0011087263908064922
"RT @sTyLeZkEy354: Always bro niggas get crazy in any weather RT @WE_ALL_KNOW_JO: ""@sTyLeZkEy354: This weather is trash"" OD,But we gon get c&#8230;",rt always bro niggas get crazy in any weather rt this weather is trash odbut we gon get c,0,0,0.014218308647126867
"Just started my upgrade for the level 2 dark elixer drill! 1,500,000 elixer. That was a bitch to get.",just started my upgrade for the level 2 dark elixer drill 1500000 elixer that was a bitch to get,0,0,0.01053765300043537
"#porn,#android,#iphone,#ipad,#sex,#xxx, | #Fisting | Whipped Cream Fisting http://t.co/b4JCMCtEwq",whipped cream fisting,0,0,0.033739167992504565
bitches be peekin https://t.co/Tl352dmT1n,bitches be peekin,0,0,0.012213734167958035
"@DomWorldPeace Oh nab.. Def not that easy. You may not know, nor believe this but I'm legendary for curving pussy.. lol Guilty pleasure.",oh nab def not that easy you may not know nor believe this but im legendary for curving pussy lol guilty pleasure,0,0,0.007938066418357542
Why do I have the worst BM in the world smh this bitch the devil !,why do i have the worst bm in the world smh this bitch the devil,0,0,0.008206084718492799
I'm so mother fucken sexy. I have no time to be a retard.,im so mother fucken sexy i have no time to be a retard,0,0,0.08498176272080105
"""@theaveragerocks: Hardcore way to eat Mac and cheese
1. Boil water 
2. Snort cheese powder
3. Drink boiling water 
4. Fuck bitches""",hardcore way to eat mac and cheese 1 boil water 2 snort cheese powder 3 drink boiling water 4 fuck bitches,0,0,0.006116909569968604
basement diving mook bastards,basement diving mook bastards,0,0,0.04417544275720579
@kuhnatekuhnite @studlydubly talkin' bout bitches gettin' butthurt am i right?!,talkin bout bitches gettin butthurt am i right,0,0,0.013842554495236381
You ain't my bitch so lil bitch why you bitchin?,you aint my bitch so lil bitch why you bitchin,0,0,0.00178087885962147
@xsotoxevelynx haha yuhhh did I hit that hoe or what,haha yuhhh did i hit that hoe or what,0,0,0.004739779558124015
@alexbenovich more than you run pussy,more than you run pussy,0,0,0.012233401730308196
After tonight&amp;&amp; many more nights to come!! I will show you what a cold hearted bitch can do!!! #donefeedup #solo,after tonightampamp many more nights to come i will show you what a cold hearted bitch can do,0,0,0.014065650083083126
"#porn,#android,#iphone,#ipad,#sex,#xxx, | #CloseUp | Squirting pussy and fingered asshole http://t.co/bKYeoUwWv2",squirting pussy and fingered asshole,0,0,0.01480532292524158
"RT @JEN_JEN_2014: My pussy is totes adorbs when she jumps on my bed with litter stuck to her.

The cat is fucking annoying when she does it.",rt my pussy is totes adorbs when she jumps on my bed with litter stuck to her the cat is fucking annoying when she does it,0,0,0.00876672831977955
"RT @kanYeBreast: seeee RT @phontigallo: ""Let that bitch hop in your mentions one more time, hear?"" http://t.co/VqHWqhvnwB",rt seeee rt let that bitch hop in your mentions one more time hear,0,0,0.015428373651647015
"@Jaytwofly huh, lol mad nigger is mad",huh lol mad nigger is mad,1,0,0.3112946774507335
"4 stacks for the heels on my bitch feet, car seat still smellin like 10 keys.. Tell the plug that I'm lookin for a increase..",4 stacks for the heels on my bitch feet car seat still smellin like 10 keys tell the plug that im lookin for a increase,0,0,0.008453282718804954
Fuck her pussy &#127797;&#128049; fuck her mouth &#127797;&#128069; fuck her ass &#127797;&#128052; cause she nasty,fuck her pussy fuck her mouth fuck her ass cause she nasty,0,0,0.24048917520496013
Heartless ass niggah,heartless ass niggah,0,0,0.07056703875159767
At a point where I've got to make a tough life decision. Ice black translucent sole or solid black sole on my KD VI's. Blk or orange airbag,at a point where ive got to make a tough life decision ice black translucent sole or solid black sole on my kd vis blk or orange airbag,0,0,0.011043514448795427
Young Thug called a bitch his twin on a track. I don't even know what he mean by that but I'm definitely bout to start calling bitches that,young thug called a bitch his twin on a track i dont even know what he mean by that but im definitely bout to start calling bitches that,0,0,0.000245225673001898
@BarackObama Biden was a winner last night? Yea right like Charlie Sheen Really was a a winner too.... #winning lol,biden was a winner last night yea right like charlie sheen really was a a winner too lol,0,0,0.005979693624121406
"So you don't want to see the true life story of American heroes, Bizzy, Lazy, Krayzie &amp; Wish... you wanna watch hillbillies shoot pumpkins",so you dont want to see the true life story of american heroes bizzy lazy krayzie amp wish you wanna watch hillbillies shoot pumpkins,0,0,0.13403988662403227
If you can't turn Instagram likes/follows into some real life shit #trash,if you cant turn instagram likesfollows into some real life shit,0,0,0.027865040444425487
@AGreasyMonkey @Huntermoore faggot,faggot,1,0,0.42632796440691967
@WendyDavisTexas msnbc the same MSM who said blocking flights from africa is racist yea right No ID no vote bitch gold digger,msnbc the same msm who said blocking flights from africa is racist yea right no id no vote bitch gold digger,0,0,0.02556806460949894
RT @consprcy_carrot: Blow shit up and get fatter. White trash love this holiday.,rt blow shit up and get fatter white trash love this holiday,0,0,0.40325410143818735
Even liberals are humiliated by Charlie Rangel&#8217;s claim the GOP backs slavery - Hot Air http://t.co/I4QawESnud,even liberals are humiliated by charlie rangel s claim the gop backs slavery hot air,0,0,0.009822080946674902
Going to California today for some analyzer training. Going into Dick Whitman mode. Wish I had a tan colored suit to wear for the flight.,going to california today for some analyzer training going into dick whitman mode wish i had a tan colored suit to wear for the flight,0,0,0.00765707389722528
"""Generate ASCII boxes with NodeJS"" all I see is the ability to bring flappy-bird in node via ASCII tubes and bird ^_^ http://t.co/lRJWDFhv7T",generate ascii boxes with nodejs all i see is the ability to bring flappybird in node via ascii tubes and bird,0,0,0.003567863777026424
RT @MoneyMakers_Ent: Bitch you're retarded RT @TheVinnette: Men that cook should wear panties too&#8221;,rt bitch youre retarded rt men that cook should wear panties too,0,0,0.02082313721199282
@BarackObama make weed legal you pussy you know you smoke that shit,make weed legal you pussy you know you smoke that shit,0,0,0.005396636863003972
@monetkittrell all this spaceship shit is retarded.,all this spaceship shit is retarded,0,0,0.07815002432102772
RT @versaceezy: i aint gonna text first cus pride bitch,rt i aint gonna text first cus pride bitch,0,0,0.004048925812095305
RT @FamousNileEarls: Stoner Chicks &gt; Drunk hoes http://t.co/JctTrNURM0,rt stoner chicks gt drunk hoes,0,0,0.051595191179565146
Watch my Twitter bitch,watch my twitter bitch,0,0,0.025680202298658673
JJ Watt was on his grown man shit all night.. Now let's get it #Yankees,jj watt was on his grown man shit all night now lets get it,0,0,0.010530158605408813
These women ain't shit but hoes w/ tricks ; babygirl you different &#10084;&#65039;,these women aint shit but hoes w tricks babygirl you different,0,0,0.01375781762508664
@Huntermoore @shelbyritner shelby your pussy is beat up,shelby your pussy is beat up,0,0,0.022649433004697024
RT @SVL305: @VJtechsupport @YoungMcFly the real reason y she gave up rapping was because of ME.. i called her trash to her face n asked for&#8230;,rt the real reason y she gave up rapping was because of me i called her trash to her face n asked for,0,0,0.11825931359381112
@Maria_DeAmor bitch I told you to hit me when you got back,bitch i told you to hit me when you got back,0,0,0.009643640458763687
@REM_2014 @FunnyPicsDepot @DavetheBrave1 bitch ass voices in his head haha,bitch ass voices in his head haha,0,0,0.008125245568335037
RT @xenakix2243: Feeling the crisp fall wind spinning around me and watching the colorful leaves fall like rainbow colored raindrops slowly&#8230;,rt feeling the crisp fall wind spinning around me and watching the colorful leaves fall like rainbow colored raindrops slowly,0,0,0.010332806681584561
Woke up dis morning pockets filled with Xtra pros might slide thru double O tonight n bless the hoes! -- #Peezy,woke up dis morning pockets filled with xtra pros might slide thru double o tonight n bless the hoes,0,0,0.002264324109393552
@CSNChicago Punk ass bitch. #BullsTalk,punk ass bitch,0,0,0.04626722073168464
"its either a gun, a sandwich, or both. details looking really fuzzy right now and i don't trust any police department in MO",its either a gun a sandwich or both details looking really fuzzy right now and i dont trust any police department in mo,0,0,0.03846164915980877
@cambreezy_ @TheLittleFella_ she spelled faggots with an e you're so cool lol,she spelled faggots with an e youre so cool lol,1,0,0.37823505700398347
Johnny Rebel - If I could be a nigger for a day: http://t.co/JPKdkpbjxh,johnny rebel if i could be a nigger for a day,1,1,0.5468137763134668
"@heyrmbr I never played Halo, too busy slaying bitches",i never played halo too busy slaying bitches,0,0,0.009882886648500303
@tonipmusic woahh!! Ahha I remember her from Charlie and the Chocolate Factory! Who do you think killed Lucy? I think it was Abby,woahh ahha i remember her from charlie and the chocolate factory who do you think killed lucy i think it was abby,0,0,0.007267215644822448
@Crackerboyy these hoes really out here,these hoes really out here,0,0,0.03281108357062687
You wanna find hoes on here? Just follow the chicks who reply with heart eyes under sex gifs,you wanna find hoes on here just follow the chicks who reply with heart eyes under sex gifs,0,0,0.0049211582463859664
@TheMoeeee bitch go shoot some balls of paint. Ole hobby finding ass,bitch go shoot some balls of paint ole hobby finding ass,0,0,0.07117156394339388
RT @Colinfreeze: ISIS Supporters in America: The Jihadis Next Door http://t.co/aiMV7GiB24 @mlnestel @vocativ http://t.co/ajUAU5YwIv,rt isis supporters in america the jihadis next door,0,0,0.11263212907567462
RT @x_Jimbo: Multi till I die bitch believe that...,rt multi till i die bitch believe that,0,0,0.024498326576272916
"Someone at my household wants to die. I get all excited to enjoy a couple of Oreos, but someone left ONLY ONE. ONE FRIGGIN' OREO. &#128545;&#128548;&#128544;&#128298;&#128299;",someone at my household wants to die i get all excited to enjoy a couple of oreos but someone left only one one friggin oreo,0,0,0.0041891794199763795
@WendyDavisTexas hey Windy! Does your dildo take out the trash for you? Buzzzzz,hey windy does your dildo take out the trash for you buzzzzz,0,0,0.013656423957822742
dodgerofzion asked: A giant green rooster walks in carrying a tray of brownies. You may have a brownie in... http://t.co/Rn0sWWuIq9,dodgerofzion asked a giant green rooster walks in carrying a tray of brownies you may have a brownie in,0,0,0.00268684805371581
"' I ain't trippen cause I like her anyways , she got a niggah and I got a girl but anyways , yea anyways &#1041196;",i aint trippen cause i like her anyways she got a niggah and i got a girl but anyways yea anyways,0,0,0.031051455805823584
RT @FlexFoee: @1BookieG if he fuck yo bitch u should be happy like damn boosie fucked my bitch lmao,rt if he fuck yo bitch u should be happy like damn boosie fucked my bitch lmao,0,0,0.0013995981834856671
My bitch Remy stuck in 06 &#128557;,my bitch remy stuck in 06,0,0,0.020497150379207907
&#8220;@BookerTweet_: There's starving children in Africa but this bitch using bananas to plug her butt hole smh http://t.co/DjPgA7QAy5&#8221; wtf?&#128514;&#128514;,theres starving children in africa but this bitch using bananas to plug her butt hole smh wtf,0,0,0.023920947926728397
It's hard getting a bitch from the hood to suck your dick on camera.She swear EVERYBODY knows her....And she hates the light.,its hard getting a bitch from the hood to suck your dick on camerashe swear everybody knows herand she hates the light,0,0,0.00559550408473597
"RT @YaBoyKip: ""I hope this bitch ain't a catfish"" http://t.co/56JKqioEPE",rt i hope this bitch aint a catfish,0,0,0.005478510185515338
&#8220;@surfboard101: @Vomitdatruth lmfaooooo!!!!! U bitch&#8221; I'm using that shit from now on.,lmfaooooo u bitch im using that shit from now on,0,0,0.017817820643881085
@FlawlesS_Dv @TehDucKii pussy ass bitch,pussy ass bitch,0,0,0.00728446869550698
"@Morning_Joe Wonder how many US citizens have joined ISIS after listening to Joe Scarborough trash this ""black President?"" Good Job Joe!!",wonder how many us citizens have joined isis after listening to joe scarborough trash this black president good job joe,0,0,0.025364387239482516
If the servers for black ops 2 acts gay today this is my bitch fo the nite http://t.co/8rbDhEIa,if the servers for black ops 2 acts gay today this is my bitch fo the nite,0,0,0.06801272502686127
"""@Poffalicious: Andrewbryant: Poff has double vision after 2 beers
Poff: ... Double pussy &#128526;"" smh",andrewbryant poff has double vision after 2 beers poff double pussy smh,0,0,0.008513895052619593
Hate when bitches with long hair decide to get a haircut. Nothin good ever comes out of that,hate when bitches with long hair decide to get a haircut nothin good ever comes out of that,0,0,0.005441496553592194
Would you be interested in some eggplant? RT @NittyScottMC: twerk on me http://t.co/75UftRuVDZ,would you be interested in some eggplant rt twerk on me,0,0,0.030310979711587676
"The nations know who we are, but we rather be real niggers &amp; bad bitches. http://t.co/Ge6tNhxzAF",the nations know who we are but we rather be real niggers amp bad bitches,1,0,0.04688624322139611
Social networks will ruin a bitches game.,social networks will ruin a bitches game,0,0,0.009778537440119533
"RT @versacecum: bitches be like ""&#9749;&#128056;"" but still be in everybody's business",rt bitches be like but still be in everybodys business,0,0,0.017703413979435274
@BarackObama @MarchForInnov send them damn beaners back where they belong n the US aint it,send them damn beaners back where they belong n the us aint it,1,0,0.23347436118959286
RT @saramariewelch: Can't mean something to someone when they hittin up Otha bitches,rt cant mean something to someone when they hittin up otha bitches,0,0,0.010472183611100474
That depression shit trash.,that depression shit trash,0,0,0.025154148744727448
It's this dyke chick cut hair in the barbershop look just like Future,its this dyke chick cut hair in the barbershop look just like future,1,0,0.17541931061554542
"RT @walkerkpt: Prediction- ""Obama will leave the Democratic Party in shambles ""&#128563; oh gosh, I hope so &#128591;&#128079;&#128074;&#128170;&#128077;payback really is a bitch",rt prediction obama will leave the democratic party in shambles oh gosh i hope so payback really is a bitch,0,0,0.024472276359282213
"Destiny's Child song ""Say My Name"" is the insecure bitches anthem.",destinys child song say my name is the insecure bitches anthem,0,0,0.012698693774964439
"Y'all hoes don't need a valentine , Y'all need Jesus",yall hoes dont need a valentine yall need jesus,0,0,0.007331179675846403
@ShenellyB lol u knw dem project bitches be having dem light brown roaches we call dem water bugs &#128514;&#128514;,lol u knw dem project bitches be having dem light brown roaches we call dem water bugs,0,0,0.006181330645085724
&#8220;@JustKarahn: &#8220;@what_iDO: Y though http://t.co/hg6OO3X3o6&#8221; really hoe? really?&#8221; U the dummy taking a pic,y though really hoe really u the dummy taking a pic,0,0,0.025212280001646787
@Dietrich1892 I'll show up and chug a beer or 8,ill show up and chug a beer or 8,0,0,0.05590581670283366
RT @drunktweets81: You sure do have a pretty face for a cripple,rt you sure do have a pretty face for a cripple,0,0,0.026667022646206184
RT @firmeprincess: &#8220;@KizzyGotDaJUICE: Huh man &#128571;&#128553;&#128588;&#128166;&#128166;&#128166;&#128166; http://t.co/cLyaPq2Ret&#8221; he's gna drown in the pussy for real,rt huh man hes gna drown in the pussy for real,0,0,0.011014508868404093
I love how Everybody bitches about heat fans when we win but if they lose all the haters are 10x more obnoxious,i love how everybody bitches about heat fans when we win but if they lose all the haters are 10x more obnoxious,0,0,0.0024112166060992354
@corey_emanuel bet.... Pay back is a bitch,bet pay back is a bitch,0,0,0.011691090316689242
Fed ex some real hoe boys,fed ex some real hoe boys,0,0,0.00783896054181928
These cheetos taste likka steak right nah boy these bitches going DUMB!!,these cheetos taste likka steak right nah boy these bitches going dumb,0,0,0.004239601545724342
"#porn,#android,#iphone,#ipad,#sex,#xxx, | #CloseUp | cumshot on beauty pussy closeup http://t.co/UonsdrAuV0",cumshot on beauty pussy closeup,0,0,0.012796269510691878
I was in love with Charlie &#128553;,i was in love with charlie,0,0,0.007389219311249795
I don't hit women but I'd slap tf out a bitch. No close fisted business though that's some cowardly shit.,i dont hit women but id slap tf out a bitch no close fisted business though thats some cowardly shit,0,0,0.007825183630599938
RT @gferguson8: @MSoltan18 @WBDyllon_ @KoredeB9 Messi is trash,rt messi is trash,0,0,0.031319906538404135
"RT @Sqaud9Rell: she's a hoe, she's ugly, she's a bitch, she's this, she's that .. but you dated her? please, take a seat.",rt shes a hoe shes ugly shes a bitch shes this shes that but you dated her please take a seat,0,0,0.07202073609925813
these pussy ass niggas ain't bout that life,these pussy ass niggas aint bout that life,0,0,0.022964121931671723
Shower rod that hoe http://t.co/TdZXBl6Isf,shower rod that hoe,0,0,0.013697412523921287
RT @erykahrogers_: idc how cute you are that shit dont matter if you got a trash personality.,rt idc how cute you are that shit dont matter if you got a trash personality,0,0,0.008010722772567805
@Mids_areForkids lmao im bein foreal fuck all them bitches like that!,lmao im bein foreal fuck all them bitches like that,0,0,0.004029564883621885
RT @hawaiinshirts: &#8220;@sufaj32: @hawaiinshirts you're a pussy.&#8221; You have more cargo shorts in your Avi than fucks I give,rt youre a pussy you have more cargo shorts in your avi than fucks i give,0,0,0.020593177586238128
RT @JosephTheFlyGuy: This bitch got a real life hippo as a pet http://t.co/wU6jItcE0U,rt this bitch got a real life hippo as a pet,0,0,0.0020988393643113553
The only time I screamed was when Tyrese tackled that hoe ass bitch #TheWalkingDead,the only time i screamed was when tyrese tackled that hoe ass bitch,0,0,0.00931917061610694
"@airwolf1967 @NoInfidel33 @tedcruz @SarahPalinUSA @TWShannon in ALASKA!!
Nothing going on, nothing to do, nothing to bitch about, few laws",in alaska nothing going on nothing to do nothing to bitch about few laws,0,0,0.005421507262535987
Put the weights back on the rack bitch!! Smdh lol Dick Chaney's! http://t.co/pThwskJhdY,put the weights back on the rack bitch smdh lol dick chaneys,0,0,0.010246326215695512
Got this bad Spanish bitch &#128514;&#128079;&#128076;&#128527;&#128536; .,got this bad spanish bitch,0,0,0.01921527995869116
&#9733;@&#9733;@&#9733;@&#9733;@&#9733; GRAND OPENING ! &#9733;@&#9733;@&#9733;@&#9733;@&#9733; TOP CLASS &#9733; Oriental Massage &#9733; PERFECT !&#9733; http://t.co/2POFGc7ohC,grand opening top class oriental massage perfect,0,0,0.012335436229328266
"RT @YungPineapple_: ""To bad you wont hit a girl pussy"" http://t.co/hsRjqyxZj8",rt to bad you wont hit a girl pussy,0,0,0.010394783549273834
"Another nigga hoe is another nigga problem.
@JoseGuapo been had hits.",another nigga hoe is another nigga problem been had hits,0,0,0.13253448544553162
RT @PRAYINGFORHEAD: tyga used to be good before he got into this swag fag shit,rt tyga used to be good before he got into this swag fag shit,0,0,0.16511673328182658
"with Louisville (5) losing last night, a win to #iubb (7) tonight should have them back in the top 5! #ncaa #basketball #iu #hoosiers",with louisville 5 losing last night a win to 7 tonight should have them back in the top 5,0,0,0.010579151697615008
@whiteangelss84 y dont u end us monkeys then? U hate us because were better than crackers &amp; I love it. Deep down u know weve done nothin 2 u,y dont u end us monkeys then u hate us because were better than crackers amp i love it deep down u know weve done nothin 2 u,1,0,0.10490861810091381
Whenever you need your hoe protected on social media or anywhere in the world? Please contact @JPERZELL and he'll fight for that hoe.,whenever you need your hoe protected on social media or anywhere in the world please contact and hell fight for that hoe,0,0,0.0018423341967254393
I only like women who&#8217;s pussy smell like burnt cheese,i only like women who s pussy smell like burnt cheese,0,0,0.01886173172161626
Bad bitches in the pen make my toes curl,bad bitches in the pen make my toes curl,0,0,0.004743672175254477
RT @HoeFact: Don't trust these hoes http://t.co/03SoHP4P41,rt dont trust these hoes,0,0,0.01470873822565988
RT @LariDodi: Ur a lil bitch if you don't have your read receipt on&#128064; #Shady&#128511;,rt ur a lil bitch if you dont have your read receipt on,0,0,0.023745126642737528
Can't wait to see my bitch dutchess,cant wait to see my bitch dutchess,0,0,0.013281612220497573
"""Hey go look at that video of the man that found the kidnapped girls in Ohio........what a nigger"" - #shitmybosssays",hey go look at that video of the man that found the kidnapped girls in ohiowhat a nigger,1,0,0.20132110909775852
prolly sum hoe tryna get in the hurricane free RT @coldhearted9_: @Pr3ttyN33 who sent that nigga to Twitter tho,prolly sum hoe tryna get in the hurricane free rt who sent that nigga to twitter tho,0,0,0.06946812692847748
Dom calls me bitch boy,dom calls me bitch boy,0,0,0.008753494275493797
@krustyiscute don't hoe me,dont hoe me,0,0,0.013895707954112933
@SuperDickRikki I'm highly upset dat des bitches tryanna clown me on a media sight bitch I ain't going,im highly upset dat des bitches tryanna clown me on a media sight bitch i aint going,0,0,0.0009584932053853253
They have a clumsy bird too lol what is life,they have a clumsy bird too lol what is life,0,0,0.005201156981230696
&#8220;@ResiDimples: I heard thigh gaps is a way of telling if a bitch pussy is loose.&#8221; What?? http://t.co/OSjVJZJXCg,i heard thigh gaps is a way of telling if a bitch pussy is loose what,0,0,0.02001440171638961
RT @RihannaHasAids: bitch change draws http://t.co/k4frL2Vw7e,rt bitch change draws,0,0,0.004009497193338034
"If ever sports seemed scripted , this ending to this Yankee game proved it",if ever sports seemed scripted this ending to this yankee game proved it,0,0,0.00793033999862726
So you females feel like it's ok to dress like a hoe? Smh I just hope I don't have a daughter please god http://t.co/2uaWusHHYE,so you females feel like its ok to dress like a hoe smh i just hope i dont have a daughter please god,0,0,0.0014577369254756185
Yeah the NFL trash as fuck for this London shit,yeah the nfl trash as fuck for this london shit,0,0,0.026678944172782333
Fuck bitches get money mission complete!,fuck bitches get money mission complete,0,0,0.004598578489721804
"God made male and female blades of grass. Every living thing must reproduce itself to stay on this Earth: birds, bees and grass. Sex=Natural",god made male and female blades of grass every living thing must reproduce itself to stay on this earth birds bees and grass sexnatural,0,0,0.00236955702164955
&#8220;@coffincreepxx: @WhatAreOllies niggah you friendzoned&#8221; daaaaaaaam.. &#128532;,niggah you friendzoned daaaaaaaam,0,0,0.0572285928964893
Called Eddie a hoe.... By mistake doe. Lol,called eddie a hoe by mistake doe lol,0,0,0.01407102454340013
I'll beat some pussy up right about now,ill beat some pussy up right about now,0,0,0.01655763028018775
"RT @HornyFacts: Fuck twerking, bitch can you cook?",rt fuck twerking bitch can you cook,0,0,0.012579280583274536
"It's funny how females don't want to be called a ""bitch"" but if you put the word bad in front of it then they're happy af",its funny how females dont want to be called a bitch but if you put the word bad in front of it then theyre happy af,0,0,0.004744718379712176
"And even if the sky come fallin, bitch ima still be high. I got faith in my weed man",and even if the sky come fallin bitch ima still be high i got faith in my weed man,0,0,0.02317768575128101
@GossipCop Julie tell them crybaby blacks to get someone blk. and dress them up white faced......niggers always whining!,julie tell them crybaby blacks to get someone blk and dress them up white facedniggers always whining,1,0,0.08642628099423522
"I hate when I see a thick bitch on Instagram, then she show up looking like a teddy graham.",i hate when i see a thick bitch on instagram then she show up looking like a teddy graham,0,0,0.015668108216980666
Every real nicca need a real bitch! #JayFacts,every real nicca need a real bitch,0,0,0.006791712298443649
hey shawnda.. I'm rich bitch!!,hey shawnda im rich bitch,0,0,0.009587193266604337
RT @flygurlWilliams: If yo bitch only fucking with you bcuz of your money chances are any nigga with some money can fuck her?&#128563;,rt if yo bitch only fucking with you bcuz of your money chances are any nigga with some money can fuck her,0,0,0.024545342301000687
@1Corinthians126 #HolySpirit God still share HIS #Secrets Amos 3:7 blessings #Jesus,god still share his amos 37 blessings,0,0,0.05934137907215189
RT @bonita_kayla: all bitches wanna do is beef over niggas &#58382; grow tf up a get ya priorities straight &#57933;&#58167;,rt all bitches wanna do is beef over niggas grow tf up a get ya priorities straight,0,0,0.008667372874694854
"Going comfortable then a hoe today, gotta be relaxed for prom &#128526;&#128076;",going comfortable then a hoe today gotta be relaxed for prom,0,0,0.005841028240700963
@LittleNamms @karon_avila She doin homework you jiggaboo. Let her be,she doin homework you jiggaboo let her be,0,0,0.020344658674267768
RT @LmaoSoFunny: Kicked the soul outta dis bitch https://t.co/5xWHYdP7U8,rt kicked the soul outta dis bitch,0,0,0.010388017368280838
I've got everybody Skurting these hoes &#128514;&#128514;&#128514;&#128514;&#9995;,ive got everybody skurting these hoes,0,0,0.007108357872878503
&#8220;@zt0mm: Traded in my nikes for a new mic.. I guess it's safe to say he sold soles for his new life ... -bada$$&#8221;,traded in my nikes for a new mic i guess its safe to say he sold soles for his new life bada,0,0,0.01274267624247578
"RT @YungPineapple_: ""You like your lunch little boy?""

""Nah bitch look what I'm eating cause of you"" http://t.co/7cvA8grvds",rt you like your lunch little boy nah bitch look what im eating cause of you,0,0,0.0018578546249045037
"@jrlikeswhisky @ZwithR @NickEhlers01 You couldn't handle Iowa pussy - here, kitty, kitty, kitty --- http://t.co/1aNMKM4O9Y",you couldnt handle iowa pussy here kitty kitty kitty,0,0,0.12251361527618183
RT @QueenReenie_: How bitch how? &#8220;@_Vontethekidd: How is this ok? http://t.co/tBm1dIL55n&#8221;,rt how bitch how how is this ok,0,0,0.003993990638388684
You got that pussy nigga disease ain't no curing ya,you got that pussy nigga disease aint no curing ya,0,0,0.03407798756590562
@kieffer_jason and who said I didn't like myself where the fuck u got shit from u made that up stfu and stop assuming and bitch am not ugly.,and who said i didnt like myself where the fuck u got shit from u made that up stfu and stop assuming and bitch am not ugly,0,0,0.024445372104338725
Man I just watched that 50 shades of gay trailer and that shit looked like the wackest movie of all time. Y'all be hyping up trash on here,man i just watched that 50 shades of gay trailer and that shit looked like the wackest movie of all time yall be hyping up trash on here,0,0,0.2676764861993012
That hoe beefing over tunchi chillllll ouutttt,that hoe beefing over tunchi chillllll ouutttt,0,0,0.027533698422379665
If she dont appreciate that and say yes. The bitch aint real.,if she dont appreciate that and say yes the bitch aint real,0,0,0.0025124508712294547
jacob u look like a monkey in dis http://t.co/rkaqn0GRQe,jacob u look like a monkey in dis,0,0,0.07251382645995583
RT @tanaka_callen: @t_ndyy awwww my niggar thank you so much sure means a lot &#9825;&#9825;,rt awwww my niggar thank you so much sure means a lot,0,0,0.018776283305848143
&#8220;@dnumberbefore2: Congrats to kim k .this a great day for hoes everywhere&#8221;,congrats to kim k this a great day for hoes everywhere,0,0,0.006473563925726215
RT @scressful: @DFkinLopes LMfAOOO this bitch tongue longer than some niggas dicks,rt lmfaooo this bitch tongue longer than some niggas dicks,0,0,0.037222907824035145
You know you a bitch ass so I don't need to say it.,you know you a bitch ass so i dont need to say it,0,0,0.017352887088011477
Why can't I have colored eyes like my siblings &#128557;&#128557;,why cant i have colored eyes like my siblings,0,0,0.04242008539430883
FF has been consistently one of Marvel's worst properties. Ultimate FF was good; but the entire Ultimate universe is now in the trash.,ff has been consistently one of marvels worst properties ultimate ff was good but the entire ultimate universe is now in the trash,0,0,0.10813907390979156
I wonder where all these bitches I got at ?,i wonder where all these bitches i got at,0,0,0.005039931532407761
"@RealSkipBayless @KingJames is a little bitch , that's why",is a little bitch thats why,0,0,0.010024257748569857
My bitch from magic city she shaking ass &amp; titties http://t.co/LPFjVIWrQn,my bitch from magic city she shaking ass amp titties,0,0,0.007904804387675575
#IU 8 straight nation #college soccer champions! Wow! #hoosiernation #hoosiers &#9917;&#127942;,8 straight nation soccer champions wow,0,0,0.0449712065915385
@Channnteeel pussy,pussy,0,0,0.016788265662320907
RT @huner5150: All these hoes always talkin shit about there guy. Look bitch if your gonna talk shit to me I'll be happy to smack you in yo&#8230;,rt all these hoes always talkin shit about there guy look bitch if your gonna talk shit to me ill be happy to smack you in yo,0,0,0.002746854716150348
"@_Perarl bitch all these thick bitches with they ass out on TV , do what you want",bitch all these thick bitches with they ass out on tv do what you want,0,0,0.00599804836224378
Look at this pussy @YatchakHannah http://t.co/cPyO5YP005,look at this pussy,0,0,0.017708090855774582
Terio got all the hoes &#128557;,terio got all the hoes,0,0,0.011182380805948057
Kobe is fat &amp; Im white &#9996;RT @jwill252: Some people just retarded lol RT @TheTrackMamba: Y'all really think Kobe Fat tho??? Give me a break!!,kobe is fat amp im white rt some people just retarded lol rt yall really think kobe fat tho give me a break,0,0,0.3566487290529623
Y'all bitches better stop the madness .....,yall bitches better stop the madness,0,0,0.010319571213061608
RT @jaxx_staxx: &#8220;@baranosky_: 1 day down 39 more days with out pot #lent&#8221;your a faggot,rt 1 day down 39 more days with out pot your a faggot,0,0,0.42537646297441395
RT @Cashbethemotive: @HaveMercyyy @killquana ooh yea @gucci1017 !! Getting all hoes!,rt ooh yea getting all hoes,0,0,0.007655864076971464
RT @AllHailTaron_: I got the deals for the low. I know you hoes lonely so fuck with these cuffing season specials. &#128184;&#128175; http://t.co/YURpX99Hdb,rt i got the deals for the low i know you hoes lonely so fuck with these cuffing season specials,0,0,0.0035323044629486035
RT @nickleberry_fin: You know a girl is a hoe if her Instagram isn't private,rt you know a girl is a hoe if her instagram isnt private,0,0,0.0011424402726521506
So...Hello Kitty is really a Chicken Boo bitch?,sohello kitty is really a chicken boo bitch,0,0,0.07706927805026623
I always wanted a bull dog them hoes clean fuck a pit,i always wanted a bull dog them hoes clean fuck a pit,0,0,0.010243436372005558
spoiled fucking bitches who get whatever they want need to step off and re-evaluate their lives,spoiled fucking bitches who get whatever they want need to step off and reevaluate their lives,0,0,0.014725674117876826
"@WalkerJensen yaaaasssss it is. You are buhlowin' up my timeline, negro. &#128523;",yaaaasssss it is you are buhlowin up my timeline negro,0,0,0.05657066479478249
@vivaalakatyy @J_Fritzy @Lompartayy at least I have a boyfriend dumb bitch &#128514;,at least i have a boyfriend dumb bitch,0,0,0.014487381931669624
I see you fuck bitches. I fuck bitches also.,i see you fuck bitches i fuck bitches also,0,0,0.003835799782758029
RT @thebrandymedel: Every bitch got a nigga that she gone always fuck with. No matter what. &#128152;,rt every bitch got a nigga that she gone always fuck with no matter what,0,0,0.01026211610495589
"Please stop scoring, otherwise you won't have any runs for tomorrow against Romero #Yankees #BlueJays #MLB",please stop scoring otherwise you wont have any runs for tomorrow against romero,0,0,0.037867904270365106
RT @ERlKTweets: what the fuck is this disgusting nigger from the movie captain phillips doing on the red carpet for the oscars what the fuc&#8230;,rt what the fuck is this disgusting nigger from the movie captain phillips doing on the red carpet for the oscars what the fuc,1,0,0.3074913337783873
"RT @trvpgxdx: Jen: Bitch Daquan dropped your kids off today

Keisha: Bitch I don't got kids

Jen: not no more bitch I swallowed em http://t&#8230;",rt jen bitch daquan dropped your kids off today keisha bitch i dont got kids jen not no more bitch i swallowed em,0,0,0.002880895346030297
@im_sarcasticc &#128527;&#128527;&#128527; Yas bitch . Don't have too much fun,yas bitch dont have too much fun,0,0,0.011887695757195916
"If you really know me, you know all the problem i go through with all these hating ass bitches.",if you really know me you know all the problem i go through with all these hating ass bitches,0,0,0.055481985872735555
Shoot out wit yo niccas you da type to throw da Pistol &#128588;,shoot out wit yo niccas you da type to throw da pistol,0,0,0.2568945920149544
"Hoes be making twerk videos. Talking bout ""just playing around"" bitch you know you was serious",hoes be making twerk videos talking bout just playing around bitch you know you was serious,0,0,0.001481537814628956
Nobody on planet Earth more protective than bull dykes,nobody on planet earth more protective than bull dykes,0,0,0.010637582723586824
Know that the bad bitch got ittt &#128553;&#127908;,know that the bad bitch got ittt,0,0,0.00549962173092842
Bitch shutcho got damn mouf hoe RT @HURRICANESENSEI: Mallett ain't gon help yo funky ass texans,bitch shutcho got damn mouf hoe rt mallett aint gon help yo funky ass texans,0,0,0.0012973840632314586
Stop Twatching me bitch.,stop twatching me bitch,0,0,0.01746554453125139
"""@jethromass: Photo: http://t.co/CxRs5BVhPw"" he is in sole heaven",photo he is in sole heaven,0,0,0.01036987469522135
RT @souljaboy: @kmichelle beef? Bitch ur pussy smell like beef &#128169;&#128514;&#128514;&#128514;,rt beef bitch ur pussy smell like beef,0,0,0.0031777450641834624
I bought a 357 and went back to the neighborhood and busted that bitch!,i bought a 357 and went back to the neighborhood and busted that bitch,0,0,0.03705552576908483
I want some monkey bread.,i want some monkey bread,0,0,0.07337023826219384
You girls needa stop with the edits. Damn near got catfished a week or two ago and the bitch keeps findin her way back&#128530;&#128548;&#128165;&#128299;&#128553;,you girls needa stop with the edits damn near got catfished a week or two ago and the bitch keeps findin her way back,0,0,0.003998446986053638
the things I do for this bitch smh,the things i do for this bitch smh,0,0,0.014413623614936763
"RT @MichaelJDelaney: @0beyYourMaster real ""lil""...bitch you short as fuck",rt real lilbitch you short as fuck,0,0,0.0883472116361217
"RT @itsDorry: Attractive girls are always the most insecure... &#128589;

While these Shrek looking bitches, walk around thinking their the shit &#128129;",rt attractive girls are always the most insecure while these shrek looking bitches walk around thinking their the shit,0,0,0.0010166495072694967
the #genesis of my tna watching is so bad I can't even mock-live tweet it,the of my tna watching is so bad i cant even mocklive tweet it,0,0,0.029905344187499024
"""@k_eazy26: Facts what baldheaded bitch made this shit. &#128074;&#128074;&#128555;&#128530; http://t.co/fDYojpT9Xg""

Lmao &#128553;&#128514;",facts what baldheaded bitch made this shit lmao,0,0,0.009233384281884641
She bet not put me on her gram I got bitches on the gram,she bet not put me on her gram i got bitches on the gram,0,0,0.027195151751158466
Lmaooooo im outta here RT @da_1eye_creep Bobby Shmurda looks like a negro league player http://t.co/SngyNAGULC,lmaooooo im outta here rt bobby shmurda looks like a negro league player,0,0,0.07003836768587554
@angelo_GL oh yea a-lo aka mr bitches lmao,oh yea alo aka mr bitches lmao,0,0,0.01727580365072508
Sewing is also a requirement to be an #ISIS Jihadi girl - keep the men's clothes presentable #ISISFeminism http://t.co/sN5KUwMX78,sewing is also a requirement to be an jihadi girl keep the mens clothes presentable,0,0,0.014830318057829693
"RT @ImNeverChillin: Any bitch that tell you ""I normally don't do this"" get ready for the best head/pussy you've ever got",rt any bitch that tell you i normally dont do this get ready for the best headpussy youve ever got,0,0,0.0005250708765142534
And I'm definitely top 3 at makin beats in the city but y'all niggers love your trap beats so y'all probably won't admit that,and im definitely top 3 at makin beats in the city but yall niggers love your trap beats so yall probably wont admit that,1,0,0.09526552294837422
I hear the same thing day in and day out.... its for the birds.,i hear the same thing day in and day out its for the birds,0,0,0.03573349907917642
"RT @BuzzFeed: A photographer hid in a trash can to get these adorable engagement photos
http://t.co/75ZOvJEwYh http://t.co/F3VAUX9STw",rt a photographer hid in a trash can to get these adorable engagement photos,0,0,0.02261081011442757
based god fucked all my bitches,based god fucked all my bitches,0,0,0.011660242369567262
&amp; These bitches bound to get hurt cause a lot of these niggas be playing,amp these bitches bound to get hurt cause a lot of these niggas be playing,0,0,0.007105860389517446
Dudes have problems deciphering sex too.Side bitches get wifely love.You can't keep a secret if you're overdoing dirt.,dudes have problems deciphering sex tooside bitches get wifely loveyou cant keep a secret if youre overdoing dirt,0,0,0.01054662469520126
"""@Lipe_the_Great: &#8220;@h0rheyd: ""@Lipe_the_Great: Shut up zoe"" fight me pussy&#8221; for zoe? I'm good, man."" You are good ma'am. Move along now",shut up zoe fight me pussy for zoe im good man you are good maam move along now,0,0,0.014548699695858277
"@w1LLiam_ bruh we was my fam, nd yeah pussy niggas get no respect.",bruh we was my fam nd yeah pussy niggas get no respect,0,0,0.04492844551674604
@austin_farrar your a fucking queer faggot bitch,your a fucking queer faggot bitch,1,1,0.7719499901642526
I can't with this disrespect ass bitches,i cant with this disrespect ass bitches,0,0,0.017566243757310442
when im there with a ghetto ass accent being shy as hell like,when im there with a ghetto ass accent being shy as hell like,0,0,0.010416738150260552
RT @TattedUp_Tre: &#8220;@Blaxxxican: Early bird gets the dick&#127770;&#8221; &#128514;&#128514;&#128514;,rt early bird gets the dick,0,0,0.0020416740773751916
Some Jihadi posted a bio of the #ISIS boss Mr Awad with excellent sociological info. Can't thank him/her enough for the gift.,some jihadi posted a bio of the boss mr awad with excellent sociological info cant thank himher enough for the gift,0,0,0.028470309550142524
LRG ass nigguh,lrg ass nigguh,1,0,0.04958239632924087
@OriginvlEpic in the trash,in the trash,0,0,0.03682260412861692
@fennecuskitsune you've got no sole,youve got no sole,0,0,0.015989895564404895
Waiting on these bitches @badnewsbridget @MorbidMermaid &#128034;&#128034;&#128034;&#128034;,waiting on these bitches,0,0,0.007635832773663236
RT @ButtholeTeeth: Your pussy looks like it died six months ago.,rt your pussy looks like it died six months ago,0,0,0.10050306883609128
@leiacatherinexx don&#8217;t be a hurt little faggot,don t be a hurt little faggot,1,0,0.21130503301718326
Trust a bitch I can't wife a bitch I can't,trust a bitch i cant wife a bitch i cant,0,0,0.0026406997642045445
This ma niggah @trigga_tre123 &#128076;,this ma niggah,0,0,0.07780146003477699
@CallMeRenee_ wussup bitch,wussup bitch,0,0,0.015965330716316832
@Prince_WilliamB @MixyArts This nothing to do with my shoes you ignorant twat.,this nothing to do with my shoes you ignorant twat,0,0,0.018636146460689184
"It's a Bob Schieffer holiday now, he's proud and smitten that he's the ""good white guy,"" hicks be damned! Everything is 1965. Everything.",its a bob schieffer holiday now hes proud and smitten that hes the good white guy hicks be damned everything is 1965 everything,0,0,0.057801761631178276
Only white people use the word cunt. Todd really is taking over,only white people use the word cunt todd really is taking over,0,0,0.27449545530469216
RT @FunnyPicsDepot: Niggas develop superpowers when it comes to getting some pussy http://t.co/ADbxQlTDJj,rt niggas develop superpowers when it comes to getting some pussy,0,0,0.037973158350064526
"Bad bitch, chest out......no wonder why Miss Righteous keeps on getting left out",bad bitch chest outno wonder why miss righteous keeps on getting left out,0,0,0.001047507297658649
Help me speed up the process of fucking your bitch..feel me?,help me speed up the process of fucking your bitchfeel me,0,0,0.1421248142364827
Riding in that ooo bitch it's nasty,riding in that ooo bitch its nasty,0,0,0.04328285715768154
"RT @ElderLWM: And Black women need to stop referring to themselves and other sisters as ""hoes"" &amp; ""Bitches""..... It really ain't a good look&#8230;",rt and black women need to stop referring to themselves and other sisters as hoes amp bitches it really aint a good look,0,0,0.0015126494475922205
It's bout that time were I feel like beening a hard working woman .....and a stripper hoe by night don't judge me &#128175;&#9996;&#65039;&#128514;,its bout that time were i feel like beening a hard working woman and a stripper hoe by night dont judge me,0,0,0.0015412474189698971
"RT @SalomaeSadiqa: It's because you can't bend me, you can't buy me and you can't make me into your nigger! #Farrakhan #TheTime",rt its because you cant bend me you cant buy me and you cant make me into your nigger,1,0,0.3899510967371503
@BrendanSchaub @TimTebow ugh your with Tebow? You're officially a fag now and in followed.,ugh your with tebow youre officially a fag now and in followed,0,1,0.5491564144614633
RT @spiffytwiley: @vintage_monroe_ bitch you gorgeous,rt bitch you gorgeous,0,0,0.0030936080132546754
Clan of retards...,clan of retards,1,0,0.17172786372166168
Damn those shiner rock those bud light platinum and that ciroc,damn those shiner rock those bud light platinum and that ciroc,0,0,0.024888536673376125
"RT @McNarstle: And she's watchin' him with those eyes / And she's makin' him linguine &amp; clams with that body, I just know it!",rt and shes watchin him with those eyes and shes makin him linguine amp clams with that body i just know it,0,0,0.020328583573069766
RT @leek_porter21: &#8220;@_1MDot: I hate a always wanna smoke but aint got no money as nigga/bitch like bye falisha&#8221;&#128514;&#128514;&#128514;,rt i hate a always wanna smoke but aint got no money as niggabitch like bye falisha,0,0,0.024012831917918587
RT @theSTRANGEST: ready to make today my bitch.,rt ready to make today my bitch,0,0,0.004032173749824562
RT @DamianSHughes: &#8220;@G_Verch: Damn I hate being a huge pussy&#8221;,rt damn i hate being a huge pussy,0,0,0.0064043247886355755
"Only Blood Can Satisfy The Hungry Flames Of R&#8217;hollor, Charlie Brown",only blood can satisfy the hungry flames of r hollor charlie brown,0,0,0.0034032178280177933
wondertrade is the best pokemon feature ever. i just got a level 27 japanese wobbuffet for a level 4 beginning area trash pokemon,wondertrade is the best pokemon feature ever i just got a level 27 japanese wobbuffet for a level 4 beginning area trash pokemon,0,0,0.00252665504940975
@ChrisTrondsen @IM5band #askim5 would you rather drink squirrel pee or Johnny Depp's wig in Charlie and the Chocolate Factory?,would you rather drink squirrel pee or johnny depps wig in charlie and the chocolate factory,0,0,0.009786146968518865
Who watches wrestling besides little kids and white trash?,who watches wrestling besides little kids and white trash,0,1,0.5487317535554517
RT @Joy_Doe: &#128557;&#128557;&#128557;&#128557;&#128557; RT @80sbaby4life: I love hood bitches. God help me lmaoooo,rt rt i love hood bitches god help me lmaoooo,0,0,0.031793725988828965
"Going through my computer and found the ""Shake that monkey"" video we made freshman year in Dillard! &#128514;&#128514; @BruhKiaraThrowd was Too Short",going through my computer and found the shake that monkey video we made freshman year in dillard was too short,0,0,0.056356524806660487
RT @jaunthegoat: Lost my erection and found it in your girlfriends pussy,rt lost my erection and found it in your girlfriends pussy,0,0,0.009144455620225679
Im looking for a reason to really spazz on a bitch (never my lady) but....a bitch none the less lol,im looking for a reason to really spazz on a bitch never my lady buta bitch none the less lol,0,0,0.009922729592590907
The boy who shot albino deer http://t.co/D4XajBEIb1,the boy who shot albino deer,0,0,0.04600352246176251
@cumkwats thank you based pee slit,thank you based pee slit,0,0,0.02208979690187074
Versace belts and LV wallets just won't cut it. Need to really show his ass up.. Little bitch,versace belts and lv wallets just wont cut it need to really show his ass up little bitch,0,0,0.012933658990332724
"""@bigbootybishopp: @white_thunduh lassen cc , the coach wants me"" i feel it youll get more my nig no doubt",lassen cc the coach wants me i feel it youll get more my nig no doubt,1,0,0.14781627395162744
"If I've never seen her do some ""hoe"" shit with my own eyes then I refuse to let another nigga influence my thoughts on her. So what?",if ive never seen her do some hoe shit with my own eyes then i refuse to let another nigga influence my thoughts on her so what,0,0,0.029929348191835663
showin more love to bitches fucked on the side,showin more love to bitches fucked on the side,0,0,0.007884829461289081
"RT @KayciMalynn: @__0utcast___ hey cunt, I miss you. &#128557;&#128557;",rt hey cunt i miss you,0,0,0.027287183723255122
"RT @_onnaa_: ""@1stBlocJeremiah: Gotta watch these hoes &#128064;"" I Swear &#128079;",rt gotta watch these hoes i swear,0,0,0.01199791868996875
"You wanna know some crazy shit? Without the sunshine, you could find a SHADY bitch!",you wanna know some crazy shit without the sunshine you could find a shady bitch,0,0,0.009737572058372963
#Yankees wasted Nu&#241;ez's season #rays #mlb,wasted nu ezs season,0,0,0.031715246319015136
I fucked the shit out yo bitch yesterday til she couldn't stand straight she called me earlier asking could she come and get a replay,i fucked the shit out yo bitch yesterday til she couldnt stand straight she called me earlier asking could she come and get a replay,0,0,0.0016076119145177023
@sloganDomono cause you got you wife on the left an bitches on the right nigga man logic #puss,cause you got you wife on the left an bitches on the right nigga man logic,0,0,0.005874942858142342
"RT @Loxodonta_s: #News &#8212; #Democrats and #AntiSemitism &#8212; #Jewish group condemns VP Joe Biden&#8217;s offensive reference to ""Shylocks"" http://t.co&#8230;",rt and group condemns vp joe biden s offensive reference to shylocks,0,0,0.012712356288548958
"@Jpizzle651 I didn't really have one, was aware of Yankees, but always loved Dodgers uniform!",i didnt really have one was aware of yankees but always loved dodgers uniform,0,0,0.010246263216608096
my dad's a fuckin dick bitch i made your ass supper you're not allowed to come home mad,my dads a fuckin dick bitch i made your ass supper youre not allowed to come home mad,0,0,0.30025196063162596
@SteezHOE this was my nigga in that bitch man!,this was my nigga in that bitch man,0,0,0.12095888798734572
All these bitches know that you're my nigga &#128075;,all these bitches know that youre my nigga,0,0,0.01443738809161189
My teacher called my mom cus I was eating in class ... -.- fucking bitch,my teacher called my mom cus i was eating in class fucking bitch,0,0,0.018563544152604472
RT @Poochda63: They're YOUNG LADIES RT @BodiedXO: @Poochda63 you got hoes,rt theyre young ladies rt you got hoes,0,0,0.0050843769336462435
RT @JayAllDay612: A hoe is gonna be a hoe no matter what,rt a hoe is gonna be a hoe no matter what,0,0,0.0026445023177928597
RT @Woody_AFC: @_WhitePonyJr_ @ivanrabago_ no doubt about it. I mean its cute tossing around trash cans and having 98lb Mexican boys wantin&#8230;,rt no doubt about it i mean its cute tossing around trash cans and having 98lb mexican boys wantin,0,0,0.017768930087567872
not fun @DPD_UK when you have braxton hicks and cramps regularly from moving around. You try it!,not fun when you have braxton hicks and cramps regularly from moving around you try it,0,0,0.0704882341187301
No one can take your woman. They can only take your hoe.,no one can take your woman they can only take your hoe,0,0,0.01103841439118633
RT @KillPiffy: You unhappy Scrappy? I got Pataki at me. Bitches say I'm tacky daddy. Range look like Laffy Taffy.,rt you unhappy scrappy i got pataki at me bitches say im tacky daddy range look like laffy taffy,0,0,0.007372596604045473
"""Roberto you are one nasty hoe""",roberto you are one nasty hoe,0,0,0.022076518980953436
RT @HBCUfessions: I know if my bf breaks up w/ me I'll become the biggest hoe of all time &amp;probably fuck anyone who looks my way bc id be s&#8230;,rt i know if my bf breaks up w me ill become the biggest hoe of all time ampprobably fuck anyone who looks my way bc id be s,0,0,0.018956494851934885
RT @urinnerdevil: ur typical twitter hoe http://t.co/YJE9LUnWVp,rt ur typical twitter hoe,0,0,0.029357661890597957
"@jakeysinclair @KamenMyPants it's that puff pass it porn up on the tablet, run up to bitch with assless chaps swearing that I'm catholic",its that puff pass it porn up on the tablet run up to bitch with assless chaps swearing that im catholic,0,0,0.0035946206449832263
"Yeah I tried and you bein all blind and shit. Lol peace, bitch.&#127797;",yeah i tried and you bein all blind and shit lol peace bitch,0,0,0.002829390334843195
Can't stand that faggot.,cant stand that faggot,1,0,0.4008927565978101
"When did gum get so soft, you sons of bitches.",when did gum get so soft you sons of bitches,0,0,0.013357588539473799
@who__CHRISJONES @WhyYouSoShort who is dis crack ass cracker,who is dis crack ass cracker,1,0,0.29337156532107855
them bitches are good lmao,them bitches are good lmao,0,0,0.007351678870083065
@FOLLOWNOVA Yooo I was thinking bout that the other day lol.. You only really speaking of one person my niggah,yooo i was thinking bout that the other day lol you only really speaking of one person my niggah,0,0,0.05007636808923804
RT @UFGatorFamily: Incase any hillbillies try to roast... &#128010;&#128010; http://t.co/LJ168KTccp,rt incase any hillbillies try to roast,0,0,0.05527802431760719
"~~Ruffled | Ntac Eileen Dahlia - Beautiful color combination of pink, orange, yellow &amp; white. A Coll http://t.co/H0dYEBvnZB",ruffled ntac eileen dahlia beautiful color combination of pink orange yellow amp white a coll,0,0,0.1641343219747932
Idgaf about these money hungry bitches,idgaf about these money hungry bitches,0,0,0.00235346346540796
"Whoo? A new attraction in Virginia City, birds of prey. Meet this owl famous for his role in Harry Potter. http://t.co/1NFSh5sCcR",whoo a new attraction in virginia city birds of prey meet this owl famous for his role in harry potter,0,0,0.015596531222122652
Haha macklemoore was just on my ferry boat bitches. That black caddy !,haha macklemoore was just on my ferry boat bitches that black caddy,0,0,0.005533503678936437
@DJ_Workmann @BigMoneyNiquee mane y'all niccas crazy af wiz old shit got niccas bitin his style n errthan,mane yall niccas crazy af wiz old shit got niccas bitin his style n errthan,0,0,0.010366407910317732
Can't be a major nigga with a minor hoe,cant be a major nigga with a minor hoe,0,0,0.03075509656650856
Damn change change niccas,damn change change niccas,0,0,0.060302279051489105
"Hold up lebron ain't at dwade wedding if he got uninvited for leaving Miami that's some hoe shit, see y'all so quick to call some1 brother",hold up lebron aint at dwade wedding if he got uninvited for leaving miami thats some hoe shit see yall so quick to call some1 brother,0,0,0.003276100616058724
"@KingLuger carne asada, Gallo pinto, tajadas verde, queso frito and a salad With milca",carne asada gallo pinto tajadas verde queso frito and a salad with milca,0,0,0.03519437095146698
@b_shiznitt you lying bitch,you lying bitch,0,0,0.032819082193589054
@ThatSlutAdrian bitch ask a day off,bitch ask a day off,0,0,0.02377604438077305
RT @ThotsLoveNike: Girlfriends hate them friendly bitches &#128514;,rt girlfriends hate them friendly bitches,0,0,0.017689525909782754
aye bitch try this,aye bitch try this,0,0,0.012353242285149432
"RT @BJayBlast: I really don't be tryna hoe nobody.. I eat, we all eat. Literally.",rt i really dont be tryna hoe nobody i eat we all eat literally,0,0,0.012840915877357873
If you balling buy yo bitch somethin,if you balling buy yo bitch somethin,0,0,0.021668859547261967
Bobby bitch,bobby bitch,0,0,0.0110308835852796
@ScanBC hoe the cookie crisp cop is on the case.,hoe the cookie crisp cop is on the case,0,0,0.020089319183886834
"RT @_JBsoprano: ""Young N****s act hard and all the bad B*****s grew up to be trash broads"" -@JaeTips",rt young ns act hard and all the bad bs grew up to be trash broads,0,0,0.006312478439790363
I find it FUNNY ASF how people will try and tell you how you should live YOUR life. Like bitch! Stay in my shadows thank you lol &#128514;&#128514;,i find it funny asf how people will try and tell you how you should live your life like bitch stay in my shadows thank you lol,0,0,0.012021454110146984
"Even though Lil Wayne's music has turned into trash, No Ceilings and I Am Not A Human Being will always be my favorites.",even though lil waynes music has turned into trash no ceilings and i am not a human being will always be my favorites,0,0,0.04911119948499602
"RT @Mymangot2JOBS_: When a bitch comment on my nigga pic like ""u so fine&#128571;&#128571;"" I @ em thirst buckets back and be like ""thanks&#128573;""",rt when a bitch comment on my nigga pic like u so fine i em thirst buckets back and be like thanks,0,0,0.0021460868865696395
24_rozay_idgt mad cuz Twan fuck his bitch&#128514; http://t.co/GoyZfOU46I,24rozayidgt mad cuz twan fuck his bitch,0,0,0.024065131566093183
"@OG_Dakota lemme just throw a 302 in it, how's the tranny??",lemme just throw a 302 in it hows the tranny,0,0,0.036085780572658974
@LessonswithKate - I'm jst fckn w/ you.&#128514; I've always wanted to jigg hella good too. we jst not wild enough to be in the circle cuz.&#128557;,im jst fckn w you ive always wanted to jigg hella good too we jst not wild enough to be in the circle cuz,0,0,0.002724040145388379
Drink up bitches,drink up bitches,0,0,0.011923879424005085
SHIT! RT @KingHov1313: I want a bitch so bad that I'd eat her in front of her kids!&#128553;,shit rt i want a bitch so bad that id eat her in front of her kids,0,0,0.0014985155672532805
Don't be fooled I kickit with niggas and bitches older then you so . . .,dont be fooled i kickit with niggas and bitches older then you so,0,0,0.04245415713087863
About all u can expect from a nicca that can barely talk! Lmao RT @SpaceJam_Teeg: @VonshayeB dude can't spell worth shit yo lol,about all u can expect from a nicca that can barely talk lmao rt dude cant spell worth shit yo lol,0,0,0.0024418842974835643
&#128073;RT @Str8_no_Chazer: Bet y'all bitches was deaf to MC Lyte's words about being treated like a queen huh,rt bet yall bitches was deaf to mc lytes words about being treated like a queen huh,0,0,0.0004634242059010235
"RT @MichaelBlackson: This tall goofy bitch just walked in the club, sit your Britney Griner lookin ass down",rt this tall goofy bitch just walked in the club sit your britney griner lookin ass down,0,0,0.013906706713028778
@Brenddan_ wow!!! Are you comin back up here? &#128514;&#128514;&#128514;&#128514; they some bitch niggas,wow are you comin back up here they some bitch niggas,1,0,0.1639234937618285
"If you see me , SPEAK bitch. !",if you see me speak bitch,0,0,0.03854674978158076
Don't throw me the pussy! Let me come get it,dont throw me the pussy let me come get it,0,0,0.008927345286353416
Annnnd you're a dyke. &#9995;,annnnd youre a dyke,0,0,0.31022027884647807
I wanna be someone's bitch ass boyfriend right now . But that just me head playin games on ya boi,i wanna be someones bitch ass boyfriend right now but that just me head playin games on ya boi,0,0,0.0034294999970058103
Why do peeps gotta be mad ghetto nowadays? Smh pull up your pants!,why do peeps gotta be mad ghetto nowadays smh pull up your pants,0,0,0.01720864503044072
Don't try and pull that fake friend shit on me bitch.,dont try and pull that fake friend shit on me bitch,0,0,0.00614973440628801
@WorldZWrestling Can we not use the word faggots?,can we not use the word faggots,0,0,0.34626857004890477
Yall trustin these hoes... I've never been that gullible,yall trustin these hoes ive never been that gullible,0,0,0.009575698233504362
RT @inmysexdreams: I love black shoes cause I can match them with anything but I also need some colored shoes,rt i love black shoes cause i can match them with anything but i also need some colored shoes,0,0,0.021243271627577127
RT @lovesexdeath_: @TonyJRodriguez im queer as a three dollar bill and my first response to her coming out was sarcastic 'wow really? never&#8230;,rt im queer as a three dollar bill and my first response to her coming out was sarcastic wow really never,0,0,0.48258326795905215
Gold diggin ass bitch lol,gold diggin ass bitch lol,0,0,0.01645222168354836
RT @__nijel: Niggas be out here loving ALL they hoes...that's a no no.,rt niggas be out here loving all they hoesthats a no no,0,0,0.12093452431207288
My shift won't be over no time so in the mean time im doing what I have to go to get by. And if it means tweeting trash I will,my shift wont be over no time so in the mean time im doing what i have to go to get by and if it means tweeting trash i will,0,0,0.016206495409021606
RT @TyDunne: Have to go with the slant pass to your outside linebacker in that situation.,rt have to go with the slant pass to your outside linebacker in that situation,0,0,0.024016459021239535
RT @Spartacunt: I should get a job at the USPS customer service number since the only requirement is being a total cunt.,rt i should get a job at the usps customer service number since the only requirement is being a total cunt,0,0,0.05486017349434679
Dat da bad thing bout being colored. Day bring me in to fight but don't vite me to da victory partay,dat da bad thing bout being colored day bring me in to fight but dont vite me to da victory partay,0,0,0.019495416096264484
"""Stop looking us and go eat some pussy, you yuppie fucks.""",stop looking us and go eat some pussy you yuppie fucks,0,0,0.007706168880449997
RT @___bria: I hate a bitch that acts like she can't be single. Get your I need a man ass on,rt i hate a bitch that acts like she cant be single get your i need a man ass on,0,0,0.08685081695356112
These chicks use what they got to get what they want. Bunch of Ronnie &amp; Trickz ass hoes.,these chicks use what they got to get what they want bunch of ronnie amp trickz ass hoes,0,0,0.03244627550003942
RT @Estellleeee: Lol bitches act hard when they stay getting they ass beat &#128514;&#128557;&#128514;,rt lol bitches act hard when they stay getting they ass beat,0,0,0.0009425519702920322
"Neverrr, play me for stupid because I'm far from it.. You bitches might be stupid. But not me &#128581;",neverrr play me for stupid because im far from it you bitches might be stupid but not me,0,0,0.02523920535420667
She fuck with me cause I ain't no bitch .,she fuck with me cause i aint no bitch,0,0,0.00929904026811441
"RT @NHLDevils: 2-2! Adam Henrique cleans up the trash in front of the net, tying the game for the #NJDevils with 11:06 left in regulation! &#8230;",rt 22 adam henrique cleans up the trash in front of the net tying the game for the with 1106 left in regulation,0,0,0.014176660497385928
You fat hoes need to exercise and diet,you fat hoes need to exercise and diet,0,0,0.0283749743840901
I dont got no type... Bad bitches is the only thang that i like! You aint got no life.. Cups with the ice and we do this every night!&#127926;,i dont got no type bad bitches is the only thang that i like you aint got no life cups with the ice and we do this every night,0,0,0.010110033894439777
This bitch really has no filter &#128528;,this bitch really has no filter,0,0,0.015867218935316837
RT @KaliKushDoll_: Lovee this bitch istg @HaveMercyyy !!! http://t.co/WkczWwG6,rt lovee this bitch istg,0,0,0.013535701151256335
#BitchSlapThursdays 2NITE PURE PASSION DOORS OPEN @ 10.... But we watching the game in that bitch too&#8230; http://t.co/IggoHWEwfh,2nite pure passion doors open 10 but we watching the game in that bitch too,0,0,0.01494346811892389
"I ride around with #notint, so all them bitches can see me &#128526;&#128522;&#128129; #JetLife &#9992;&#65039;",i ride around with so all them bitches can see me,0,0,0.014909654461523758
"@paolo Like...Charlie Chan-style? (Never saw that, either.) Hmm...makes me think of the ""Cockneys"" in the Killzone series.",likecharlie chanstyle never saw that either hmmmakes me think of the cockneys in the killzone series,0,0,0.04477500607484125
"""@CHlLDHOODRUINER: when ur teacher tells u that u have homework https://t.co/RKk5vawIj1"" this bitch need to go!!!",when ur teacher tells u that u have homework this bitch need to go,0,0,0.00690541936583418
Sendin the link to Wishy Washy to my old hoes,sendin the link to wishy washy to my old hoes,0,0,0.014843516006516984
Broke hoes always wanna argue u ain't ate all day were u get that energy from &#128514;&#128514;,broke hoes always wanna argue u aint ate all day were u get that energy from,0,0,0.007202718690429513
Omfg this tattoo hurts like a bitch #Painful,omfg this tattoo hurts like a bitch,0,0,0.008367424228721037
@Tylar____ @xxJaiLynn Tylar shut up bitch . I usta make you these,tylar shut up bitch i usta make you these,0,0,0.05622601838956257
@ImEthan_Gregory eyy that pushin one for me bro cause you know that bitch better blow hah,eyy that pushin one for me bro cause you know that bitch better blow hah,0,0,0.013894677625698314
"""@SportsCenter: USC senior RB Anthony Brown calls head coach Steve Sarkisian a racist and quits team. &#187; http://t.co/JOOsdSubIR"" he's a bitch",usc senior rb anthony brown calls head coach steve sarkisian a racist and quits team hes a bitch,0,0,0.03574685518274011
"@DizzyBala whoa, calling me a cunt?",whoa calling me a cunt,0,0,0.05942908495581126
having a blast yesterday...she even had me on the monkey bars tryna kill myself lol! http://t.co/31g1KM56,having a blast yesterdayshe even had me on the monkey bars tryna kill myself lol,0,0,0.0745250994254117
Some of you bitches are DUMBBBB,some of you bitches are dumbbbb,0,0,0.012213734167958035
People are such bitches!!! Complaining over stupid things!,people are such bitches complaining over stupid things,0,0,0.0221782571287674
RT @bubble_wrapMe: These hoes ain loyal,rt these hoes ain loyal,0,0,0.0043151656700559
"' She herd I was a dope boy , I herd she was a gold digger &#1043359; , all I know is she a real bitch , so I fuck her like a real niggah .",she herd i was a dope boy i herd she was a gold digger all i know is she a real bitch so i fuck her like a real niggah,0,0,0.003401755475793235
Music .....you make me sick bitch,music you make me sick bitch,0,0,0.024663330756938127
Drop her off? dat bitch a be walking if i wus driving....,drop her off dat bitch a be walking if i wus driving,0,0,0.038558190976716776
"RT @SeanTheTerrible: I don't care how pretty you are, if your personality is trash men are going to treat you accordingly.. That's not tru&#8230;",rt i dont care how pretty you are if your personality is trash men are going to treat you accordingly thats not tru,0,0,0.012236505217667126
RT @I_HATE_VA: Niggas be on here with these Captain Obvious ass tweets about how to treat women and these lonely low self esteem hoes be ea&#8230;,rt niggas be on here with these captain obvious ass tweets about how to treat women and these lonely low self esteem hoes be ea,0,0,0.021001985146227354
"RT @OMGitsBabyJoe: I fucked your bitch a hunned times , what the fuck your bitch got on her mind? My fuckin dick..",rt i fucked your bitch a hunned times what the fuck your bitch got on her mind my fuckin dick,0,0,0.01265356986161979
"RT @ChadRuhlig: ""Suicide Girl Hopeful"" how about getting a job hopeful, or going to school hopeful you silly bitches!",rt suicide girl hopeful how about getting a job hopeful or going to school hopeful you silly bitches,0,0,0.009761552554831732
"Uh Cody called me a punk ass bitch and I said, I think you meant to say boss ass bitch but I'll let it go ctfu &#128514;",uh cody called me a punk ass bitch and i said i think you meant to say boss ass bitch but ill let it go ctfu,0,0,0.013326207536778557
RT @daniellle_x3: I swear to god some guys are bigger bitches than girls,rt i swear to god some guys are bigger bitches than girls,0,0,0.005971932274812118
RT @LaBugg09: I love everybody ion hate these bitches,rt i love everybody ion hate these bitches,0,0,0.007587929381137625
"RT @marrybel_: maybe yall hoe ass niggas should start considering girls feelings shiii, think about if a nigga is doing what you're doing, &#8230;",rt maybe yall hoe ass niggas should start considering girls feelings shiii think about if a nigga is doing what youre doing,0,0,0.009285343706507961
Finna get 86'd cause bitches in coming at me wrong,finna get 86d cause bitches in coming at me wrong,0,0,0.04858490796433138
Big thick pretty bitch,big thick pretty bitch,0,0,0.00587035150247188
""" her pussy lips like Heaven doors "" &#128524;",her pussy lips like heaven doors,0,0,0.012507173536255233
"#ReasonsWhyWeDontGetAlong You're a hoe. Stop focusing on sucking dick, focus on getting rich",youre a hoe stop focusing on sucking dick focus on getting rich,0,0,0.010381382436082234
My mf dawggg &#128175;&#128175;&#128175;&#128584;&#128584; I miss this hoe man http://t.co/6NokkwiKRL,my mf dawggg i miss this hoe man,0,0,0.0064405098881434725
&#8220;@DrummerKid0328: Reggie gives me headaches my niggah &#128545;&#128567;&#8221;&#128175;&#128175;,reggie gives me headaches my niggah,0,0,0.05523530683479277
"Meet India&#8217;s amazing, death-defying monkey king &#8594; http://t.co/dGcmLFSIrh http://t.co/VYw3FsWwdv",meet india s amazing deathdefying monkey king,0,0,0.03245823432056995
Shoot dice let yo hoe fade me,shoot dice let yo hoe fade me,0,0,0.024882932486306523
You know people ghetto when they leave the plastic shit on their TVs,you know people ghetto when they leave the plastic shit on their tvs,0,0,0.028463841474601504
@Solyybee_ hahahah for reals he was like this bitch crazy lol,hahahah for reals he was like this bitch crazy lol,0,0,0.005317813190805341
@gallinofmilk fight me hoe,fight me hoe,0,0,0.020797141938243054
"@TimoteoSHonesto @vcortesusmc little punk, we should send his ass to Iraq for a few weeks! 
Little bitch would come home &amp; KISS THE GROUND!",little punk we should send his ass to iraq for a few weeks little bitch would come home amp kiss the ground,0,0,0.0428976859346383
And girl I've been thinkin of ways thinkin of new ways to beat that pussy down .,and girl ive been thinkin of ways thinkin of new ways to beat that pussy down,0,0,0.007260971507337518
&#8220;@CallNeeshCakey: I wanna go to this lil shit tonight...but the way how bitches faces be set up ...I be wantin to slap em when I see them&#8221;&#128553;&#128557;,i wanna go to this lil shit tonightbut the way how bitches faces be set up i be wantin to slap em when i see them,0,0,0.002372247362847119
#Lingo so A1 niccas be Tryn talk like me,so a1 niccas be tryn talk like me,0,0,0.014992695147608133
For every thirst dog lies a thirsty bitch.,for every thirst dog lies a thirsty bitch,0,0,0.005511353080139024
RT @fatandfly88: Bitches talking bout dey bout ta chill out on going out you bitches just saying dat cause its getting cold and u bitches d&#8230;,rt bitches talking bout dey bout ta chill out on going out you bitches just saying dat cause its getting cold and u bitches d,0,0,3.0368751137350528e-05
RT @AliAbunimah: The people of the ghetto are rising up and fighting back. Whose side are you on? #Gaza,rt the people of the ghetto are rising up and fighting back whose side are you on,0,0,0.031002409437655032
"If you have your friends jump into a fight, it shows that you're just an overall pussy.",if you have your friends jump into a fight it shows that youre just an overall pussy,0,0,0.050434275633733185
What do you do when you the nigga thats currently cuffin a bitch dats getting exposed? &#128514;&#128553;&#128557;&#128514;&#128514;,what do you do when you the nigga thats currently cuffin a bitch dats getting exposed,0,0,0.017031932417102113
@todd_calfee @WdmJeff Hell - was lucky to have gravel - dirt roads were a bitch,hell was lucky to have gravel dirt roads were a bitch,0,0,0.007231958543562337
If you tell a dyke she looks just like a nigga is that a compliment? I've always wondered that,if you tell a dyke she looks just like a nigga is that a compliment ive always wondered that,0,0,0.44218523907251456
I moved that niggah anyways.,i moved that niggah anyways,0,0,0.0775477867401411
@RobinColdiron those god damn bitches smh run away!!!,those god damn bitches smh run away,0,0,0.01454785707964749
"RT @bclaymoore: Dude does his girlfriend's mom, trashes her wedding. Mopes to folk rock. #explainafilmplotbadly",rt dude does his girlfriends mom trashes her wedding mopes to folk rock,0,0,0.061280242554389804
"If you got to act like you cuffing a bitch to get ass your a lame forreal &#128514; , real niggas let bitches know what it is from jump&#10071;&#65039;",if you got to act like you cuffing a bitch to get ass your a lame forreal real niggas let bitches know what it is from jump,0,0,0.0019508958281289576
"@intrepidokie nice lie #teabagger. Just because you want to see it doesn't make it real. Like Reagan was a conservative, another huge lie",nice lie just because you want to see it doesnt make it real like reagan was a conservative another huge lie,0,0,0.0023775704676722745
It's Karaoke night baby! Hi ho! Hi ho! It's off to sing I go! With a voice that sounds like sandpaper hi ho! Hi ho!,its karaoke night baby hi ho hi ho its off to sing i go with a voice that sounds like sandpaper hi ho hi ho,0,0,0.0021512106489179794
@iH8TvvitterHoes @breezyfrmdablok what do you mean nice try? I'm right nigga. You a faggot. If you wanna argue bout anything else continue,what do you mean nice try im right nigga you a faggot if you wanna argue bout anything else continue,0,1,0.5852030569837057
yo hoe will get slayed . &#128298;&#128298;,yo hoe will get slayed,0,0,0.019464686170659176
Put ya hands up if you a Grade A bitch,put ya hands up if you a grade a bitch,0,0,0.002825670668264918
RT @cotydankh: don't make me pull out the pokeflute hoe http://t.co/yFN3PdMdy1,rt dont make me pull out the pokeflute hoe,0,0,0.022390381981339087
@shitballshonkey try me bitch boy,try me bitch boy,0,0,0.01655070925642432
RT @shantybear: bitch do I entertain you? Cause you always seem to be in my business,rt bitch do i entertain you cause you always seem to be in my business,0,0,0.013599927972759364
Backdoor is open: them hoes will let you fuck em in the ass. Usually an extra charge plus the rate you agreed upon.,backdoor is open them hoes will let you fuck em in the ass usually an extra charge plus the rate you agreed upon,0,0,0.006080511627506612
And dis shit is for the birds 2 http://t.co/o1pKDhYAX9,and dis shit is for the birds 2,0,0,0.009234518627737753
@_noWashington he liked that hoe,he liked that hoe,0,0,0.01294426503151774
@imjoshdean That's hoser eh to you. http://t.co/QuLrtOWmLB,thats hoser eh to you,0,0,0.10181074511636153
"he had a song called ""Hit u from the back"" with the iconic lines ""There they go! a big ole pack of pretty bitches...""",he had a song called hit u from the back with the iconic lines there they go a big ole pack of pretty bitches,0,0,0.0030622764714370843
"&#8220;@CallMeGb__: ""@BrittNaomi_: LMAO RT @ElEpicoRu: Tempted to send this http://t.co/ouc9KE3SCN"" ""fuckin hoe"" lmao&#8221;&#128557;&#128557;",lmao rt tempted to send this fuckin hoe lmao,0,0,0.012704485801546303
Honestly if the most hoodiest ratchet bitch asked me to her prom I'm in dere,honestly if the most hoodiest ratchet bitch asked me to her prom im in dere,0,0,0.005682797874696522
@JuniorMaye8 jus exsposin hoes on a whole different level &#128557;&#128514;,jus exsposin hoes on a whole different level,0,0,0.016779293377516807
@erinscafe If I have to watch baseball I actually go for the Mets because Jon Stewart. And fuck the Yankees.,if i have to watch baseball i actually go for the mets because jon stewart and fuck the yankees,0,0,0.022036077221059457
RT @nateturnboy: You left prom camping first day cause you're a bitch boy.,rt you left prom camping first day cause youre a bitch boy,0,0,0.006631795384047362
"""@Migsmichelen: This new twitter is confusing the shit out of me."" Go back to south america bitch",this new twitter is confusing the shit out of me go back to south america bitch,0,0,0.06025038745673605
Makem eat my ass since eating pussy ain't major nomore &#128175;&#128553;&#128514;&#9996;&#65039;&#128584;&#128129;&#128079;&#128522;,makem eat my ass since eating pussy aint major nomore,0,0,0.0035132426402822484
"Know why birds don't wear pants?
Cause their pecker's in the way",know why birds dont wear pants cause their peckers in the way,0,0,0.004733780626311924
iggy wanna be black so bad. ur a white widow hoe,iggy wanna be black so bad ur a white widow hoe,0,0,0.07377379206360728
"Saw this little freshman ho with what looked like spiked dog collar (stupidest shit ever) so everytime I saw her I said ""so sexy"" lmao",saw this little freshman ho with what looked like spiked dog collar stupidest shit ever so everytime i saw her i said so sexy lmao,0,0,0.0044381864589654344
@THEHermanCain @redskins I'm not a liberal &amp; I support changing the name. It transcends standard political grandstanding.,im not a liberal amp i support changing the name it transcends standard political grandstanding,0,0,0.1605709563579365
"RT @WhatTheFFacts: There is a company which sells menstrual pads for pet dogs called ""bitch diapers"".",rt there is a company which sells menstrual pads for pet dogs called bitch diapers,0,0,0.008142017358150294
"Talk alot of shit, but if I want ill put u on the spot so don't test me bitch!",talk alot of shit but if i want ill put u on the spot so dont test me bitch,0,0,0.009296010222243757
RT @Anisa_So_Thick: Now let me write your mom since I have her address &amp; let her know her daughter is in Miami selling pussy for $85 &#128536;,rt now let me write your mom since i have her address amp let her know her daughter is in miami selling pussy for 85,0,0,0.0008409089199051613
Can you let me stretch that pussy out or nahhh,can you let me stretch that pussy out or nahhh,0,0,0.012721369919557378
I already know I'm about to buy so many bitches drinks tonight that I'll never fuck but life's all about hits and misses. Gotta take chances,i already know im about to buy so many bitches drinks tonight that ill never fuck but lifes all about hits and misses gotta take chances,0,0,0.0042735060438959145
@CapoDaAssHole @Alejandro_Bihhh all hoes singing it too,all hoes singing it too,0,0,0.012819058731127063
"Okay, kids. #RickAndMorty just came on. That's how I know I'm tweeting WAY TOO LATE on a #Sunday night. #booya #bitches&gt; I'm outta here&gt;",okay kids just came on thats how i know im tweeting way too late on a night gt im outta heregt,0,0,0.029084092149793756
RT @Swishas_Erbs: &#8220;@Vonteeeeee: 90% of the black girls at my school are ghetto AF&#8221; 98.6%,rt 90 of the black girls at my school are ghetto af 986,0,0,0.038915921425887616
RT @MyDickIsCalled: My dick is called Taco Bell because bitches love it in their mouths but hate it in their ass.,rt my dick is called taco bell because bitches love it in their mouths but hate it in their ass,0,0,0.013170794095406621
RT @iSell_Pussy4EBT: This bitch really happy she got 60k followers from getting kicked out of a moving car by her abusive bf and almost dyi&#8230;,rt this bitch really happy she got 60k followers from getting kicked out of a moving car by her abusive bf and almost dyi,0,0,0.0015945323653412495
"RT @CBurrAndJamal: Mom: ""What happened to ___ *insert old friend name*? You used to be close."" Me: ""Fuck that bitch.""",rt mom what happened to insert old friend name you used to be close me fuck that bitch,0,0,0.02519771959668538
"@RobertGBeckel: ""Do you know how good Ho-Ho's are at 2am?"" @AndreaTantaros answers, ""You haven't given up all your ho-ho's."" Whoa. @TheFive",do you know how good hohos are at 2am answers you havent given up all your hohos whoa,0,0,0.018356370246476596
"RT @SarccasmicTw: Twitter has a bird as its logo, that's why when you join you're an egg. And your home button is a birdhouse. Why am I jus&#8230;",rt twitter has a bird as its logo thats why when you join youre an egg and your home button is a birdhouse why am i jus,0,0,0.0033670790224692667
"Idk who tf Roro &amp; Sophie are, but I'm glad they got bitches twerkin for the vine in they whips",idk who tf roro amp sophie are but im glad they got bitches twerkin for the vine in they whips,0,0,0.003234700042082322
"""I'm a funky ass honkey."" - @jtimberlake 's shout out to @macklemore tonight before ""Cabaret"" &#128514; #JT2020Tour",im a funky ass honkey s shout out to tonight before cabaret,0,0,0.0611264127543915
U bitches still fuccin bush,u bitches still fuccin bush,0,0,0.011101536238364238
N then the hoe sooooo ugly like bitch you ugly dog like dumb stupid ass ugly like &#128514;&#128514;&#128514;&#9996;&#65039;&#128129;&#128581;&#128076;&#128080;&#128080;,n then the hoe sooooo ugly like bitch you ugly dog like dumb stupid ass ugly like,0,0,0.3240893696360419
RT @chasingstaxx: If your girl is upset and crying..let her cry...she needs to learn how to stop being a pussy. Toughen up,rt if your girl is upset and cryinglet her cryshe needs to learn how to stop being a pussy toughen up,0,0,0.0940657365612197
@TweetfrmtheSole it&#8217;s the entire pats bandwagon. They&#8217;re faggots,it s the entire pats bandwagon they re faggots,1,1,0.5478706221754278
@Z_MEGA fasho fasho .. Hurry ya ass up nicca,fasho fasho hurry ya ass up nicca,0,0,0.026817338033823808
RT @zoejoiner: if you're gonna trash talk my piercings don't say it in front of my best friends &#128514;&#128514;&#128514;&#128514;,rt if youre gonna trash talk my piercings dont say it in front of my best friends,0,0,0.005160052373895054
Don't be a little bitch or I'll do this to you:) http://t.co/dty2geaVkE,dont be a little bitch or ill do this to you,0,0,0.011709123642021112
@TheIslamHeretic @WarMachine_83 @BasimaFaysal @MariamVeiszadeh cause it would their tip hand instead they whine like little bitches=&gt;,cause it would their tip hand instead they whine like little bitchesgt,0,0,0.011397480265233484
RT @thecoreyholcomb: You are who you kick it wit y'all. Check yo squad- if busters &amp; blameamotherfucker ass bitches surround U it's twice a&#8230;,rt you are who you kick it wit yall check yo squad if busters amp blameamotherfucker ass bitches surround u its twice a,0,0,0.01862116718632145
&#8220;@NeeBaddAzz: why amanda bitch ass eva cheat on fizz fine ass? ion geddit&#128564;&#8221; theres more to a nigga than his looks.. Thought yall knew dat?&#128564;,why amanda bitch ass eva cheat on fizz fine ass ion geddit theres more to a nigga than his looks thought yall knew dat,0,0,0.1077339480752969
@JaiBrooks1 ur brother looks so queer and ugly,ur brother looks so queer and ugly,1,0,0.3499147035575506
@ILIKECATS74 @bootyacid @sizzurp__ @yoPapi_chulo @brandonernandez because you're the ratchetest of them all bitch,because youre the ratchetest of them all bitch,0,0,0.017374269875610616
"Foley Abduction Linked to British Jihadi Kidnapping Ring http://t.co/X6SIP3woXb via @joshrogin, @elilake",foley abduction linked to british jihadi kidnapping ring via,0,0,0.012409915713184873
@Mijo_LGI all I heard was I'm a bitch nigga,all i heard was im a bitch nigga,0,0,0.03567823752592646
That awkward moment when a hoe says she's not a hoe.,that awkward moment when a hoe says shes not a hoe,0,0,0.008127738790096142
You got hoes really out there titty twerkin &#128584;&#128584;&#128584; https://t.co/1Cc7GU4e7O,you got hoes really out there titty twerkin,0,0,0.020139556687302256
"The Office, fuzzy socks, and my favorite blanket is literally all I need in life rn",the office fuzzy socks and my favorite blanket is literally all i need in life rn,0,0,0.0378900490464159
Ian watch Maury in so long ..Maury wear jeans on the show now.. I guess he like f**k I need to dress up for these ghetto ass ppl anymore,ian watch maury in so long maury wear jeans on the show now i guess he like fk i need to dress up for these ghetto ass ppl anymore,0,0,0.012729960981278649
"De Niro's wife in Casino is the second biggest cunt of all time, first is still George's mother in Blow",de niros wife in casino is the second biggest cunt of all time first is still georges mother in blow,0,0,0.09364346226936913
"Ay fuck wieners, remember to eat before you drink and remember to drink water while you're drinking and also to go eat shit you pussy head.",ay fuck wieners remember to eat before you drink and remember to drink water while youre drinking and also to go eat shit you pussy head,0,0,0.0014178454612339192
These side bitches winning son ...,these side bitches winning son,0,0,0.015331475161918897
&#8220;@Leslieeeixta: @Vikyfdez15 fuck up bitch &#128530;&#8221; get out mi house &#127969;&#128074;&#128581;&#128514;,fuck up bitch get out mi house,0,0,0.027100425041051972
"RT @TheVibeKing: I didn't go wrong when I started talking to you, I went wrong when I trusted your bitch ass",rt i didnt go wrong when i started talking to you i went wrong when i trusted your bitch ass,0,0,0.01606971685350046
Lol!! &#8220;@ItzSweetz_Bitch: Ooop! QT @TiFFANY_P0RSCHE: You little twats.&#8221;,lol ooop qt you little twats,0,0,0.03759445501101079
@TedNugent Why werent you so gung ho when you got drafted instead of shitting yourself? You seem like another Repcon Chicken hawk..,why werent you so gung ho when you got drafted instead of shitting yourself you seem like another repcon chicken hawk,0,0,0.05078451278344245
RT @AP: Lifelong Yankee fan puts aside rooting interest and returns lost Red Sox World Series ring to rightful owner: http://t.co/GDLcpWDNoo,rt lifelong yankee fan puts aside rooting interest and returns lost red sox world series ring to rightful owner,0,0,0.0008705404888797161
"all them ""model"" hoes follow a nigga...""blow up""...an then hit the infamous imma only follow 25 people wave...",all them model hoes follow a niggablow upan then hit the infamous imma only follow 25 people wave,0,0,0.003093264477034188
&#8220;@239rell: If you got paid 2million dollars to eat a nugget of shit would u eat it?&#8221; Smash that bitch,if you got paid 2million dollars to eat a nugget of shit would u eat it smash that bitch,0,0,0.00388233258763118
@TexasHumor drinking a bitch beer outta a badass kuzie,drinking a bitch beer outta a badass kuzie,0,0,0.01979710158702956
RT @oddfuckingtaco: Damn I hate a bitch that like to argue and shit,rt damn i hate a bitch that like to argue and shit,0,0,0.013279996065971592
"RT @StopBeingSober: Yall say ""Why you dating lil girls"" like mature hoes just on a rampage outside.",rt yall say why you dating lil girls like mature hoes just on a rampage outside,0,0,0.00233745114363796
RT @Kevineffinskaff: My idea of a diet is eating regular Oreos instead of double stuft and takin off half the cookie (still dip it in 2% ...,rt my idea of a diet is eating regular oreos instead of double stuft and takin off half the cookie still dip it in 2,0,0,0.004992778000048411
"I'd like to see someone try to hit me off. Joke's on you bitch, I don't have internet!",id like to see someone try to hit me off jokes on you bitch i dont have internet,0,0,0.0702770717095126
I love me some chunky babies &#128525;&#128525;,i love me some chunky babies,0,0,0.051715899065645464
RT @adubbFFamous: &#8220;@4MeSheWILL: Bring winter back... This 70 degrees at 7 am shit is for the birds&#8221;---Get The Fukkk Outta Here Bro!!,rt bring winter back this 70 degrees at 7 am shit is for the birds get the fukkk outta here bro,0,0,0.0031062210721535446
Ankles &#128128;&#128514;&#8220;@Saina_faal: &#8220;@martian_Mulah: Hood bitches with long weave is the worst thing ever&#8221; weave that be touching their ashy ankles &#128567;&#8221;,ankles hood bitches with long weave is the worst thing ever weave that be touching their ashy ankles,1,0,0.00347205582504841
"running the game for 5 years guess that's why my feet hurt , wonder when they bite me do these bitches teeth hurt &#9995;&#128175;",running the game for 5 years guess thats why my feet hurt wonder when they bite me do these bitches teeth hurt,0,0,0.00034341340290763536
Only for one reason cause a bitch wont go gay . If your name nt smurf . I see noone,only for one reason cause a bitch wont go gay if your name nt smurf i see noone,0,0,0.09419744138151939
RT @BkBap: ...like to have a seat on it. I also don't assume that because a woman contributes to a sex convo that means her pussy is open f&#8230;,rt like to have a seat on it i also dont assume that because a woman contributes to a sex convo that means her pussy is open f,0,0,0.0008041149413037706
RT @antglizzygg: Ain't Talk 2 My Mova N A Week First Thing She Say Is Where Shy An Benny &#128514;,rt aint talk 2 my mova n a week first thing she say is where shy an benny,0,0,0.0053465853707067735
RT @OhLawdItsNiesha: I swear that bitch.... can not talk... but I love her attitude bruh.. #LHHATL,rt i swear that bitch can not talk but i love her attitude bruh,0,0,0.00340738840151774
RT @RihannaHasAids: aight game over. dykes had to ruin it http://t.co/o0CAn6gb1p,rt aight game over dykes had to ruin it,1,0,0.025201802791655993
Bill Cosby stealing pussy,bill cosby stealing pussy,0,0,0.03949826943892856
"""@HiImJoriB: I would wife a hoe only cuz we wouldn't care that we cheating in each other."" ...why force the relationship in the first place?",i would wife a hoe only cuz we wouldnt care that we cheating in each other why force the relationship in the first place,0,0,0.014219969850355669
@ImSoLK 1v1 gun game pussy,1v1 gun game pussy,0,0,0.020212173447402854
RT @SeoRedondo: If a bitch tries to get crazy tomorrow http://t.co/bY1j7hmQ3Z,rt if a bitch tries to get crazy tomorrow,0,0,0.0030500617171807264
Who doesn't want a bad bitch?,who doesnt want a bad bitch,0,0,0.008633991291068907
"Here I go! Welcome to the titty show. Typa ass i see in a video. When I fuck, nut in you like a silly hoe. http://t.co/MsFzie1MAE",here i go welcome to the titty show typa ass i see in a video when i fuck nut in you like a silly hoe,0,0,0.0594920137401811
My homeboy got a hoe number on house arrest ... i said that's good she won't ask to go anywhere,my homeboy got a hoe number on house arrest i said thats good she wont ask to go anywhere,0,0,0.006294321014919655
@CallNeeshCakey &#128514;&#128514; bitches aint shit,bitches aint shit,0,0,0.004830036444613745
If anyone wants to bring me a sweet tea to my party.. That'd make my bday perfect.. Well that and cracker barrel &#128525;&#128525;,if anyone wants to bring me a sweet tea to my party thatd make my bday perfect well that and cracker barrel,0,0,0.0363633088885195
@coryw182 I'm tired bitch &#128532;,im tired bitch,0,0,0.01652888649539583
There's a lot of big booty bitches at pharr gym &#128563;&#128584;&#127825;,theres a lot of big booty bitches at pharr gym,0,0,0.0026168966755507643
They call me chief weak bitch,they call me chief weak bitch,0,0,0.007279236316843328
RT @thirlrection: I will fight a bitch for Austin that's my gringo right there ain't no one messing with my white chocolate drop,rt i will fight a bitch for austin thats my gringo right there aint no one messing with my white chocolate drop,0,0,0.02872961769942742
"RT @PlMPCESS: A silent protest in Philadelphia, performance artists protest the murder of Mike Brown while passerby's mock it. http://t.co/&#8230;",rt a silent protest in philadelphia performance artists protest the murder of mike brown while passerbys mock it,0,0,0.022658396177833155
@kieffer_jason pussy nigga it's the same term,pussy nigga its the same term,0,0,0.06816959869201038
She a true boss bitch I respect her,she a true boss bitch i respect her,0,0,0.028916566016013907
@justezzzee @NoleyDunlap and why would I want my girl to stand up for me if im the man you are a bitch for letting her do that,and why would i want my girl to stand up for me if im the man you are a bitch for letting her do that,0,0,0.006861661053159175
"RT @Yankees: Analyzing the impact of Masahiro Tanaka on #SpringTraining Daily, brought to you by @YankeesonDemand: http://t.co/L2gJboDNkM",rt analyzing the impact of masahiro tanaka on daily brought to you by,0,0,0.028954589758078162
RT @AmPowerBlog: @velvethammer Parent in Phoenix Says Administrators Made Her Son Wear Pink Fairy Wings on First Day of High School http://&#8230;,rt parent in phoenix says administrators made her son wear pink fairy wings on first day of high school,0,0,0.03592450825504403
RT @FightCIubs: Resisting the urge to smack a bitch http://t.co/kwe5j13O9b,rt resisting the urge to smack a bitch,0,0,0.017531527540321543
"I'll be a bitch if I have to. I don't like to be, but f*ck with me and it'll happen.",ill be a bitch if i have to i dont like to be but fck with me and itll happen,0,0,0.019377813447506016
@Pepper_Redbone @Yankees Just getting in! I hope so. Cause they stunk it up last night.,just getting in i hope so cause they stunk it up last night,0,0,0.04343674448550414
If you act like a fucking retard when your high it's over mane stay away from me.,if you act like a fucking retard when your high its over mane stay away from me,0,0,0.1605945495977779
RT @drunksixthgrade: dont mind me im just over here tryin to teach ur bitch how to dougie,rt dont mind me im just over here tryin to teach ur bitch how to dougie,0,0,0.01809781379059679
Egypt? R the muzzie Bros still running things? .@PeterClifford1: @TurtleWoman777 Only a tad better. Certainly no respectors of Dem though,egypt r the muzzie bros still running things only a tad better certainly no respectors of dem though,0,0,0.11368889772849317
RT @ImNeverChillin: Bitches hate kim k &amp; bring up she sucked dick too get famous . Yall bitches suck dick &amp; barley get a text back soooooo &#8230;,rt bitches hate kim k amp bring up she sucked dick too get famous yall bitches suck dick amp barley get a text back soooooo,0,0,0.0030670161873083026
"""@LaFlareGodJosh: Gucci Mane in jail and dropping mixtapes every month and you hoes can't even text back""",gucci mane in jail and dropping mixtapes every month and you hoes cant even text back,0,0,0.004938592303598786
I jus wanna live good stay fresh and fuck bad bitches! &#128076;&#128175;,i jus wanna live good stay fresh and fuck bad bitches,0,0,0.010621598141500977
"RT @illWill_Trippy: ""@marcellusrexxx: &#8220;@Bitchimgoonin: &#8220;@yoooodem: this bitch real nasty &#128518; https://t.co/FXi7gkAuh2&#8221; &#128563;&#8221;&#128563;&#128563;"" ah need her &#128076;",rt this bitch real nasty ah need her,0,0,0.0010509874987365392
"A white lighter is bad luck, not yellow ur stupid",a white lighter is bad luck not yellow ur stupid,0,0,0.21419598689437144
"RT @yNeverEleven: @VernNotice ""you don't want to play cs:go you're a bitch!"" ""no I won't play fucking league of legends that game is shit I&#8230;",rt you dont want to play csgo youre a bitch no i wont play fucking league of legends that game is shit i,0,0,0.05560416504375138
"RT @AprilStearns: RT @GN192 Far right hero and all-around RWNJ D'Souza took to twitter on Thanksgiving to mock Trayvon Martin, a murdered k&#8230;",rt rt far right hero and allaround rwnj dsouza took to twitter on thanksgiving to mock trayvon martin a murdered k,0,0,0.003191575115581004
"lrt I just did
im saddened bc she been tweeting like a hoe",lrt i just did im saddened bc she been tweeting like a hoe,0,0,0.005380922591922161
&#8220;@MoneyYoung They not evn hoes in silence anymore&#8221;proud of it .... then want respect,they not evn hoes in silence anymore proud of it then want respect,0,0,0.01229752503248764
"RT @SwiperTheFaux: ""Aye fam you think you can line me up I saw a bad bitch in Mrs. Bridget's class"" http://t.co/HpMfVgp3zg",rt aye fam you think you can line me up i saw a bad bitch in mrs bridgets class,0,0,0.0019759717516443314
Stop giving these hoes half azz Dick plow it deep make her scream nd cream http://t.co/hwBWj9ui,stop giving these hoes half azz dick plow it deep make her scream nd cream,0,0,0.004098683669470017
"RT @Oreo: Woah, the depth of this Ollusion is unreal. #Ollusions http://t.co/fuiVThvZyN",rt woah the depth of this ollusion is unreal,0,0,0.042790214373504214
"@whatupag at least it's not antville, because thats for cunts.",at least its not antville because thats for cunts,0,0,0.0528762014310205
@T_Kelllz not only that.. after he pushed him he stepped back lolol. That was some pussy shit,not only that after he pushed him he stepped back lolol that was some pussy shit,0,0,0.00977059961610492
"Amanda Bynes is crazy, idc what else y'all wanna call it but da bitch been crazy.",amanda bynes is crazy idc what else yall wanna call it but da bitch been crazy,0,0,0.0020214893493688416
These bad bitches really ain't that bad when you see a pic of Aaliyah,these bad bitches really aint that bad when you see a pic of aaliyah,0,0,0.0019352795810045767
Fuck you bruh Ima look at your young bitch..,fuck you bruh ima look at your young bitch,0,0,0.02152855557413602
them jants be clutch for bedtime tho &#128514;&#128557;,them jants be clutch for bedtime tho,0,0,0.033261774029501305
Is Wayne Brady gonna have to smack a bitch?,is wayne brady gonna have to smack a bitch,0,0,0.019047962591653114
@MosoKnowso @ShaeGreyyy thats a goddamn terrible joke you gbe lookin bitch,thats a goddamn terrible joke you gbe lookin bitch,0,0,0.011021712111351658
@FreeAJay you understand you look like a real life dyke right? Like you look like a WNBA dyke bro. A sports bra &amp; bball shorts wearing dyke,you understand you look like a real life dyke right like you look like a wnba dyke bro a sports bra amp bball shorts wearing dyke,1,1,0.8878008543341935
@dustincmc @KevinKillsThngs ghetto=black,ghettoblack,0,0,0.05020372358796218
@REM_2014 biiiiiiiitch don't start with this again haha my niggggg grandma come over hoe!! If ya want I'll try to scoop ya up today if ya,biiiiiiiitch dont start with this again haha my niggggg grandma come over hoe if ya want ill try to scoop ya up today if ya,0,0,0.0004054343929865538
RT @TheCockiestMan: Do I have time for these hoes? http://t.co/OHKWCg9ldW,rt do i have time for these hoes,0,0,0.014620789285108121
RT @TrillZo_QMG: Girls with good pussy are possessed by demons its a fact,rt girls with good pussy are possessed by demons its a fact,0,0,0.003322509518268664
RT @DestroTheNoble: I don't support that ya idiot. And if I'm a teabagger you're being teabagged. #OpenWide @nekolin @1SleepingGiant,rt i dont support that ya idiot and if im a teabagger youre being teabagged,1,0,0.12269396512306216
"#Yankees Primo! Just got home and the Tanks are on MLB. Finally! And they are winning! Even better. Time to get serious, Sept call up time",primo just got home and the tanks are on mlb finally and they are winning even better time to get serious sept call up time,0,0,0.04724023408292809
@MidwestXPride have her learn the first 30 seconds of Flesh and the Power it Holds- Death. That riff would be cool for a bird to do lol,have her learn the first 30 seconds of flesh and the power it holds death that riff would be cool for a bird to do lol,0,0,0.004658975082123454
If u bad niggas a really play nice to get to the pussy then... that ass gone &#128514;,if u bad niggas a really play nice to get to the pussy then that ass gone,0,0,0.019340161918162818
RT @DrunkOrton: No shave November... AKA the month I crush the most pussy. Let the free muzzy rides begin baby.,rt no shave november aka the month i crush the most pussy let the free muzzy rides begin baby,0,0,0.010506270553758804
None of my bitches can stay over,none of my bitches can stay over,0,0,0.012699228251957089
@vodkapapixo alot of these bitches themselves aint shit either....birds of a feather flock together,alot of these bitches themselves aint shit eitherbirds of a feather flock together,0,0,0.004212872618986734
#Fact females that tweet ALL the dayum day r hoes that need attention #ijs #wontgetme,females that tweet all the dayum day r hoes that need attention,0,0,0.013508072892338418
RT @DumbTo: Polly want a cracker? #DumbTo http://t.co/zC8MlwnEUc,rt polly want a cracker,0,0,0.16119678986113026
Looking back I liked colored better. Let's go back to that,looking back i liked colored better lets go back to that,0,0,0.030640192942244505
Dis bitch by my side and I'll never be broken. http://t.co/Nd2YtJkxgv,dis bitch by my side and ill never be broken,0,0,0.027248155883049567
@SarahAuten bitch slap that asshole....with a chair!,bitch slap that assholewith a chair,0,0,0.008183693990519573
@gmalko1 @jakeywakeyz a hour you're home and chillin and I'm working pussy &#128536;,a hour youre home and chillin and im working pussy,0,0,0.01928154499675822
"RT @iam_KandiRaven: ""You gotta be able to keep a bitch on her feet or she'll be on her knees with the next nigga.""",rt you gotta be able to keep a bitch on her feet or shell be on her knees with the next nigga,0,0,0.01411639363174386
"RT @TOBINSUPREME: y does every female think every nigga they come across is in love w them?
bitch I could leave u , smoke a blunt &amp; forget &#8230;",rt y does every female think every nigga they come across is in love w them bitch i could leave u smoke a blunt amp forget,0,0,0.003396673064796217
"cleaned all the bird nests out of the downspouts and ready for more rain, the baby birds are out now. respect the birds.....and bees (:",cleaned all the bird nests out of the downspouts and ready for more rain the baby birds are out now respect the birdsand bees,0,0,0.0005943435365217614
Gotta bad red bone that look something like Ashanti,gotta bad red bone that look something like ashanti,0,0,0.00859512937644331
RT @Talkmaster: People who would vote for Charlie Crist and Michelle Nunn are why our founders did NOT put a right to vote in our Constitut&#8230;,rt people who would vote for charlie crist and michelle nunn are why our founders did not put a right to vote in our constitut,0,0,0.00350654997301121
Come get this catfish pussy,come get this catfish pussy,0,0,0.01666115997096567
Dese bitches actin like they loyal give dat hoe a Oscar &#127942;&#128564;&#128530;,dese bitches actin like they loyal give dat hoe a oscar,0,0,0.006525398376153315
do you think all the rice fags are at McDonald's?,do you think all the rice fags are at mcdonalds,1,1,0.6681042564299889
RT @EnglandBailey: Happy birthday to the nicest faggot ever &#128129; http://t.co/vZygNI9qtQ,rt happy birthday to the nicest faggot ever,0,1,0.543307412022412
RT @Heissarcastic: Pop a molly? Why don't some of you hoes start popping birth control,rt pop a molly why dont some of you hoes start popping birth control,0,0,0.0022664735955047056
@THEdrewm3 bitch smd,bitch smd,0,0,0.015965330716316832
"RT @nikkilenn: I promise, the last thing you wanna do is be a bitch to my sister in front of me. Don't poke the lion ..",rt i promise the last thing you wanna do is be a bitch to my sister in front of me dont poke the lion,0,0,0.014673089191685657
Biker gang looking ass bitches with titty tats. Foh sons of anarchy.,biker gang looking ass bitches with titty tats foh sons of anarchy,0,0,0.020864163515417377
"Know that karma's TOO REAL, hope you doin' cool.. But still stupid ass bitch, I ain't fuckin' with yoooou.",know that karmas too real hope you doin cool but still stupid ass bitch i aint fuckin with yoooou,0,0,0.01503520747039637
RT @WatchMyJumper: Seen theses niggas lose it all over a basic bitch,rt seen theses niggas lose it all over a basic bitch,0,0,0.016770121370605812
RT @Bigboybeezy: If you a hoe on the internet you a hoe irl,rt if you a hoe on the internet you a hoe irl,0,0,0.008464093181080224
I tld that hoe 2 wrongs dnt make a rite now she wanna sing,i tld that hoe 2 wrongs dnt make a rite now she wanna sing,0,0,0.02403364705666416
If a bitch choosin let her choose lmao that is all !,if a bitch choosin let her choose lmao that is all,0,0,0.004221877734053714
"Why don't you text your own mom, dumb bitch.",why dont you text your own mom dumb bitch,0,0,0.007649079322960936
RT @kxngtae: niggas will cheat on a girl then stalk her and call her a hoe for moving on. talking bout she gave up too quick,rt niggas will cheat on a girl then stalk her and call her a hoe for moving on talking bout she gave up too quick,0,0,0.03570251863245094
This bitch has two jobs and is starting school on the 26th. #fuckwhatyouheard,this bitch has two jobs and is starting school on the 26th,0,0,0.04040309578886473
All that but the bitch can't take a joke. @itsz_princessz @IGGYAZALEA,all that but the bitch cant take a joke,0,0,0.03030034831962305
RT @TalibKweli: Do you want to hear the truth or are you only looking to hear what makes you feel all warm and fuzzy inside? I choose truth&#8230;,rt do you want to hear the truth or are you only looking to hear what makes you feel all warm and fuzzy inside i choose truth,0,0,0.027503470479145184
@kiara_curry i know im so kidding. Some of BET is funny. I love when blacks call eachother ignorant and niggers. Makes me not have to,i know im so kidding some of bet is funny i love when blacks call eachother ignorant and niggers makes me not have to,1,0,0.08204412567743627
"@nekolin @DestroTheNoble naaaa, just the faggots! So....I guess you wouldn't be around very long....would ya!",naaaa just the faggots soi guess you wouldnt be around very longwould ya,0,0,0.17317102619192037
A bad bitch who knows her cars&gt;&gt;&gt;,a bad bitch who knows her carsgtgtgt,0,0,0.007756124389254467
"RT @LRTC1: Magnus the ""team leader"" was particularly rude and unhelpful. As opposed to Charlie, who just blatantly lied. Awful service. @s&#8230;",rt magnus the team leader was particularly rude and unhelpful as opposed to charlie who just blatantly lied awful service,0,0,0.011239297035965174
@ToddIrwin1 NFL... Forgetabout they got until February. It's the pennant race. Let's Go Yanks.,nfl forgetabout they got until february its the pennant race lets go yanks,0,0,0.09085194603189235
@Billythathird @matt_sliwinski copy my tweet again you ginzo,copy my tweet again you ginzo,0,0,0.03807188688169492
RT @ChrisPalmerNBA: Udonis talking some big trash to Lance. LeBron holds him back.,rt udonis talking some big trash to lance lebron holds him back,0,0,0.033066707499487605
"Charlie Crist Losing 50,000 Florida Jobs To Raise Minimum Wage Is &#8216;Worth It&#8217; - Conservative Byte http://t.co/y3JYJ2Yf4L via @conservativebyt",charlie crist losing 50000 florida jobs to raise minimum wage is worth it conservative byte via,0,0,0.00110157074393982
Wow. No yellow yet? = Pagenaud and Marco screwed. Maybe no yellow coming,wow no yellow yet pagenaud and marco screwed maybe no yellow coming,0,0,0.016421112540201684
RT @Lady_Trucker: To Fez: Your nipples couldn't be covered by two trash can lids. @RonnieBquotes,rt to fez your nipples couldnt be covered by two trash can lids,0,0,0.04566157908540347
she thru me dat pussy but I never caught it... u asking me why yo.. it got to much mileage,she thru me dat pussy but i never caught it u asking me why yo it got to much mileage,0,0,0.005929564948139784
&#8220;@DammitSlimm: ppl who think webbie betta then boosie jus retarded&#8221;,ppl who think webbie betta then boosie jus retarded,0,0,0.08727457910408724
"RT @TooRacist: Some black guy at my school asked if there were colored printers in the library.

""It's 2014 man you can use any printer you&#8230;",rt some black guy at my school asked if there were colored printers in the library its 2014 man you can use any printer you,1,0,0.009150552987484547
@__angieex3 Ik you were pussy,ik you were pussy,0,0,0.013496118737064085
"He ain't shit girl, &#128175;he a bitch made nigga !",he aint shit girl he a bitch made nigga,1,0,0.029947487052984553
RT @BlissTabitha: Homeowner Shoots Armed Suspect Who Attacked and Pistol Whipped Him http://t.co/VLuEwUGclg,rt homeowner shoots armed suspect who attacked and pistol whipped him,0,0,0.046044245299574606
I could blank all you son's of bitches out #getatme #goofy #fuckmongo #naynayismongo,i could blank all you sons of bitches out,0,0,0.01877801703652622
""" bitch plz whatever """,bitch plz whatever,0,0,0.012701179966963523
shut up bitch,shut up bitch,0,0,0.05420849592127178
@Wu_Pac @bestfrycook stfu bitch,stfu bitch,0,0,0.051938264943795026
@clfrew27 bitch,bitch,0,0,0.015965330716316832
It's unbelievable to me that there are Americans who refused to kill the okies. That means all Americans weak willed trash.,its unbelievable to me that there are americans who refused to kill the okies that means all americans weak willed trash,1,0,0.1947908047011623
Never messed with a hoe that went to jail unless I didn't know her last name,never messed with a hoe that went to jail unless i didnt know her last name,0,0,0.007996694640189574
RT @L1LDebbie: So it's rude to talk about fat bitches but it's cool to talk about skinny bitches?! Cus I know alot of thick hoes on the ver&#8230;,rt so its rude to talk about fat bitches but its cool to talk about skinny bitches cus i know alot of thick hoes on the ver,0,0,0.0006132834106741742
RT @BloodBloodBIood: Valentines day is just an extra Christmas for bitches blood,rt valentines day is just an extra christmas for bitches blood,0,0,0.002322302066288328
RT @Coley_Cee: &lt;----- New Avi:) Me &amp;&amp; my two yellow bitches @No_FAKINGG &amp; @lil_aerii ',rt lt new avi me ampamp my two yellow bitches amp,0,0,0.012555934157864095
"Country music and rap music both talk about the same basic shit repetitively. Cars/trucks, bitches/women, beer/drugs. Guns lol",country music and rap music both talk about the same basic shit repetitively carstrucks bitcheswomen beerdrugs guns lol,0,0,0.01392101468482102
You're black? Your name looks Hungarian. You marry a Hunky? @JulieSczesny @ChrisLoesch,youre black your name looks hungarian you marry a hunky,0,0,0.030830747843948403
RT @Tylar____: @1stBlocJeremiah bitch shutUP,rt bitch shutup,0,0,0.0041493828698305575
RT @SteveStfler: No bitch ass chick flick will ever be as sad as this movie http://t.co/HA1u4TiOAV,rt no bitch ass chick flick will ever be as sad as this movie,0,0,0.011395351110280899
@hi_imkadie I wouldn't know cause i don't fuck with these hoes,i wouldnt know cause i dont fuck with these hoes,0,0,0.014743484123704131
"@Great_White12 get it? Bc you called yourself a tool, I called you a hoe. Bc hoes are tools hahahaha I'm so funny",get it bc you called yourself a tool i called you a hoe bc hoes are tools hahahaha im so funny,0,0,0.012279996560234829
@KimberlyyAye @Leslieeeixta I think I did my job here! Toodles to you bitches &#9996;&#65039;,i think i did my job here toodles to you bitches,0,0,0.008930518347871655
RT @dril: hoo boy... these guinea pigd love to shit. shouldn't have ordered the full dozen,rt hoo boy these guinea pigd love to shit shouldnt have ordered the full dozen,0,0,0.007494824003782057
Tattoos are about expression not meaning. One mans trash is another mans treasure &#128161;&#128176;,tattoos are about expression not meaning one mans trash is another mans treasure,0,0,0.010177730722573853
@JawShoeeAhhh @jehnayy no bitch lol,no bitch lol,0,0,0.019727189913978784
"RT @abreumegan_: Sex on 1st date dont mean you a hoe, waiting 90 days wont make you a wife, cute pics dont mean y'all happy, having a title&#8230;",rt sex on 1st date dont mean you a hoe waiting 90 days wont make you a wife cute pics dont mean yall happy having a title,0,0,0.0013732434183104868
RT @JustHad_that: Good pussy &#128166;&#128049; comes with a smart ass mouth &#128068;&#128069; &amp; a crazy ass attitude &#128530;&#128175;,rt good pussy comes with a smart ass mouth amp a crazy ass attitude,0,0,0.006800816071723771
@TheKinzieWells @chansdav all 3 :) haha. Because I'm #thinkingofyou and your #dirtylove sexxy bitch!!,all 3 haha because im and your sexxy bitch,0,0,0.005404991232202252
@LilMrsSpiffy they bout to try and hoe you next,they bout to try and hoe you next,0,0,0.009687520495548172
"""@KnightfanNeal #UCFPINKPARTY come on stay alive knights nation!!!!"" This is still the early bird special. #ComeAtMeUT",come on stay alive knights nation this is still the early bird special,0,0,0.007170530124511421
My eyes brows finna be on fleekate fleek bitch &#128514;&#128514;&#128514;&#128514;,my eyes brows finna be on fleekate fleek bitch,0,0,0.03097692524885441
RT @LynkinTheDog: @TNasty4Teen I do not love these hoes,rt i do not love these hoes,0,0,0.00806078950123151
"RT @AnnCoulter: Invite me on your show, you lying pussy. RT @Matthops82 ""Republicans are afraid of me. They don't want to talk to me."" - &#8230;",rt invite me on your show you lying pussy rt republicans are afraid of me they dont want to talk to me,0,0,0.012952929329635557
It really ain't nothin to cut that bitch off,it really aint nothin to cut that bitch off,0,0,0.020964797268695774
I just wanna fuck bad bitches,i just wanna fuck bad bitches,0,0,0.01170851837890886
@ivanrabago_ at least put a caption when stealing the pic fag lol,at least put a caption when stealing the pic fag lol,0,0,0.445231748424034
@wellheeledking I still think he is a pussy haha,i still think he is a pussy haha,0,0,0.008333182720269809
RT @crissstaaaaal: If unfollow me you're a little bitch cus you couldn't handle my tweets lol,rt if unfollow me youre a little bitch cus you couldnt handle my tweets lol,0,0,0.049756534240410225
When i bitch fuck my hologram doe,when i bitch fuck my hologram doe,0,0,0.043026369742956504
All bitches need a bus driver uppercut a Chris brown bitch slap followed by some dancing nd Chad Johnson hea http://t.co/Teuqy9hF,all bitches need a bus driver uppercut a chris brown bitch slap followed by some dancing nd chad johnson hea,0,0,0.00026437071877236605
Counting money while my bitches sleep.,counting money while my bitches sleep,0,0,0.00534749938124314
RT @FunkyDineva: Chile I'm taking greyhound everywhere from now on. Yo hoes and bout to fly me into no building or fly me over the Bermuda &#8230;,rt chile im taking greyhound everywhere from now on yo hoes and bout to fly me into no building or fly me over the bermuda,0,0,0.0026871436731506484
"&#8220;@WEEEDITH: All I want is bitches, big boooty bitches&#8221;",all i want is bitches big boooty bitches,0,0,0.0015928954583083923
Oh man. This could be a serious first ever Chanel bag contender RT @evachen212 grape-colored Chanel bags http://t.co/q8ShjIFv,oh man this could be a serious first ever chanel bag contender rt grapecolored chanel bags,0,0,0.08744430420009586
@Rvm3o bitch.,bitch,0,0,0.015965330716316832
"&#8220;@Damino96: &#8220;I&#8217;m afraid of commitment&#8221; 
-A hoe&#8221;",i m afraid of commitment a hoe,0,0,0.02655484222288981
"@SlothNG i can guarantee a few things: you're white. you've never been anywhere NEAR a real ghetto. you, or a relative is a pig. 100%",i can guarantee a few things youre white youve never been anywhere near a real ghetto you or a relative is a pig 100,1,0,0.03802921875288805
"I wonder if that Latino strategy is working?@TPM: GOPer doubles down on ""wetbacks"" but backpedals on ""shoot on sight"" http://t.co/QwlPxxsUIb",i wonder if that latino strategy is working goper doubles down on wetbacks but backpedals on shoot on sight,1,0,0.08793241998307513
"RT @MrFourTwentyy: Everybody fckn everybody bitch &amp; everybody with the shit, that's life",rt everybody fckn everybody bitch amp everybody with the shit thats life,0,0,0.01029997944764388
"Sweet baby birds, you crack me up. ~~ Houston Foodlovers http://t.co/2Idh4BatO1",sweet baby birds you crack me up houston foodlovers,0,0,0.009632579473530778
"""@soxandjox: Thick raw fuck http://t.co/g8RvUHCeBN"" Damn his man pussy is getting a workout.",thick raw fuck damn his man pussy is getting a workout,0,0,0.010759218866130309
RT @Miss_Jamieeee: &#8220;@iDocLyfe: The Power Thrust http://t.co/HXmlH6QXqb&#8221;he really in that hoe omg &#128514;&#128514;&#128527;,rt the power thrust really in that hoe omg,0,0,0.02490787052500662
@elise_palmer youre cheating on mickey bubbles! :O,youre cheating on mickey bubbles o,0,0,0.037376917694436795
"@Blackman38Tide Ha bitch, I'm pickin' up beach babes left n right on the West Coast http://t.co/lDXNpohLyD",ha bitch im pickin up beach babes left n right on the west coast,0,0,0.012322090034034668
Lmfao hoe,lmfao hoe,0,0,0.03466446618472945
"RT @TheVoiceOfMiami: Twitter hoes just different, bitches want to text or DM all day. Hoe I'm trying to fuck something...",rt twitter hoes just different bitches want to text or dm all day hoe im trying to fuck something,0,0,0.00949136229177705
"""Work"" - @tydollasign Gets me through those rough days hahaha #hoes",work gets me through those rough days hahaha,0,0,0.03212402657757749
You hoes AINT fucking with me &#128526;&#128526; http://t.co/abITIixmhz,you hoes aint fucking with me,0,0,0.034731524817558944
"@elementjetson thank you mint - happy Mothafuggin birthday too, hoe!! &#128155;&#9994;",thank you mint happy mothafuggin birthday too hoe,0,0,0.005717010376126953
"&#8220;@Coley_Cee: @lil_aerii @__yhanaaaa @DTHANG_ lmfaoooo, bitch don't start.&#8221; Okay bitch",lmfaoooo bitch dont start okay bitch,0,0,0.001133987034768314
"@rilantis_1732 I was hoping you went with the Mr. Chow part on hangover 2. ""But did you die?"" Dumb bitch ass sloot!!",i was hoping you went with the mr chow part on hangover 2 but did you die dumb bitch ass sloot,0,0,0.0368016674006082
Went to an open house today &amp; the place was trash. Ewww,went to an open house today amp the place was trash ewww,0,0,0.008223834520770856
"RT @AdamSank: Why does Julia Roberts seem completely shocked that she's been nominated? Hey, Julia -- you're in a gown. The jig is up. #Emm&#8230;",rt why does julia roberts seem completely shocked that shes been nominated hey julia youre in a gown the jig is up,0,0,0.015969616438925978
@Max_Kellerman if it were close than we could bitch but that was going on 10 to zip on scorecards ... Rightful mercy stoppage,if it were close than we could bitch but that was going on 10 to zip on scorecards rightful mercy stoppage,0,0,0.00886804992431102
I almost ran this fine red bitch over.,i almost ran this fine red bitch over,0,0,0.013261380891824185
RT @tristabee: you used to be the shit but now you ain't shit bitch,rt you used to be the shit but now you aint shit bitch,0,0,0.002528038428883184
' Broke Tf outta this niggah at 24 &#1041204;&#1041204;&#1041204; He stopped playen defense and all,broke tf outta this niggah at 24 he stopped playen defense and all,0,0,0.058018701760532615
@sizzurp__ @bootyacid @ILIKECATS74 @yoPapi_chulo go back to lego club faggot,go back to lego club faggot,1,0,0.26655925123512125
"don't look at me like I've got a banana in my hand, you fucking monkey.",dont look at me like ive got a banana in my hand you fucking monkey,0,0,0.030476517994289038
Smfh RT @pufntrees: @quanb24 trash..slow as fuck..cant even get a nike release on that,smfh rt trashslow as fuckcant even get a nike release on that,0,0,0.04098422535244829
Lmaoo man this bitch thinks she's so intelligent.,lmaoo man this bitch thinks shes so intelligent,0,0,0.0416211943828848
I b tryna remind these bitches ... I knew u b4 dis social network fame,i b tryna remind these bitches i knew u b4 dis social network fame,0,0,0.01069686004700968
"Im ice cube, u can call me the grinch. i got ur list but i aint giving u shit, bitch.",im ice cube u can call me the grinch i got ur list but i aint giving u shit bitch,0,0,0.006230524176757284
"Rewrite, tinker with it's official language regarding same-sex relationships, divorce, remarriage, etc. But nothing is set in stone at all.",rewrite tinker with its official language regarding samesex relationships divorce remarriage etc but nothing is set in stone at all,0,0,0.024412979403922425
RT @1stBlock_Rody: This bitch always in my pocket &#128073;&#128530;,rt this bitch always in my pocket,0,0,0.003849012326233231
Money hungry hoes they can never get a crumb,money hungry hoes they can never get a crumb,0,0,0.005425472385156761
"RT @Brandan420_: ""You smell like Weed..."" and bitch you smell like sober.",rt you smell like weed and bitch you smell like sober,0,0,0.01756467105399408
"RT @kcarmouche: How you real, don't put NO money on you nigga books? But chu buy a bitch Chanel just to hit the Puss!",rt how you real dont put no money on you nigga books but chu buy a bitch chanel just to hit the puss,1,0,0.02180907336867536
fuck this fat mexican bitch.,fuck this fat mexican bitch,0,0,0.08485789278771588
Like my twat,like my twat,0,0,0.02339459156432166
Yal jus fags screen shootin the shit out of my stories &#128548; http://t.co/Cm55jy52J4,yal jus fags screen shootin the shit out of my stories,0,0,0.18993654526988102
@gusunger feels like a video a band would pussy out on releasing. Thank god spiritualized is still around to make up for it all.,feels like a video a band would pussy out on releasing thank god spiritualized is still around to make up for it all,0,0,0.015117750302250196
"RT @isminiHoran: &#8220;i&#8217;m running like a bitch&#8221;
&#8212; Michael Clifford, role model and inspiration to many",rt i m running like a bitch michael clifford role model and inspiration to many,0,0,0.020230116152355784
I just be fucking these bitches these niggas be cuffin these hoes,i just be fucking these bitches these niggas be cuffin these hoes,0,0,0.06062276673469712
I can fuck yo bitch and you can't,i can fuck yo bitch and you cant,0,0,0.028150602947524146
Angel stop rting that fugly bitch,angel stop rting that fugly bitch,0,0,0.011535482908277885
RT @Yankees: Remember when we paused an All-Star Game to honor Mariano Rivera? #tbt http://t.co/PqEDosogLo,rt remember when we paused an allstar game to honor mariano rivera,0,0,0.03032259984294757
Can't worry bout a bitch that ain't worried bout me,cant worry bout a bitch that aint worried bout me,0,0,0.00203153153467483
I fucked the bitch I used to dream about and coulda died when I came from disbelief. Nah I dont wish to speak on her name that shit is weak,i fucked the bitch i used to dream about and coulda died when i came from disbelief nah i dont wish to speak on her name that shit is weak,0,0,0.010525990007828652
"RT @ccobb1573: &#8220;@imFindDory: Can't spell slut without u, bitch.&#8221;",rt cant spell slut without u bitch,0,0,0.011589257485740278
RT @creepingsharia: Syrian Brought to US for &#8220;Democracy Training&#8221; Endorses&#160;Jihadis http://t.co/lfhCto8777,rt syrian brought to us for democracy training endorses jihadis,0,0,0.03348464577509701
The Giants trash,the giants trash,0,0,0.04164205380394036
RT @RedHeadRay_: I swear I saw more then 3 bitches jump this girl &#128583;,rt i swear i saw more then 3 bitches jump this girl,0,0,0.004910525709682654
"@desamador you gotta be like me n the twins, just chug it all before everyone",you gotta be like me n the twins just chug it all before everyone,0,0,0.015738422594843274
"RT @SheisJasNicole: Them hoes are temporary, but a good woman will always be a good woman.",rt them hoes are temporary but a good woman will always be a good woman,0,0,0.001964030509089745
At Dunkin donuts and every time somebody walked in I either yelled ratchet or hoe and so me and my brother got kicked out &#128514;&#128514;&#128514;,at dunkin donuts and every time somebody walked in i either yelled ratchet or hoe and so me and my brother got kicked out,0,0,0.006632190180969551
*after BO1 RT @TheGodWriter_: @iDocLyfe Bruh lol I retired after mw2 because everything was trash afterwards.,after bo1 rt bruh lol i retired after mw2 because everything was trash afterwards,0,0,0.030992677595601377
"@JunDishes thank god I'm just an "" old redneck bitch"" from Memphis ,Tn. And not a troll",thank god im just an old redneck bitch from memphis tn and not a troll,0,0,0.004781863224722595
RT @BlakeAnderson21: @weston_diamond @sleezy_jeezy @justinmiculka01 not about to shoot this pussy! Ima beat his face into the asphalt t ...,rt not about to shoot this pussy ima beat his face into the asphalt t,1,0,0.04367285399203749
RT @treyjohnican: Possum a hoe ..,rt possum a hoe,0,0,0.015228315178795734
#11 get to hit any bitch on campus he wants to,get to hit any bitch on campus he wants to,0,0,0.20039342829826848
every time I ask for something the waitress touches my knee till I'm done asking. That mean she tryna give a nigga some pussy don't it.,every time i ask for something the waitress touches my knee till im done asking that mean she tryna give a nigga some pussy dont it,0,0,0.015670639320969154
"&#8220;@Thatindianbruh: Food &gt; Pussy 

but pussy = Food 

so food &#8805; pussy.&#8221; http://t.co/ZJ3zyduxkO",food gt pussy but pussy food so food pussy,0,0,0.0031029207289474028
False start bitches,false start bitches,0,0,0.0038143463412848326
hit the strip club and see some bitches I went to school with......,hit the strip club and see some bitches i went to school with,0,0,0.008167911641060404
"RT @Trigga_Trea_: Some of you hoes so basic I have to break it down Barney style 
&#128514;&#128514;",rt some of you hoes so basic i have to break it down barney style,0,0,0.007743774674354787
RT @KerstinAnn_22: &#8220;@XxDopenessxX: This bitch is too real LOOOOOOL http://t.co/JTSNtWPLwR&#8221; yaga !!!!&#8221;&#8221; &#128514;&#128514;&#128514;&#128514;&#128514;&#128514;&#128514;&#128514;,rt this bitch is too real looooool yaga,0,0,0.002193757509278341
RT @CumminsSamantha: LOL @ you for being a dumb bitch.,rt lol you for being a dumb bitch,0,0,0.00517394477920698
I don't pity or hate #faggots. Sexual mutations are necessary side effect of #evolution. BUT PROLIFERATION at 4% is a sign #humans fucked UP,i dont pity or hate sexual mutations are necessary side effect of but proliferation at 4 is a sign fucked up,0,0,0.08585194203907436
"RT @RafiDAngelo: ""My pussy tastes like Pumpkin Spice Latte."" -- Lana Del Basic",rt my pussy tastes like pumpkin spice latte lana del basic,0,0,0.005788165711863627
@ennuitimes mostly move ya dumb bitch! Haha,mostly move ya dumb bitch haha,0,0,0.004942650642165219
"@iamkrause 
I see da dayd presidents coz my bitches and hoes be makin money day way",i see da dayd presidents coz my bitches and hoes be makin money day way,0,0,0.0017330440049253802
"""@ozzie_garza: @white_thunduh I'm about to cool faggot chill"" tf is cool nigga",im about to cool faggot chill tf is cool nigga,0,1,0.5173542926322775
&#8220;@lyricsaidso: every bitch tell me I act like a nigga.. whatever the fuck that means&#8221;,every bitch tell me i act like a nigga whatever the fuck that means,0,0,0.04528731775311896
Ya'll take note. There ain't never tornadoes where colored folk live,yall take note there aint never tornadoes where colored folk live,0,0,0.10609013755437022
5:40 A.M. and still awake! YAY!!! Time to chug coffee and red bull for the foreseeable future and hopefully not pass out behind the wheel!!!,540 am and still awake yay time to chug coffee and red bull for the foreseeable future and hopefully not pass out behind the wheel,0,0,0.00587421152016634
RT @annamarixae: @WhereYoHussleAt YESSSS bitch&#128166;&#128525;&#128147;,rt yessss bitch,0,0,0.013535701151256335
"I got .05"" of rain yesterday including the bird shit in my gauge.",i got 05 of rain yesterday including the bird shit in my gauge,0,0,0.004922460353500058
"@PushinUpRoses My current favorite line is Shea Moisture. It's at Target and CVS. Great for dry, curly, and/or colored hair.",my current favorite line is shea moisture its at target and cvs great for dry curly andor colored hair,0,0,0.006877575989173958
@laceeybugg comeover here then bitch,comeover here then bitch,0,0,0.015965330716316832
RT @llvvzz: Twitter should dump the little blue bird mascot and just officially change it to a set of boobs.,rt twitter should dump the little blue bird mascot and just officially change it to a set of boobs,0,0,0.005250390316243983
"Like , hoes ain't gone be satisfied until some more bodies come up missing in Hattiesburg .. Let me be the FIRST to tell you!!!",like hoes aint gone be satisfied until some more bodies come up missing in hattiesburg let me be the first to tell you,0,0,0.026504734462274054
Y'all pussy ass niqqa need to make some moves &amp;&amp; get up there &#128524;&#9992;&#65039;,yall pussy ass niqqa need to make some moves ampamp get up there,0,0,0.005773620239000506
All these bitches &amp; niggas be Trippin offa what type of relationship me &amp; duddy got like we not fuccing no more &amp; we not dating.,all these bitches amp niggas be trippin offa what type of relationship me amp duddy got like we not fuccing no more amp we not dating,0,0,0.02882287219358125
@SSickStory Lester tried to eat your bird,lester tried to eat your bird,0,0,0.0042110373161375805
@derek_gatewood you got a toolbox you hoe,you got a toolbox you hoe,0,0,0.015125800662668634
RT @Rock76_: @1waynostra we just trying flip an ounce to a P in dis bitch!!! im still out school bro next week im out dere doe,rt we just trying flip an ounce to a p in dis bitch im still out school bro next week im out dere doe,0,0,0.02211627625010458
"RT @HunneeMolassess: so if her legs dont rub together that means her pwoosy is trash? ...
i just heard this.",rt so if her legs dont rub together that means her pwoosy is trash i just heard this,0,0,0.0365484913793486
Yo pussy ain't shit unless you had some @MagicJohnson in it,yo pussy aint shit unless you had some in it,0,0,0.012819872485554579
Drinking folie a deux wine and playing fall out bird hahaha,drinking folie a deux wine and playing fall out bird hahaha,0,0,0.0015389217861617754
RT @Plurizard: I don't burn bridges.. tf I look like holding a grudge and being a lil bitch. Shit happens. You'll be fine.,rt i dont burn bridges tf i look like holding a grudge and being a lil bitch shit happens youll be fine,0,0,0.2565030352627993
&#8220;@_BeautifulKeezy: these hoes be playing w/ me like I won't send baby Cain at they niggah !!&#8221;yesss messy.,these hoes be playing w me like i wont send baby cain at they niggah yesss messy,0,0,0.007816762559283522
Dawg ass hoes,dawg ass hoes,0,0,0.030812760586999055
Sierra almost got caught with the ole hick &#128514;&#128514;&#128514;,sierra almost got caught with the ole hick,0,0,0.03247740559793483
@DirkAlisic @Balkan_Made dude quit being a hyposhitical bitch. you ran downstairs crying/begging me not to tell anyone.,dude quit being a hyposhitical bitch you ran downstairs cryingbegging me not to tell anyone,0,0,0.013193445101700669
Bitches be happy about burger king pollo tropical on lunch break at work but act like dinner with new niggaz gotta be upscale.,bitches be happy about burger king pollo tropical on lunch break at work but act like dinner with new niggaz gotta be upscale,0,0,0.0025944828364875727
Stop lettin them messy hoes mess with your business.,stop lettin them messy hoes mess with your business,0,0,0.05152769023040481
RT @monnetteee: If you like After Romeo chances are I think you're a faggot.,rt if you like after romeo chances are i think youre a faggot,1,1,0.5692168530203404
@Charlie4927 @StacyDmomof5 @RevkahJC @cantUCIMblonde @Kacado @PattiSM74 Hi Charlie,hi charlie,0,0,0.00734570027828274
"I think women will forever find a way for a guy to be thirsty tho just so they can feel like thier pussy has some value. 

It don't.",i think women will forever find a way for a guy to be thirsty tho just so they can feel like thier pussy has some value it dont,0,0,0.0037156602971191834
"Just don't be offended! It's a word, you're just a bitch who's looking for something to bitch about.",just dont be offended its a word youre just a bitch whos looking for something to bitch about,0,0,0.0014692892875935847
RT @hiagokoury: Lmao what my nigga just told me &#128514;&#128514;&#128514;hoes these days... They lovin the crew gd,rt lmao what my nigga just told me hoes these days they lovin the crew gd,0,0,0.012740526711014439
RT @_groovyg: me 2nite bitches http://t.co/NlToDB7xze,rt me 2nite bitches,0,0,0.010349024198702006
"""@Stephenwildboy: Chilling &#128069;&#8482; http://t.co/mik3iPNle6"" sexy scally lad",chilling sexy scally lad,0,0,0.0213862311450787
"RT @PowPowTheeEnd: Fucked all of tyga bitches ""@karyewest: 6God http://t.co/ltT5R4DRwL""",rt fucked all of tyga bitches 6god,0,0,0.028319795444082446
She wonder why im into her when all these hoes be into me,she wonder why im into her when all these hoes be into me,0,0,0.00931962793084585
"RT @iamyaokhari: ""@Tyga: That ain't my hoe.""

This is the same man that wants to be ""Godly""....",rt that aint my hoe this is the same man that wants to be godly,0,0,0.0027231551053787276
she was telling me about this kid who's soles of his shoes are falling off. I am going to get him some shoes. hope his parents don't get mad,she was telling me about this kid whos soles of his shoes are falling off i am going to get him some shoes hope his parents dont get mad,0,0,0.008679949343196127
Can't stand ghetto ratchet ass mofos &#128078;&#128530;,cant stand ghetto ratchet ass mofos,0,0,0.027249405513107852
"Jus waking up and hearing about this lebron sheet , what a dummy . No respect for him , go get ya rings and come back? Real admirable #bitch",jus waking up and hearing about this lebron sheet what a dummy no respect for him go get ya rings and come back real admirable,0,0,0.07455736430282173
@Rhyds_herrrrrr shoulda came to bird mans that shit was so lit,shoulda came to bird mans that shit was so lit,0,0,0.022991016181389053
A bf and gf&#128107; are suppose to laugh&#128514; at these hoes&#128111; together&#128145;. A guy should never have these hoes&#128111; laughing&#128514; at his girl&#128134;,a bf and gf are suppose to laugh at these hoes together a guy should never have these hoes laughing at his girl,0,0,0.0011423475767103138
RT @iAintAsianTho: you see her nudes? she must have beat her own pussy up RT @DonDippa: Salute http://t.co/gxmym20q9L,rt you see her nudes she must have beat her own pussy up rt salute,0,0,0.012529778357971772
RT @AlexDavisRaps: fuck. I forgot to wear a belt. i'ma feel like a coon all day now.,rt fuck i forgot to wear a belt ima feel like a coon all day now,0,0,0.12756267314969638
@TonyO97 fuck i look like shopping at that trash ass store,fuck i look like shopping at that trash ass store,0,0,0.11263538533281872
Who the fuck made this cunt the authority on men?,who the fuck made this cunt the authority on men,0,0,0.09728627068107211
"No officer I wasn't drunk driving, I was swerving on them hoes.",no officer i wasnt drunk driving i was swerving on them hoes,0,0,0.009486027058895235
RT @JasperDolphin: Just wanna put food in bitches pussy and take cool pictures. Don't get why bitches don't like food in their pussies.,rt just wanna put food in bitches pussy and take cool pictures dont get why bitches dont like food in their pussies,0,0,0.0003068209708021837
@ImSoLK @OgHasnt fag,fag,0,0,0.3853292778247678
RT @mavkus__: @Victooreeuhhh nun fucking bitches getting money,rt nun fucking bitches getting money,0,0,0.004289793040174119
A hoe gone be a hoe they ain't &#128175;,a hoe gone be a hoe they aint,0,0,0.002368349052268888
RT @Fvnxy: Irrelevant people talk so much shit like who the fuck are you bitch,rt irrelevant people talk so much shit like who the fuck are you bitch,0,0,0.026760290608245328
RT @O3_Millz: Had to block his bitch ass,rt had to block his bitch ass,0,0,0.012270162162844983
"Got ya crackas, spics, chinks, and carpet riders but no niggas MLK ain't fight for nothing #GimmeABlackEmoji",got ya crackas spics chinks and carpet riders but no niggas mlk aint fight for nothing,0,0,0.2094983295979807
Fuk u bitch http://t.co/YezHxQVy02,fuk u bitch,0,0,0.021285255509939385
@RealWallieWall Ms. Martinez fuckin with the cripple kid?!,ms martinez fuckin with the cripple kid,0,0,0.024422155168876594
I love Asian bitches,i love asian bitches,0,0,0.014849357676587672
Nature's majesty is beautiful! *melts butter* RT @AP: PHOTO: Rare blue-colored red king crab caught in Alaska waters: http://t.co/Ia5kFoU2B3,natures majesty is beautiful melts butter rt photo rare bluecolored red king crab caught in alaska waters,0,0,0.005745104376776794
"RT @dcolbray88: ""@VonDreaam: If I post a picture of my woman, All you hoes jumping off a bridge tonight! Lol"" #OhKillem&#128544;&#128299;",rt if i post a picture of my woman all you hoes jumping off a bridge tonight lol,0,0,0.0032077957226330635
@Notsosweetpea SOO when we hanging out and makin brownies!!,soo when we hanging out and makin brownies,0,0,0.011608311873042471
Rt &#8220;@oldirtyjesus: stop being a hoe sheesh &#8220;@_queenoni: I want 3 boys&#8221;&#8221;,rt stop being a hoe sheesh i want 3 boys,0,0,0.044798121610046
These bitches love soda,these bitches love soda,0,0,0.01150855590247467
@Cryystalina haha yes niggah but yesterday night Idk man it hit me at night like around 2 in the morning didn't go to sleep till like 4..,haha yes niggah but yesterday night idk man it hit me at night like around 2 in the morning didnt go to sleep till like 4,0,0,0.012646682642928309
You a hoe.,you a hoe,0,0,0.017956235030136325
All I need is a 100 million dollars Bc I got that bad bitch,all i need is a 100 million dollars bc i got that bad bitch,0,0,0.00453587819054732
@JonnVercetti true but then again I'm my opinion a hoe is someone who goes and sleeps with everybody,true but then again im my opinion a hoe is someone who goes and sleeps with everybody,0,0,0.0065143301041318755
Oh hell yeah! Lol RT @SedSince81: @VonshayeB you know that nicca injury prone,oh hell yeah lol rt you know that nicca injury prone,0,0,0.021121758509181323
All yall bitches dress alike wassup wit that ?,all yall bitches dress alike wassup wit that,0,0,0.01883536397729752
Females be damn near naked wondering why niccas jus wanna fuk lol,females be damn near naked wondering why niccas jus wanna fuk lol,0,0,0.04667106142206869
@DaRealAlexInLA @Buckm00se he wasn't training gook boy doe,he wasnt training gook boy doe,0,0,0.11944877951889292
They must be Russian birds! Russian birds are known for invading Chiminea. @SaintRPh @KimMarcumTexas,they must be russian birds russian birds are known for invading chiminea,0,0,0.003489952923672959
Bitches can't fuck with my bitches they deadly,bitches cant fuck with my bitches they deadly,0,0,0.0036471704828486204
Why bitches act like I CAN'T READ or like words don't have a meaning.,why bitches act like i cant read or like words dont have a meaning,0,0,0.001705873900193812
"Giants vs. stinky birds Sunday 
...think Ima make some wings &#128522;",giants vs stinky birds sunday think ima make some wings,0,0,0.03207329877873545
"'Eff it, let's go after the cripple&#8217;: You have to see Wendy Davis' new attack ad [video] http://t.co/WapBCHhuru",eff it lets go after the cripple you have to see wendy davis new attack ad video,0,0,0.03409265903662963
Jai may make an appearance at the party... love that fag,jai may make an appearance at the party love that fag,1,0,0.31079834856427296
I'd do anything for an Oreo vanilla bean drink from dunkin &amp; a chocolate chip muffin from there too..I'm starving &amp; that sounds so good now.,id do anything for an oreo vanilla bean drink from dunkin amp a chocolate chip muffin from there tooim starving amp that sounds so good now,0,0,0.007781475937186897
RT @iamTHATprettyMF: them other bitches aint got nothing on me I can tell by how your still fucking with meeeee,rt them other bitches aint got nothing on me i can tell by how your still fucking with meeeee,0,0,0.011993325717539232
"RT @BoujieAssMeena: I always text my besties like ""bitch call me I got the scoop&#128064;"" &#128553;&#128553;&#128553;&#128514;&#128514;&#128514;&#128514;",rt i always text my besties like bitch call me i got the scoop,0,0,0.0067318506162437316
"&#8220;@HighClassCapri: Ima show my ass tonight, I can feel it &#128586;&#8221;omgggg I was thinking the same shit bitch&#128553;&#128553;",ima show my ass tonight i can feel it omgggg i was thinking the same shit bitch,0,0,0.0028283392583226775
Why the fuck are the @Yankees throwing batting practice tonight? Holy shit...,why the fuck are the throwing batting practice tonight holy shit,0,0,0.02732188929022264
"""@StellaTex: Guess what? I also have zero time for your mansplaining! Adios!"" Stfu pussy",guess what i also have zero time for your mansplaining adios stfu pussy,0,0,0.019418313655273738
my side bitch is my main bitch cuz my main bitch aint feelin me nomo...nomo,my side bitch is my main bitch cuz my main bitch aint feelin me nomonomo,0,0,0.00017959253658583383
The African Goshawk (Accipiter tachiro) is a species of bird of prey in the Accipitridae family. fou http://t.co/t9xi8IWocs,the african goshawk accipiter tachiro is a species of bird of prey in the accipitridae family fou,0,0,0.015116396086105491
respect the birds. peace in pieces.,respect the birds peace in pieces,0,0,0.00785634230245672
"RT @BreadTruckkBri: ""@VoiceOfDStreetz: &#8220;@BreadTruckkBri: These hoes gon come &amp;&amp; go, i feel it.&#8221;"" boy, lol",rt these hoes gon come ampamp go i feel it boy lol,0,0,0.0013894922080118924
&#8220;@lopezbrittaney: How do you have a beautiful female and still find a way to fuck w/ ratchet hoes.. I don't get it&#8221; &#128079;&#128079;&#128588;&#128075;&#128588;,how do you have a beautiful female and still find a way to fuck w ratchet hoes i dont get it,0,0,0.004285146119794353
@IvetteBrianna_ fag,fag,0,0,0.3853292778247678
"RT @AIanHangover: ""what are you 15?""

yeah on a scale of one to ten, bitch",rt what are you 15 yeah on a scale of one to ten bitch,0,0,0.007914806420283376
RT @Twothumbsupdgaf: stay shutting these hoes down..,rt stay shutting these hoes down,0,0,0.015479990052813924
I from the planet of apes king Kong clips,i from the planet of apes king kong clips,0,0,0.012493889287763783
"These little girls at Simons were telling me they like my huf socks, bitch go home &amp; do your homework",these little girls at simons were telling me they like my huf socks bitch go home amp do your homework,0,0,0.011005057962798515
@justezzzee bitch where u be fuck nigga,bitch where u be fuck nigga,0,0,0.07032272105251128
@goldnsilvercoin the worst terrorists are republican teabaggers...,the worst terrorists are republican teabaggers,0,0,0.039277637223072696
@vj44 umm how about they are at home raising kids? You are retarded.,umm how about they are at home raising kids you are retarded,0,0,0.12701923330142526
"@serenity_23 I assume so, the tranny went out this morning. I have a maxima.",i assume so the tranny went out this morning i have a maxima,0,0,0.05135727585431959
bitch said best way to get over a man is to get under another one!!! smh dats ah hoe for u,bitch said best way to get over a man is to get under another one smh dats ah hoe for u,0,0,0.002363968021989073
Jay-Z got 1 of the baddest EVA that proves men don't really need to look good to pull these hoes want security,jayz got 1 of the baddest eva that proves men dont really need to look good to pull these hoes want security,0,0,0.0025145680244803756
"hey new followers *waving* welcome ion be talking bout shyt tho, just retarded ass thoughts that pop up in my head",hey new followers waving welcome ion be talking bout shyt tho just retarded ass thoughts that pop up in my head,0,0,0.0047664473357810705
"@NYRKelsMads @popup82 Its Perfection. My brain crossed wires or something, I dont know why I came up with Concentration,maybe the ghetto one",its perfection my brain crossed wires or something i dont know why i came up with concentrationmaybe the ghetto one,0,0,0.039639921880939614
@iMGorgeous_HOES eew bitch get out of my carrrr,eew bitch get out of my carrrr,0,0,0.015965330716316832
i got 3 in a 24 ounce bitch,i got 3 in a 24 ounce bitch,0,0,0.008670498667608282
1-800-slap-a-hoe,1800slapahoe,0,0,0.05020372358796218
"The @GOP elite call conservatives ""our niggers"" behind closed doors. #tcot #teaparty",the elite call conservatives our niggers behind closed doors,1,0,0.3925421869941241
"RT @iowahawkblog: If you call a player a ""pussy"" when he's sidelined by concussion, and a ""low class"" when he trash talks, you might be a f&#8230;",rt if you call a player a pussy when hes sidelined by concussion and a low class when he trash talks you might be a f,0,0,0.00410036998569161
Reaaallly wish I had more milk for Oreos. Lol,reaaallly wish i had more milk for oreos lol,0,0,0.01926102475523238
"RT @marylene58: ""@GoalieBill328: @sarobards @Julesofthesmile @NeliusPamela @PubliusScion yes she is ghetto bitch"" http://t.co/jIxWXEXNIe",rt yes she is ghetto bitch,0,0,0.0133428866074904
Justin Bieber fakes his permanent bitch face and it bugs the shit out of me.,justin bieber fakes his permanent bitch face and it bugs the shit out of me,0,0,0.03995754074266086
I'm about to hit a bitch,im about to hit a bitch,0,0,0.05954496737923535
@aBartick the bitch in the purple shorts and Aqua beats,the bitch in the purple shorts and aqua beats,0,0,0.016389221895952967
White bitches be lovin da colored men,white bitches be lovin da colored men,0,0,0.023254643271080268
I want to beat this bitches ass soooo bad,i want to beat this bitches ass soooo bad,0,0,0.014968337453421294
RT @dan_danovskis: &#8220;@FlappyBprob: If you're playing flappy bird: 1-800-273-8255 National Suicide Prevention Lifeline. RT to save lives&#8221; @r&#8230;,rt if youre playing flappy bird 18002738255 national suicide prevention lifeline rt to save lives,0,0,0.006352806848387895
"&#8220;@slllick_: Y'all be like.. "" I want a love like Rashad &amp; New New""... Shit y'all already got one. Lying about who you are ass hoes lmao&#8221; &#128514;&#128514;",yall be like i want a love like rashad amp new new shit yall already got one lying about who you are ass hoes lmao,0,0,0.045395173201655974
Black cops want to kill white citizens. Spic cops want to kill Anglo citizens. Zigeuner cops are all rapists.,black cops want to kill white citizens spic cops want to kill anglo citizens zigeuner cops are all rapists,1,1,0.9956805186115623
@TrillVanillaaa bitch I'll fuck you up,bitch ill fuck you up,0,0,0.01974955563777108
"""Only a couple of Red Sox have gotten past first base."" I'm dying laughing. Maybe the Yanks need to teach them some game.",only a couple of red sox have gotten past first base im dying laughing maybe the yanks need to teach them some game,0,0,0.011280123574785412
@Tamishaa___J I know that bitch don't going nomo,i know that bitch dont going nomo,0,0,0.008166160721221933
I'm a couple bitches header &#128526; ioeno em &#128514;&#128514;,im a couple bitches header ioeno em,0,0,0.009056981049864079
RT @AlaysiaMichelle: I just wanna get filthy rich &amp; have a nice big house full of bad bitches that I could fuck anytime I want &#128540;,rt i just wanna get filthy rich amp have a nice big house full of bad bitches that i could fuck anytime i want,0,0,0.0023854998366190684
RT @pgammo: That the Yankees have won four straight Shane Greene starts and 7 of 9 speaks to his stability in a season of starters' emergen&#8230;,rt that the yankees have won four straight shane greene starts and 7 of 9 speaks to his stability in a season of starters emergen,0,0,0.007300227369543359
when the dude shoots his jiz in the bitches eye in silence of the lambs,when the dude shoots his jiz in the bitches eye in silence of the lambs,0,0,0.012653949657205963
All these ratchet hoes be on tha same stuff !,all these ratchet hoes be on tha same stuff,0,0,0.005654127572553504
Bond had the hoes and the money Bourne kicked ass no gadgets hawk always let a bitch die,bond had the hoes and the money bourne kicked ass no gadgets hawk always let a bitch die,0,0,0.006111815943587185
RT @JeremyPlatt: Yah she was a hoe...,rt yah she was a hoe,0,0,0.011614353643977057
"@kboydee like some of the ""worst"" lyrics they post are beautiful but just because they don't know what they're talking about, it's ""trash""",like some of the worst lyrics they post are beautiful but just because they dont know what theyre talking about its trash,0,0,0.007294482983575721
"Women want a Best Man Holiday type of nigga meanwhile you have mad THOT pics on ya gram talking about ""this could be us"" bitch die",women want a best man holiday type of nigga meanwhile you have mad thot pics on ya gram talking about this could be us bitch die,0,0,0.10983267989965864
RT @AllHailTaron_: Bruh thank you I'm about to start cumming in these hoes just to scare them. http://t.co/cMCek4h6cv,rt bruh thank you im about to start cumming in these hoes just to scare them,0,0,0.0025371811043480397
@MTBornnard it's got good mojo for sure. Paybacks a bitch,its got good mojo for sure paybacks a bitch,0,0,0.008184407172136766
RT @ESPNDaniel: A strong black women is simply a bitch that wanna argue over every single thing,rt a strong black women is simply a bitch that wanna argue over every single thing,0,0,0.00964384577218876
"RT @RawstonGeorge: &#8220;@distilled9water: ""@wizzyjr https://t.co/OtZ0FGDVpR &#128557;&#128557;&#128557;&#128557;&#128557;&#128557;&#8221; bitch gotta die 10,000 deaths. &#128534;&#128557;&#8221; &#128557;&#128557;&#128557;&#128557;&#128557;&#128557;&#128557; GTFOH",rt bitch gotta die 10000 deaths gtfoh,0,0,0.004722141070546127
"RT @MoneyHG: I gota hand fulla brothers 
Trek gang bitch we hustle",rt i gota hand fulla brothers trek gang bitch we hustle,0,0,0.018919507870613382
"RT @Rubberbandits: Yanks have a cocktail called an ""Irish car bomb"", but if you stuck two flakes in an ice cream cone and called it a 9/11 &#8230;",rt yanks have a cocktail called an irish car bomb but if you stuck two flakes in an ice cream cone and called it a 911,0,0,0.0056817143474311126
"With the bitches @moonsnlullabies, @LaLeaa_, &amp; @DayReeee &#128109;&#128111; &#128139;&#128168; --- @HookahDrive",with the bitches amp,0,0,0.019256494966521577
I swear to god I hit 40 licks I'm Lil B and I'm not no bitch when I'm off that dope I rob my bitch !,i swear to god i hit 40 licks im lil b and im not no bitch when im off that dope i rob my bitch,0,0,0.0024348102213790626
Fuck you niggah I'm cold &amp; my aunts said no more throwing people in so I'm going to take a shower &#128524;,fuck you niggah im cold amp my aunts said no more throwing people in so im going to take a shower,0,0,0.10886362478017311
"RT @DignifiedPurity: @TonyGoldwyn you could have helped Mellie, you revolving door-shaped head ho. You aren't quiet when you're balls deep &#8230;",rt you could have helped mellie you revolving doorshaped head ho you arent quiet when youre balls deep,0,0,0.009318964890763956
RT @lildurk_: I hate a bitch that think they crazy &#128514;&#128514;&#128514;&#128514;,rt i hate a bitch that think they crazy,0,0,0.017315381989390168
Manual labor so trash,manual labor so trash,0,0,0.03682260412861692
Happy birthday bird! @codyflitcraft,happy birthday bird,0,0,0.007736060775946545
"Why the most Ratchet bitches be talkin shit? Y'all got nothing better to do but talk shit, pick up the liq, and hop on a dick.",why the most ratchet bitches be talkin shit yall got nothing better to do but talk shit pick up the liq and hop on a dick,0,0,0.004843216695589003
Act like I'm Casper get ghost with a bitch,act like im casper get ghost with a bitch,0,0,0.00914732482411499
Clown ass nigguh,clown ass nigguh,0,0,0.03901650610177447
"Its too early for all this bullshit, fuck all yall hoes lmfao",its too early for all this bullshit fuck all yall hoes lmfao,0,0,0.032573906001194565
"She get a bunch of money, spend it all on drugs, mobbin with her bitches, never fall in love &#128128;&#128168;&#128139;",she get a bunch of money spend it all on drugs mobbin with her bitches never fall in love,0,0,0.004835365110615638
@LadyVodkax keep them around so new bitches know they could be the next ex if they dont stay in line.,keep them around so new bitches know they could be the next ex if they dont stay in line,0,0,0.0034832050742271813
I love my haters they my biggest fans... I'm on the field dem bitches in the stands!!!,i love my haters they my biggest fans im on the field dem bitches in the stands,0,0,0.022546145970627016
I didn't even get to see my baby today. Smh it's all my moms fault. Selfish bitch.,i didnt even get to see my baby today smh its all my moms fault selfish bitch,0,0,0.007164348936948794
RT @jaaayLENo: Dese hoes aint loyal @ Wal-Mart #TeamIgnant #hoodcomedy #flytv #LOLATL &#128514;&#128514;&#128514;&#128514; bruh https://t.co/3nKvBpR9qr,rt dese hoes aint loyal walmart bruh,0,0,0.016489157380525962
"bitches corny af you claim to be happy but cry everyday, ooh iight where they do that? hmmmm",bitches corny af you claim to be happy but cry everyday ooh iight where they do that hmmmm,0,0,0.0025898322537086104
RT @ShitPussiesSay: Lets butt chug Mikes Hard Lemonade,rt lets butt chug mikes hard lemonade,0,0,0.01149675726620765
RT @notesforgirlz: When you see bae retweet or mention some hoe http://t.co/d4oPanpwZb,rt when you see bae retweet or mention some hoe,0,0,0.012898357084692235
@Rob_San9993 ha lol like at selenas horny bitch lol,ha lol like at selenas horny bitch lol,0,0,0.016953854148737273
Start punching hoes in they esophagus and shit.,start punching hoes in they esophagus and shit,0,0,0.004643040580805778
Ok this is funny... A proud liberal who wants to end racism calls Tim Scott an Uncle Tom Lolz lib idiots #tcot http://t.co/y6X6eagw20,ok this is funny a proud liberal who wants to end racism calls tim scott an uncle tom lolz lib idiots,0,0,0.043854754826835
@gellebeaux_ thats thot pussy? &#128514;,thats thot pussy,0,0,0.006985055330544405
@DamoneTheDon bitch I got some bloods dat hang in la,bitch i got some bloods dat hang in la,0,0,0.010240051516388531
@Marlin_FishyAss was like @SE__DoM had some gas cause I hit that bitch one time and ended up talkin shit all night bitch was fried &#128514;,was like had some gas cause i hit that bitch one time and ended up talkin shit all night bitch was fried,0,0,0.02342819648516013
@richiechristie1 I should've &#128553; that bitches wallet was tigher than her pu$$y,i shouldve that bitches wallet was tigher than her puy,0,0,0.0071529604487484254
"Indirect ass little bitches, like you know my fucking number and where I live.",indirect ass little bitches like you know my fucking number and where i live,0,0,0.03373829576050829
RT @NoBeeetch: @TommyReaINigga bitch don't nobody care,rt bitch dont nobody care,0,0,0.004854109216896559
He may be the President but that doesn't necessarily mean he's in the sole position of power in regard to making such decisions.,he may be the president but that doesnt necessarily mean hes in the sole position of power in regard to making such decisions,0,0,0.08479108358769581
"RT @HeroineAddict: 15 y/o me totally understood 'Twin Peaks'.

40 y/o me can't seem to follow these 'The Great Outdoors' Goldfish crackers &#8230;",rt 15 yo me totally understood twin peaks 40 yo me cant seem to follow these the great outdoors goldfish crackers,0,0,0.011191389273521868
All it take is for one bitch to open her mouth and niggas start fuckin up.,all it take is for one bitch to open her mouth and niggas start fuckin up,0,0,0.013435337839944292
@anandpradhan @kavita_krishnan funny to read retard liberal tweets. But Anand u didn't delete salwar tweet. Anyway say hi to #DigVijaySingh,funny to read retard liberal tweets but anand u didnt delete salwar tweet anyway say hi to,0,0,0.09367165544224113
RT @1BigMick: Today I told a woman that she was the quintessential embodiment of sexual femininity. How am I not drowning in pussy?,rt today i told a woman that she was the quintessential embodiment of sexual femininity how am i not drowning in pussy,0,0,0.003934940702163945
"RT @_Fvfx: Pussy will always be my fav iggy song, like how do you not like a song that just says pussy numerous amounts of time.",rt pussy will always be my fav iggy song like how do you not like a song that just says pussy numerous amounts of time,0,0,0.0008636039203522608
"@Chrisworldpeace So I guess that makes us blacks double niggers, huh?",so i guess that makes us blacks double niggers huh,0,0,0.15198557022251272
Ya bitch pussy good I ain't heard it .... I been in there! &#128540;&#128541;&#128541;&#128540;,ya bitch pussy good i aint heard it i been in there,0,0,0.0008169639299780786
"i listened to dedication 4 about three times exactly, any more than that gon make you a pussy eater #subsciously",i listened to dedication 4 about three times exactly any more than that gon make you a pussy eater,0,0,0.015439626235644896
"&#8220;There is a time &amp; a place 4 decaf coffee. Never &amp; in the trash."" http://t.co/ZVJROXgNDQ&#8221; #MommyMonday humor via @JenerationPR &amp; @theskimm",there is a time amp a place 4 decaf coffee never amp in the trash humor via amp,0,0,0.042719056771417324
"He's bitch keep looking at me

She choosing or nah?",hes bitch keep looking at me she choosing or nah,0,0,0.010429246514232816
RT @BestOfWorldStar: Charlie Sheen did the ice bucket challenge the right way http://t.co/IjS0b0VtoY,rt charlie sheen did the ice bucket challenge the right way,0,0,0.0058461232431146785
RT @O3_Millz: &#8220;@1BookieG: @O3_Millz the last bitch I fucked was a mixed breed&#8221; &#128175;&#128175;&#128175;&#128514;&#128514;&#128514;,rt the last bitch i fucked was a mixed breed,0,0,0.00483167775057655
"But bitch you gon shave or wax that pussy before I bless it, Foh.",but bitch you gon shave or wax that pussy before i bless it foh,0,0,0.000608982652545294
"@SoftestMuffin @_tee13 @TorahBlaze at the end of the day, they call yo dumb ass monkey, picka'nanny hoe. But u luv them white devils",at the end of the day they call yo dumb ass monkey pickananny hoe but u luv them white devils,1,0,0.07850678646107492
@MahNameIsJared be my guest. I want to be a bird I think,be my guest i want to be a bird i think,0,0,0.009638595344585634
We trash,we trash,0,0,0.03682260412861692
"I got a something that pays me 2 Hunnit every week , only real bitches kno how to manage money &#9829;",i got a something that pays me 2 hunnit every week only real bitches kno how to manage money,0,0,0.0008903262977926457
@Lunatic_times omg my mom did it on Christmas once if I hadn't been the hostess that year I would've slit her throat,omg my mom did it on christmas once if i hadnt been the hostess that year i wouldve slit her throat,0,0,0.027874430834273295
my drugs are green my bitches white,my drugs are green my bitches white,0,0,0.026169978497623095
RT @LameAssNerd: Braxton Curti a hoe ass nigga And wen I see him I'ma smack him like da lil bitch he is #300,rt braxton curti a hoe ass nigga and wen i see him ima smack him like da lil bitch he is,0,0,0.15250006369339453
@tay_waldon onlife yal niggas funny man lol Lonnie was suppose to get out of that bitch after he was up a band smh,onlife yal niggas funny man lol lonnie was suppose to get out of that bitch after he was up a band smh,0,0,0.01755809753830091
@tiffantasticc your dad is genuine happy guy because his kids aren't niggers though &#128532; jimmy is my nigga 5eva,your dad is genuine happy guy because his kids arent niggers though jimmy is my nigga 5eva,1,0,0.4527357340209798
My nigga was drinking Gatorade like it's not Dumass hot lol bitch drink water,my nigga was drinking gatorade like its not dumass hot lol bitch drink water,0,0,0.02064995291970846
"I wanna see some ass clapping, legs shaking, i wan see a bitch get on they head fa dese BEATs...",i wanna see some ass clapping legs shaking i wan see a bitch get on they head fa dese beats,0,0,0.014152159770887058
"I'm on that good kush and alcohol.. I got some down bitches, but the can crawl",im on that good kush and alcohol i got some down bitches but the can crawl,0,0,0.007312459779787657
This how most of yall side hoes gone look on valentines day!! Lol http://t.co/SJmjiysthI,this how most of yall side hoes gone look on valentines day lol,0,0,0.01768535248591675
1 time for the lonely hoes watching #Scandal re runs,1 time for the lonely hoes watching re runs,0,0,0.012673542754957618
Miami's run defense is Alex Smith trash.,miamis run defense is alex smith trash,0,0,0.021301835867352015
Rudy Throws Fastballs Near Charlie&#8217;s Chin..(No Sweat) Crist Ducking Giuliani Campaign Politics In Florida! DoG http://t.co/EJpdwlS5qj&#8217;s-chin,rudy throws fastballs near charlie s chinno sweat crist ducking giuliani campaign politics in florida dog,0,0,0.0013247629669758396
Why tf are girls still virgins ????????? We only got 2 months to live bitch you better throw that ass back,why tf are girls still virgins we only got 2 months to live bitch you better throw that ass back,0,0,0.013127984337507979
"Omg he's at it again. He's the most pathetic, spineless, no balls having piece of trash on twitter I've ever seen. Let me go throw up, blah.",omg hes at it again hes the most pathetic spineless no balls having piece of trash on twitter ive ever seen let me go throw up blah,0,0,0.010890703664891343
"""&#128514;&#128514;&#128514;&#128514;&#128514;&#128514;&#128514;&#128514;&#128514;&#128514;@DaHomieFuzz: Gay niggas couldn't wait to act like bitches tonight""",gay niggas couldnt wait to act like bitches tonight,0,0,0.022611899916243117
"@Gertrude_Larue 
I is colored, Latino and some Jewish. When I move in, I don't ruin the neighborhood, I wipe it out!",i is colored latino and some jewish when i move in i dont ruin the neighborhood i wipe it out,0,0,0.05477031860285873
RT @__thaRealist: @VoiceOfDStreetz &#128514;&#128514; 2 many lil bitty bitches,rt 2 many lil bitty bitches,0,0,0.007748840479182534
"My duck got big as fuck. 

Yes, duck, like the bird.",my duck got big as fuck yes duck like the bird,0,0,0.008028363458403825
RT @ZOEPASSION Niggaz buying p***y....Niggaz buying p***y. + Don't start this hoe shit...,rt niggaz buying pyniggaz buying py dont start this hoe shit,0,0,0.10997098640443434
"""@DomWorldPeace: Baseball season for the win. #Yankees"" This is where the love started",baseball season for the win this is where the love started,0,0,0.004865571268447163
@Miss_Didi23 @LINDNLD @KLSouth shut up you nappy headed hoe,shut up you nappy headed hoe,0,0,0.0421325887883369
"RT @_blvcksxul: When u see a bitch that don&#8217;t like u, look at u&#8230; http://t.co/vAO8ovq4XM",rt when u see a bitch that don t like u look at u,0,0,0.006778885372816207
What kind of sorcery is this.... RT @OfficiallyIce: Nope RT @2charmss: Eat this pussy while im on my cycle &amp; call it Cherry Pie,what kind of sorcery is this rt nope rt eat this pussy while im on my cycle amp call it cherry pie,0,0,0.0005352453703216509
RT @YolieTheJew: You know all these bitches who posted pics for Zeeti are in the shower like Jim Carey in Ace Ventura after he found out Ei&#8230;,rt you know all these bitches who posted pics for zeeti are in the shower like jim carey in ace ventura after he found out ei,0,0,0.018627847179512227
Argue to make up. Not to break up &amp; get back together that's retarded in my eyes,argue to make up not to break up amp get back together thats retarded in my eyes,0,0,0.08359318467559952
@Nien_Nunb what did you search? Gay redneck episode 1 play?,what did you search gay redneck episode 1 play,1,0,0.08210746036602701
Yeaaa bitch I be with dog like shaggy yea we stay clean but we get dirty like Harry,yeaaa bitch i be with dog like shaggy yea we stay clean but we get dirty like harry,0,0,0.02045129499974265
"RT @roach_nigga: &#8220;@XiaoBiniiMessy: Can't believe I actually killed a cockroach.&#8221; smh you a bitch, that was probably ma nigga Eduardo",rt cant believe i actually killed a cockroach smh you a bitch that was probably ma nigga eduardo,0,0,0.014439577391392124
RT @DivaMonRoe2uHoE: Fuck candy. Eat pussy. &#128527;,rt fuck candy eat pussy,0,0,0.004980887707360306
@ItsMeKevin10 @josie618 @ThatSlutAdrian @ZaidSaracini @papigabs lmao this nigguh,lmao this nigguh,0,0,0.04646918234046347
@ehasselbeck @bi_politics teaching that pretend son to b a pussy! his son would have LACE ON HIS JOCK STRAP!,teaching that pretend son to b a pussy his son would have lace on his jock strap,1,0,0.006691221185277223
RT @_theDarius: &#8220;@DopeShitOnly: Man just proofread &amp; edited this niggah sentence&#128514;&#128514;&#128514;&#128514;&#128557;&#128557;&#128557;&#8221;feel like I'm back in 6th grade doing daily oral la&#8230;,rt man just proofread amp edited this niggah sentence feel like im back in 6th grade doing daily oral la,0,0,0.02338202396355723
"Jihadis claim to have shot an #Iraq army Mi-35 attack helicopter in Beji &amp; identify its pilot by name, rank",jihadis claim to have shot an army mi35 attack helicopter in beji amp identify its pilot by name rank,0,0,0.03523138708326628
hoes get beat 2... n if any nigga knw me dey ah tell u I stay wit ah pistol n always ready to squeeze,hoes get beat 2 n if any nigga knw me dey ah tell u i stay wit ah pistol n always ready to squeeze,0,0,0.013047338005674378
RT @JHazeThaGod: You other niggas a call up a bitch to fight a bitch naw not me I'm whomp that trick so she can feel where I'm coming from,rt you other niggas a call up a bitch to fight a bitch naw not me im whomp that trick so she can feel where im coming from,1,0,0.007800745884542209
RT @Hoes_LoveMe: These hoes like niggas that spend money not talk about it,rt these hoes like niggas that spend money not talk about it,0,0,0.006977615056765008
They say life is what you make it bitch but I'm just tryna make it .. Straight up,they say life is what you make it bitch but im just tryna make it straight up,0,0,0.006468009871690474
Video: Charlie Baker campaign team denies contacting Gov. Patrick for meeting http://t.co/qHrA6OalRR,video charlie baker campaign team denies contacting gov patrick for meeting,0,0,0.006934990222091764
"His big ass smile, his eyes is chink.",his big ass smile his eyes is chink,1,0,0.17005598812653924
RT @redemptionzayn: I inhale white exhale nigger,rt i inhale white exhale nigger,0,1,0.6243504357727646
&#8220;@DavetheBrave1: I like how @Virgilio_LLA thinks I'm talking to hoes..HELL NAH! Lol&#8221; my bad I forgot you ain't got hoes like vdawg do,i like how thinks im talking to hoeshell nah lol my bad i forgot you aint got hoes like vdawg do,0,0,0.002218642217348025
@BraXXXedelic fight that shit say you're on free lunch and they must have the game fucked up cause you're colored like the rest of them,fight that shit say youre on free lunch and they must have the game fucked up cause youre colored like the rest of them,0,0,0.019934414800348754
187 how I'm killin these hoes,187 how im killin these hoes,0,0,0.01112578573665629
White trash bash &#128540;&#127867; http://t.co/wXVVTEM0Fc,white trash bash,0,1,0.5683978967504545
@HollygroveShawn word!! school flow on a dumb hoe...,word school flow on a dumb hoe,0,0,0.027631510367327913
"@SuperheroReport ""I'm going to show these bitches how it's done."" http://t.co/RF5dTVQWI6",im going to show these bitches how its done,0,0,0.010766237052091418
@AlexaDelsanter karma is a bitch,karma is a bitch,0,0,0.009447223084002013
RT @StonerBoii2cold: I just wanna be drunk on stage going ham in that bitch @TreVaughnLG,rt i just wanna be drunk on stage going ham in that bitch,0,0,0.005696742284708852
Suck my dick so good I'm like god dam you dirty bitch,suck my dick so good im like god dam you dirty bitch,0,0,0.041376156871822646
#portlandia #putabirdonit RT @mightymouse105: The Xbox One would be so much cooler if they put a bird on it,rt the xbox one would be so much cooler if they put a bird on it,0,0,0.004155815346657393
@louisck a video i made -- Porn Actress Sexy Capri Anderson Kissing Video with Charlie Sheen http://t.co/VTH4r762 via @youtube,a video i made porn actress sexy capri anderson kissing video with charlie sheen via,0,0,0.007701256401567991
"RT @desusnice: ""In 2014 you tweeted that Migos were trash. Care to explain?"" - 2064 Supreme Court Confirmation Hearing",rt in 2014 you tweeted that migos were trash care to explain 2064 supreme court confirmation hearing,0,0,0.004047492990926204
@Mika_Tan would be perfect w/a graham cracker flavored bun or a maple dougnut bar.,would be perfect wa graham cracker flavored bun or a maple dougnut bar,0,0,0.04460399544078678
RT @Traptized: When all yo hoes hit you up at da same time.. http://t.co/VjXacSAfXT,rt when all yo hoes hit you up at da same time,0,0,0.01784341451838046
Come thru Keyshia you queen of THOTs bitch!!,come thru keyshia you queen of thots bitch,0,0,0.016854802162608106
"#porn,#android,#iphone,#ipad,#sex,#xxx, | #Hairy | Hairy pussy http://t.co/9DOIbSkT17",hairy pussy,0,0,0.023677427444742077
@21Cvasquez little bitch your ass is getting tased when I get home,little bitch your ass is getting tased when i get home,0,0,0.027038947353698266
Niggahs need to keep there bitches in check ',niggahs need to keep there bitches in check,0,0,0.01768678785933808
RT @rollieghost: &#8220;@vivalajayxoxo: Women would put up with very little love as long as the man have money..gross&#8221; bitches be with broke abus&#8230;,rt women would put up with very little love as long as the man have moneygross bitches be with broke abus,0,0,0.003510324493493999
just a casual ghetto family twerk session http://t.co/jRmePckCqs,just a casual ghetto family twerk session,0,0,0.044170979341060033
"It's not ""unique"" it's ghetto as hell.",its not unique its ghetto as hell,0,0,0.018929461314884287
"@BlackberryTroll Blah. If people are determined to think of you as a condescending bitch, it's their loss.",blah if people are determined to think of you as a condescending bitch its their loss,0,0,0.01786940587223921
&#8220;@mikeceeno: Just seen 2 pregnant bitches fight&#8221; did the look like sumo wrestlers?,just seen 2 pregnant bitches fight did the look like sumo wrestlers,0,0,0.008752910721879904
"@Swagner_813 come see me. anyone named ""swagner"" is obviously a pussy",come see me anyone named swagner is obviously a pussy,0,0,0.05321248910515382
What's that makeup called on your cheeks? I call it bitch spots lmao,whats that makeup called on your cheeks i call it bitch spots lmao,0,0,0.03714784880927819
I'm late as hell....Niggas really hating cuz these hoes want that lightskin dude in jail y'all crazy,im late as hellniggas really hating cuz these hoes want that lightskin dude in jail yall crazy,0,0,0.014633607361515168
maybe bitches will stop talking about this dude omari one day,maybe bitches will stop talking about this dude omari one day,0,0,0.007605232861906294
They rude RT @Anointed_Mouf: I wish you bitches would stop calling while I'm trying to get dicked down by your nigga &#128530;,they rude rt i wish you bitches would stop calling while im trying to get dicked down by your nigga,0,0,0.05519312972330871
"RT @kiaspeaks: Yall stay tracking pussy miles, but refuse to put any effort into controlling your own peen. But okay...I guess. Whatever ke&#8230;",rt yall stay tracking pussy miles but refuse to put any effort into controlling your own peen but okayi guess whatever ke,0,0,0.0023410161466239894
Well good morning early birds.. t minus 47 mins until thee clock out. Then breakfast shower rub one and sleep!,well good morning early birds t minus 47 mins until thee clock out then breakfast shower rub one and sleep,0,0,0.0025584117833551356
Bullets through a nigguh tru jeans,bullets through a nigguh tru jeans,1,0,0.041070453019671715
@marylene58 @sunflower1790 @shelliecorreia @Jan4USA no just a niggress that thinks she's human.,no just a niggress that thinks shes human,1,0,0.10759956422938893
I called at least 20 times to make my hair appointment and these bitches don't pick -.- guess I have to stop in to make an appointment #Grrr,i called at least 20 times to make my hair appointment and these bitches dont pick guess i have to stop in to make an appointment,0,0,0.0029597637107660027
@Barbod6FCB Am not gonna shut shit up bitch but u can get yo punk ass out there hoe ass nigga,am not gonna shut shit up bitch but u can get yo punk ass out there hoe ass nigga,0,0,0.15982292186345695
"@Whale__Tail what'd the note say? ""Stop being a bitch, here's some flowers. &lt;3"" gets em everytime",whatd the note say stop being a bitch heres some flowers lt3 gets em everytime,0,0,0.00913543521545166
Just in case the day couldn't get better wife's Rav 4 had a flat and being the redneck I am I put 16 inch rims on it so there goes $200x2,just in case the day couldnt get better wifes rav 4 had a flat and being the redneck i am i put 16 inch rims on it so there goes 200x2,0,0,0.05522172412869904
I'm old school I'll smack a bitch,im old school ill smack a bitch,0,0,0.020277663138060627
@JerGucci my luck the bitch gonna drug me an I won't even kno what happened lmao,my luck the bitch gonna drug me an i wont even kno what happened lmao,0,0,0.012101687001675332
This hot chocolate and Famous Amos too bomb right now,this hot chocolate and famous amos too bomb right now,0,0,0.02324400795527791
"i can be a sweetheart honestly, but being a bitch is my specialty",i can be a sweetheart honestly but being a bitch is my specialty,0,0,0.009670372041674234
I'm up and at it before the birds wake up so you can't tell me shit.,im up and at it before the birds wake up so you cant tell me shit,0,0,0.014416323998079156
@sramirez07943 you're failing at that and you don't know where I live faggot,youre failing at that and you dont know where i live faggot,0,1,0.5029272473470855
bitch I need that body high do not fuck wit my head pleeeease,bitch i need that body high do not fuck wit my head pleeeease,0,0,0.0057956539107538035
@slickbackjr_ I forgot you're the same bull that said Yeezus was good and that J.Cole is trash http://t.co/KkuZV5pdDr,i forgot youre the same bull that said yeezus was good and that jcole is trash,0,0,0.015199800582262257
RT @PedroBALLOUT: &#8220;@ApeezyBaby: New Year's Eve bitches be like ... #nye14 #drunkinlove #beyonce https://t.co/fsGa5WtKxn&#8221;,rt new years eve bitches be like,0,0,0.005972561254102911
Shoutout to my Mamma cause she Ain't Raise no hoe,shoutout to my mamma cause she aint raise no hoe,0,0,0.006680775278040602
"RT @Yankees: Congratulations Ichiro! That leadoff base hit in the 8th is hit No. 2,800 in his @MLB career!",rt congratulations ichiro that leadoff base hit in the 8th is hit no 2800 in his career,0,0,0.04678832811799005
That hoe was nipping,that hoe was nipping,0,0,0.017956235030136325
"3 things i cant stand while dealing with a bitch! 

A. HIT FEET
B. STANK ASS BREATH
C. SKANK ASS WAYS",3 things i cant stand while dealing with a bitch a hit feet b stank ass breath c skank ass ways,0,0,0.00991577245602966
@kieffer_jason @sbsylvester where y'all be at oh we going fight come to town east bitch,where yall be at oh we going fight come to town east bitch,0,0,0.007541335396449355
RT @Oz_lito: @1stBlocJeremiah ctfu u bloody but yes doe bitch ball out cracked hot dog in dat bitch,rt ctfu u bloody but yes doe bitch ball out cracked hot dog in dat bitch,0,0,0.0024855914841497647
"Call when you grow up. If you live that long. Sorry for parents with such poor skills they got you .@Fuck_slums: @veritaz old bitch""",call when you grow up if you live that long sorry for parents with such poor skills they got you old bitch,0,0,0.02767929907239208
RT @Ballardddd: If @victorgee97 or @Lyyssaaaaaa don't know you then you are not welcome on saturday bitches #privileges,rt if or dont know you then you are not welcome on saturday bitches,0,0,0.004599238626868509
"RT @illest_qveen: im sick of bitches , bitching about other bitches &#128530;",rt im sick of bitches bitching about other bitches,0,0,0.002540503889426095
really bitch,really bitch,0,0,0.015693269243080923
"Jamaica populated with island hillbillies. Even linguistics are kind of the same, if you sub the accent. Olde English derivatives.",jamaica populated with island hillbillies even linguistics are kind of the same if you sub the accent olde english derivatives,0,0,0.02042354091126475
"I put it ona bitch make her bang ma set &#128076; I gave this hoe dick , I came I left &#9996;&#65039;",i put it ona bitch make her bang ma set i gave this hoe dick i came i left,0,0,0.0019975814577050345
"RT @jrsalzman: Buzzfeed males who live in the city and buy meat under plastic, mock girls who use guns and go hunting. Who is more manly?",rt buzzfeed males who live in the city and buy meat under plastic mock girls who use guns and go hunting who is more manly,0,0,0.0029135706128482017
@King_Albert21 @Ceto_13 u pulled.that queer shit as spon as u put no homo lol,u pulledthat queer shit as spon as u put no homo lol,1,0,0.3183844480145919
&#8220;@Caiivs: On some real shit if I catch this bitch it's game on.&#8221;,on some real shit if i catch this bitch its game on,0,0,0.0034764419808061423
Phone drier than yo bitch scalp &#127797;,phone drier than yo bitch scalp,0,0,0.017229324430151814
RT @YrnReggie: How bitch how?&#128529;&#128514;&#128514; http://t.co/FCQfDKI4Zn,rt how bitch how,0,0,0.0041493828698305575
"RT @DatingTrick: As a girlfriend, you have to accept the fact hoes are gonna be all up in his face. But as a boyfriend, he better let them &#8230;",rt as a girlfriend you have to accept the fact hoes are gonna be all up in his face but as a boyfriend he better let them,0,0,0.010074050509737444
RT @TrillAssKass: wet pussy makes the dick slip out &#128166;&#128540;,rt wet pussy makes the dick slip out,0,0,0.014607734981001808
I didn't forsake all other bitches for my wife to be getting fucked on by another nigga. and you know she married? you gotta die.,i didnt forsake all other bitches for my wife to be getting fucked on by another nigga and you know she married you gotta die,1,0,0.0064724565240416
Lol actually bitch please choke on my nuts.,lol actually bitch please choke on my nuts,0,0,0.00535358199703425
RT @KrisDaRebel: &#8220;@Aye_Benny: Searching for these hoes I got &#128533; http://t.co/DsdfEjI65U&#8221; you ain't the only one Bruh http://t.co/c7R3WRcPK0,rt searching for these hoes i got you aint the only one bruh,0,0,0.006415778605192083
"dope in the bag, pretty bitch on the side
I sell dope in the back,if you tryna get high #ty",dope in the bag pretty bitch on the side i sell dope in the backif you tryna get high,0,0,0.0030795458479419063
@eonline @KimKardashian @kanyewest mr. and mrs trash,mr and mrs trash,0,0,0.036230582164268006
RT @yasminmarie23: When you realize you got no hoes http://t.co/s5YVAv8G7l,rt when you realize you got no hoes,0,0,0.0039155778909570555
@_theDarius bitch get that job first.,bitch get that job first,0,0,0.016867383735536347
RT @ZephTheGreat: Not all black girls are ghetto .,rt not all black girls are ghetto,0,0,0.011076441003374227
"Remember when I told yall bout my coworker not lookin out a couple weeks back?.. Karma's a hoe, got his ass.",remember when i told yall bout my coworker not lookin out a couple weeks back karmas a hoe got his ass,0,0,0.0033271751599859367
"RT @arlingtondems: Hey Arlington Democrats! For you early birds, join us @BusboysAndPoets tomorrow. It's the Second Saturday of April. http&#8230;",rt hey arlington democrats for you early birds join us tomorrow its the second saturday of april,0,0,0.0014942449987253095
@_xpriceless_ correction bitch yo illiterate ass wanna eat my pussy and I got some center street boys dat u can suck up nun major,correction bitch yo illiterate ass wanna eat my pussy and i got some center street boys dat u can suck up nun major,0,0,0.0016610593765682528
Shut up faggot,shut up faggot,1,0,0.3449187267359761
"I'm from Long Beach California... so people automatically think I'ma badass, or a bitch.... hahha",im from long beach california so people automatically think ima badass or a bitch hahha,0,0,0.0374803834244515
"damn I have nothing to tweet,nothing to complain or bitch about
): lol",damn i have nothing to tweetnothing to complain or bitch about lol,0,0,0.02334647475961565
"I wish twitter had a ""stalk this bitch"" button",i wish twitter had a stalk this bitch button,0,0,0.0221085960013534
"RT @OhLeyo_: @vin_chenzo1 I'm a joke having hoes ain't shit, I'm just looking for the first girl I loved when I'm in these bitches. That's &#8230;",rt im a joke having hoes aint shit im just looking for the first girl i loved when im in these bitches thats,0,0,0.00018453649381491478
@moneydriven y u arguing with that ugly bitch on twitter,y u arguing with that ugly bitch on twitter,0,0,0.03424557533252248
@BarbieNixon a moment of silence for the bitch who changes her name everyday ..:-),a moment of silence for the bitch who changes her name everyday,0,0,0.006749254725191078
Ruley a bitch ry,ruley a bitch ry,0,0,0.015965330716316832
Monopoly is fucking stupid fuck that dumb ass game bitch ass shit,monopoly is fucking stupid fuck that dumb ass game bitch ass shit,0,0,0.16396423037887128
I'm the pull bitch,im the pull bitch,0,0,0.00824310901346761
RT @WavyKirk: @__CourtAintSHIT yeah yo girlfriend a bitch. I hope she got the hives.,rt yeah yo girlfriend a bitch i hope she got the hives,0,0,0.0038388818138092727
RT @Randall_Jayy: &#8220;@_100D: I got hard dick for all dez bitches. I get all they numbers I don't call dez bitches.&#8221; LMAO RT,rt i got hard dick for all dez bitches i get all they numbers i dont call dez bitches lmao rt,0,0,0.0002609223501912818
@Coley_Cee lol bitch u forcin it have a glass of water bitch u a lil thirsty for the puss thang,lol bitch u forcin it have a glass of water bitch u a lil thirsty for the puss thang,0,0,0.004586582076472141
Photo: Ima boss ass bitch. &#128128;&#128128;&#128128; #turntup #webad #wepretty #gayvegas #rupaulsdragrace #barb #minaj... http://t.co/4l4WtsNkIg,photo ima boss ass bitch,0,0,0.01941173627331796
"RT @firemunky: RIP Tom Foley
RIP Greg Sikorskey
RIP Charlie Anaya
RIP Wells Crowther
RIP Andy Fredericks",rt rip tom foley rip greg sikorskey rip charlie anaya rip wells crowther rip andy fredericks,0,0,0.0034759328020030856
I like to butt fuck fine ladies. Will I choke hold a bitch? Well maybe #55,i like to butt fuck fine ladies will i choke hold a bitch well maybe,0,0,0.018848904609168875
"@Lov3Tadaisha &#128514;&#128514;&#128514;&#128514;&#128514;&#128514; I gotta keep my ""hoes"" on private.",i gotta keep my hoes on private,0,0,0.010615308419874476
"""That ain't bro moves, that's hoe moves""",that aint bro moves thats hoe moves,0,0,0.0035941103994081816
RT @Ayoo_Desiee: Got like 10 hoes &#128143;&#128143;&#128143;&#128143; 3 baes &#128107;&#128107;&#128109;,rt got like 10 hoes 3 baes,0,0,0.011043455631740685
Gotta smile dat drive bad bitches crazy,gotta smile dat drive bad bitches crazy,0,0,0.0012427682079171208
International police operation disrupts Shylock banking Trojan - Computerworld: The GuardianInternational poli... http://t.co/zIBNJMIILJ,international police operation disrupts shylock banking trojan computerworld the guardianinternational poli,0,0,0.08127334658209198
RT @toddknife: Full @weakenednachos set (except the last song) from Southern Darkness Fest last month. Who's the ape on guitar? https://t.c&#8230;,rt full set except the last song from southern darkness fest last month whos the ape on guitar,0,0,0.020305655625750922
"RT @robdelaney: I put my pants on one leg at a time, just like you guys. But then I eat a plus-size model&#8217;s pussy in my helicopter.",rt i put my pants on one leg at a time just like you guys but then i eat a plussize model s pussy in my helicopter,0,0,0.005092013823676405
RT @sweetalliee: a loyal girl really truly does come with a smart mouth and arguments. only a hoe will let you do as you please cause she g&#8230;,rt a loyal girl really truly does come with a smart mouth and arguments only a hoe will let you do as you please cause she g,0,0,0.000819616526554762
@alexissixela__ stfu youre a pussy sit your ass down with all that noise,stfu youre a pussy sit your ass down with all that noise,0,0,0.061291217352538174
When her pussy doesn't taste like pineapples http://t.co/tWpg0XXwbB,when her pussy doesnt taste like pineapples,0,0,0.035428009331412415
All the redskins act like @DeSeanJackson11 te bitch @DeAngeloHall23 the bitch,all the redskins act like te bitch the bitch,0,0,0.002692622664031298
RT @lyciaaa_: I have zero hoes &#128533;,rt i have zero hoes,0,0,0.020279324170179927
@Badassjae fuck no my school boring and ghetto,fuck no my school boring and ghetto,0,0,0.07704398120440256
S/o to the homie @BlakkHoodie_562 niggah stay making bomb food when we high af,so to the homie niggah stay making bomb food when we high af,0,0,0.15204252434631796
@cristiannt_ nigga you beat who ass bitch we've never even fought so u need to stop making up shit and bring yo ass with them,nigga you beat who ass bitch weve never even fought so u need to stop making up shit and bring yo ass with them,0,0,0.08288809682708018
@Goldee_Locx lmao real shit though them bitches be dumb as fuck smh,lmao real shit though them bitches be dumb as fuck smh,0,0,0.00703282989970095
my NECK! my BACK! Lick my pussy and my crack!,my neck my back lick my pussy and my crack,0,0,0.040496206485152175
"""Nah its You @NoMeek_JustMilz: &#128514;&#128514;&#128514;&#128514; yo i thought some1 photoshopped my face on that faggot smmfh...i hate yall"" http://t.co/5e2fkQ3Q2T",nah its you yo i thought some1 photoshopped my face on that faggot smmfhi hate yall,1,0,0.49654229441466036
Yall hoes got nothing better to do than to gossip and play telephone.,yall hoes got nothing better to do than to gossip and play telephone,0,0,0.01675218277233758
No more SnapChat Selfies. No more Instagram Selfies. No more NOTHING i WILL NOT be a bad bitch a week man what am I going to do &#128546;&#128299;,no more snapchat selfies no more instagram selfies no more nothing i will not be a bad bitch a week man what am i going to do,0,0,0.005470041767389492
"RT @Pacific_Tomb: You hoes wanna tweet and talk about equality then hope solo better never see her family again,and go to prison and never &#8230;",rt you hoes wanna tweet and talk about equality then hope solo better never see her family againand go to prison and never,0,0,0.02536189271018278
RT @MIKEB_IN_THE_D: @_thomkins_ I got 11 nuggets this time bitch. #CouldntBeHappier,rt i got 11 nuggets this time bitch,0,0,0.00639864162713061
@megann_17 you should make me brownies!,you should make me brownies,0,0,0.01778501373485199
I swear ta god nigga all deses hoes want is a YRN ....,i swear ta god nigga all deses hoes want is a yrn,0,0,0.039775513270671845
"#QuestionIAskMySelf why should I be slapping this hoe tuh solve something, ima leave it alone..............I never usually listen to myself",why should i be slapping this hoe tuh solve something ima leave it alonei never usually listen to myself,0,0,0.013709641368308509
What mad cunt created masturbating? That dude needs a high 5...,what mad cunt created masturbating that dude needs a high 5,0,0,0.09889288998597723
Early bird gets the worm.... #GoGetIt,early bird gets the worm,0,0,0.0024303061670822817
"RT @Thatindianbruh: Rise of the planet of the apes doin a musical???

http://t.co/9ZxzlHti2M",rt rise of the planet of the apes doin a musical,0,0,0.019540676562199454
RT @GabrielaAngela4: @JacklynAnnn @TheOneMiss_Luu bitches lover the word quality because they quality Bitches.,rt bitches lover the word quality because they quality bitches,0,0,0.003672412011285084
@Shvkxir @RickiRoma @BaeSongz @JayZOverrated Ahmed and retard mikey for special Olympic boxing,ahmed and retard mikey for special olympic boxing,1,0,0.17975557432679742
RT @BigggDickBandit: You lil stupid ass bitch i aint fuckin wit you,rt you lil stupid ass bitch i aint fuckin wit you,0,0,0.007606650148738278
RT @ThinkLikeRandy: When you've got 5 or 6 hoes every one of them sees her man as god.That's why you don't have sex with them very often. -&#8230;,rt when youve got 5 or 6 hoes every one of them sees her man as godthats why you dont have sex with them very often,0,0,0.0025387545807873777
RT @odotkay: Mother's Day is n 16 mins. Y'all bitches picked y'all kids up from yo mama house so u can have 24hrs of custody n Instagram p&#8230;,rt mothers day is n 16 mins yall bitches picked yall kids up from yo mama house so u can have 24hrs of custody n instagram p,0,0,0.0006928789219414287
@LifeAsKing I've only like about 3 pair..they're overpriced trash ..,ive only like about 3 pairtheyre overpriced trash,0,0,0.0248455132727802
RT @yankee7kid: Who's to blame for the Yankees underperformance this year? The Umps? Management? The Ebola Outbreak?...How 'bout the player&#8230;,rt whos to blame for the yankees underperformance this year the umps management the ebola outbreakhow bout the player,0,0,0.007299827099520239
My sister called the chinks an asked was they open ctfu she fried!!,my sister called the chinks an asked was they open ctfu she fried,0,0,0.08345273939271385
These hoes worried bout the wrong things in life,these hoes worried bout the wrong things in life,0,0,0.002838516610076295
RT @EarlyLegend: I don't fuck with these hoes &amp; I don't fuck with niggas that's fuckin these hoes,rt i dont fuck with these hoes amp i dont fuck with niggas thats fuckin these hoes,1,0,0.04292319298577749
Happy Columbus Day! Even #BillMaher likes #cocaine and #Columbus!!! What the fuck is wrong with you #liberals? Fuckin' #moron #retards....,happy columbus day even likes and what the fuck is wrong with you fuckin,1,0,0.10120475848506574
RT @IHaveSex_Alot: @100D_ real shiit my niggah &#128175;&#9994;,rt real shiit my niggah,0,0,0.0546615525274009
will u love dat nigga even if he lose it all... or will u dip like the groupie hoes searching for another &#11088;&#65039;,will u love dat nigga even if he lose it all or will u dip like the groupie hoes searching for another,0,0,0.03932919417732762
RT @ian0012: dawn of the planet of the apes of the four calling birds of the three french hens of the two turtle doves of the partridge in &#8230;,rt dawn of the planet of the apes of the four calling birds of the three french hens of the two turtle doves of the partridge in,0,0,0.002872126826358494
"I mean...If you blow a foul there, it has to be a yellow in that situation no?",i meanif you blow a foul there it has to be a yellow in that situation no,0,0,0.018676212825482222
"@sramirez07943 
I miss you too faggot &#128557;&#128522; http://t.co/vKYJGRIIFf",i miss you too faggot,0,0,0.19119032637407096
"""These sour apple bitter bitches, I'm not fuckin wit em""",these sour apple bitter bitches im not fuckin wit em,1,0,0.009469687554760424
&#8220;@Chhicoo: @VSamone stupid bitch!&#8221; http://t.co/K7MyvFlWFg,stupid bitch,0,0,0.05633667638702526
Girls watch out for hoes who always have something to say bout your man bc they will be the main one tryin to fuck him behind your back,girls watch out for hoes who always have something to say bout your man bc they will be the main one tryin to fuck him behind your back,0,0,0.0077384374718721255
RT @semper_fiibitch: Farra from teen mom has 2 sex tapes on pornhub lmao hoe ass,rt farra from teen mom has 2 sex tapes on pornhub lmao hoe ass,0,0,0.006261294943960244
Miley cyrus kinda looks like a retarded care bear....,miley cyrus kinda looks like a retarded care bear,0,0,0.16754237661245797
&#8220;@Goldmind___: Smoke good weed with a bad bitch&#8221;&#128079;,smoke good weed with a bad bitch,0,0,0.002011101753656522
RT @kaseymizell: we may or may not be trash at taking pictures together http://t.co/bPJWl1aO2E,rt we may or may not be trash at taking pictures together,0,0,0.18169680219453477
Amo hangs http://t.co/h8UQDrjeCb,amo hangs,0,0,0.05020372358796218
Lmfaooooooooo bro RT @BrandNewAndrew: Strippers on twitter talking about how much money they made tonight. Like bitch i will rob you,lmfaooooooooo bro rt strippers on twitter talking about how much money they made tonight like bitch i will rob you,0,0,0.00456397504813124
RT @icyunv_shakia: &#8220;@1017_Sqquad Iont got not type ... Bad bitches is the only thing that I like&#8221;,rt iont got not type bad bitches is the only thing that i like,0,0,0.0035735185870134885
RT @xoxo_Nieceyy: Lol Imma start handing out guides &amp; manuals cause you bitches wanna be me so bad &#128514;&#128553;&#9995;&#128129;,rt lol imma start handing out guides amp manuals cause you bitches wanna be me so bad,0,0,0.00023576106197882986
ya'll niggers have a good thanksgiving,yall niggers have a good thanksgiving,0,0,0.3823644303588072
When bitches you don't like talk to you at work. #workproblems #workflow #byebitch https://t.co/gqZuNhCVd3,when bitches you dont like talk to you at work,0,0,0.009723062920162036
Shoot dat nigga n his shordy bitch,shoot dat nigga n his shordy bitch,0,0,0.10976004415526816
"Grats to Haye, still a bitch though",grats to haye still a bitch though,0,0,0.015965330716316832
"RT @FranquitoUno: Instagram, the only place you can find thirsty hoes and connects at the same time http://t.co/2fj7WrdTQ3",rt instagram the only place you can find thirsty hoes and connects at the same time,0,0,0.015331840328772018
Lemme find out that bitch nigga talking shit,lemme find out that bitch nigga talking shit,1,0,0.023218394647655446
"NEW Nashville Noise! @LukeBryanOnline loves burgers, @DierksBentley honky tonks, and @ChrisYoungMusic grabs a pizza. http://t.co/sCCDyhE6EY",new nashville noise loves burgers honky tonks and grabs a pizza,0,0,0.04964077590494213
"I'm really not a complete bitch, just socially handicapped &#128587;",im really not a complete bitch just socially handicapped,0,0,0.01802892566354763
"Basically, so...just do you. *shrugs* RT @CruzanChoklate: So if you're worried about being a ho or looking like one, good luck.",basically sojust do you shrugs rt so if youre worried about being a ho or looking like one good luck,0,0,0.07880061040194766
"@infidelpamelaLC I'm going to blame the black man, since they always blame ""whitey"" I'm an equal opportunity hater.",im going to blame the black man since they always blame whitey im an equal opportunity hater,1,0,0.42214606756364703
"&#8220;@TinnyTimm: &#9994;&#128558; u r gey af. But you're my boy I'm glad I'm close with you. You dumb bitch&#8221; how guys say ""I love you"" &#128527;",u r gey af but youre my boy im glad im close with you you dumb bitch how guys say i love you,0,0,0.007708990563410224
Only hoes love me,only hoes love me,0,0,0.029768422189417384
bitches please in napa fewer than 100 people were injured and literally 2 of those were reported as critical,bitches please in napa fewer than 100 people were injured and literally 2 of those were reported as critical,0,0,0.01555402512970271
RT @SC4K: Getting ready for the annual heart and sole luncheon @RenHotels #cle with @EricGordon_CEO http://t.co/UJ721FmsXB,rt getting ready for the annual heart and sole luncheon with,0,0,0.005509608160136624
RT @mwootey420: Chael P suplexin motherfuckers on their domes and shit,rt chael p suplexin motherfuckers on their domes and shit,0,0,0.03065780407092837
Hungry then a hoe,hungry then a hoe,0,0,0.010792892067881225
RT @kitt: @shinypb not only you. and that pom stuff? totally porn.,rt not only you and that pom stuff totally porn,0,0,0.026672090531786846
"@aldofelix naw dude I wish, they're white trash",naw dude i wish theyre white trash,1,1,0.5893912724967414
@caylanashlee cause everyone just loves yo bitch ass rite? Yea sure...,cause everyone just loves yo bitch ass rite yea sure,0,0,0.015831021940862288
RT @zekNcashe: you can't question snoop dogg he a OG he told us not to love these hoes.,rt you cant question snoop dogg he a og he told us not to love these hoes,0,0,0.0023362686185059737
"""@thejudyann: annoying bitch that I love http://t.co/8oxlQvQBrC"" JUDYANN'S SO PRETTY!!!!!",annoying bitch that i love judyanns so pretty,0,0,0.0027909020562866664
RT @iamKatJohnson: @1inkkofrosess bitch get it how you live &#128514;&#128175;,rt bitch get it how you live,0,0,0.007470519468202013
I'm just gonna get my dog to eat a bitch,im just gonna get my dog to eat a bitch,0,0,0.002631813104944017
@AyeFuckWoody @coryburgess87 do i literally eat asshole for a living? is that what i actually do faggot? You seem a little confused..,do i literally eat asshole for a living is that what i actually do faggot you seem a little confused,1,0,0.09357986513626115
@Tristine214 I swear des hoes just making up challenges now,i swear des hoes just making up challenges now,0,0,0.030517887937050035
Dark skinned girls with blonde hair need to stop it. The only bitch that can rock that is Dijonay from The Proud Family.,dark skinned girls with blonde hair need to stop it the only bitch that can rock that is dijonay from the proud family,0,0,0.006446863741959611
"Jameis Winston got benched for standing on a table and saying ""Fuck her right in her pussy"".

The irony is so deep you can use a shovel.",jameis winston got benched for standing on a table and saying fuck her right in her pussy the irony is so deep you can use a shovel,0,0,0.0010314223752535122
@kieffer_jason here let me say it more clearly since your retarded ass don't understand,here let me say it more clearly since your retarded ass dont understand,1,0,0.04983857615770449
RT @AlmightyVinny_: Fucc hoes dats how I feel,rt fucc hoes dats how i feel,0,0,0.010921399812301788
"Yes lawd &#171;@JusDahl God took extra time on you... &#8220;@jaleesaraex: ""you have lips like kylie jenner""
...bitch I'm black http://t.co/zj2Guu0pCM",yes lawd god took extra time on you you have lips like kylie jenner bitch im black,0,0,0.0145969081419149
RT @CapoToHeaven Sorority girls the absolute worst bitches,rt sorority girls the absolute worst bitches,0,0,0.0015076313082571077
Where a prego bitch when I need one I have no milk an a whole box of cinnamon toast crunch man,where a prego bitch when i need one i have no milk an a whole box of cinnamon toast crunch man,0,0,0.005350223789095744
Jameis tweet RT @MrCOOK_ Fuck her right in the pussy,jameis tweet rt fuck her right in the pussy,0,0,0.006851687434596482
RT @GuyCodes: One loyal girlfriend is worth more than a hundred hoes.,rt one loyal girlfriend is worth more than a hundred hoes,0,0,0.002733340865845946
I ain't buying no pussy I got too many followers for that,i aint buying no pussy i got too many followers for that,0,0,0.025314848155251056
@Juicy_james01 ain't no love 4 these hoes,aint no love 4 these hoes,0,0,0.0047074231315524994
"&#8220;@GlitteredInPink: ""@West305: Bored as hell."" Shoulda answered my phone calls bitch&#8221; i rather be bored.",bored as hell shoulda answered my phone calls bitch i rather be bored,0,0,0.016915595097415376
@SexWith_SocksOn faggot,faggot,1,0,0.42632796440691967
"RT @_forevernee: I hate a copy cat ass bitch. Monkey see, monkey do ass bitch &#128544;",rt i hate a copy cat ass bitch monkey see monkey do ass bitch,0,0,0.0142070201629071
@kieffer_jason u feel like dumb ass don't u pussy boy,u feel like dumb ass dont u pussy boy,0,0,0.022564377632045968
Im n a tight circle bitch you can't get thru dis loop,im n a tight circle bitch you cant get thru dis loop,0,0,0.011882817794306472
"A guy on True Blood is getting his penis inspected and the doctor told him it look like an eggplant

&#127814;&#127814;&#127814;&#127814;&#127814;&#127814;&#127814;&#127814;&#127814;&#127814;&#127814;&#127814;&#127814;&#127814;&#127814;&#127814;&#127814;&#127814;&#127814;&#127814;&#127814;&#127814;&#127814;&#127814;&#127814;&#127814;&#127814;&#127814;&#127814;&#127814;&#127814;&#127814;&#127814;&#127814;&#127814;&#127814;&#127814;&#127814;&#127814;",a guy on true blood is getting his penis inspected and the doctor told him it look like an eggplant,0,0,0.013553913528105819
RT @SassiSissy: This assholes mother should have shoved a coat hanger up her pussy &amp; gouged him to death when he was a harmless fetus http:&#8230;,rt this assholes mother should have shoved a coat hanger up her pussy amp gouged him to death when he was a harmless fetus,0,0,0.0459243955477739
@kylegotjokes @yaaagirlllmeggx that's fucking bitches for ya! Using that pus to hook u,thats fucking bitches for ya using that pus to hook u,0,0,0.006264205863831675
For every hoe out there there's some nigga out there tryna save her and make turn her into a good woman...she jus keep ignoring his texts,for every hoe out there theres some nigga out there tryna save her and make turn her into a good womanshe jus keep ignoring his texts,0,0,0.2161906052242813
"Mfs see a picture of a couple walking on the stairs together &amp; caption it ""Goals&#128525;&#128588;"", bitch all they doing is going down the stairs",mfs see a picture of a couple walking on the stairs together amp caption it goals bitch all they doing is going down the stairs,0,0,0.024736317084276198
RT @iLovedrunkgirls: &#8220;@DseanAssAFool: Bruh I never seen so many ugly bitches in one picture before smh http://t.co/ypGGSf64ea&#8221; is that Luda&#8230;,rt bruh i never seen so many ugly bitches in one picture before smh is that luda,0,0,0.16207171546473106
"Idgaf about you flat chested hoes feelings either, you a grown ass man nigga.",idgaf about you flat chested hoes feelings either you a grown ass man nigga,0,0,0.010567655047660584
RT @woodpusha_: This bitch tried to give my dick a hickey,rt this bitch tried to give my dick a hickey,0,0,0.00643797008843141
"RT @RashodJackson: Nobody cares, bitch",rt nobody cares bitch,0,0,0.010870283196042467
Your bitch want to fuck the squad &#128527;&#128076;,your bitch want to fuck the squad,0,0,0.015238872543837231
Fuck this hoe ass professor she looks like an extra from Halloween town.,fuck this hoe ass professor she looks like an extra from halloween town,0,0,0.04581731810871624
We don't play &#127936; bitch there's no take backs,we dont play bitch theres no take backs,0,0,0.006126906453077974
RT @BBflockaJames: Point proven ima catch you bitch RT @Aj_Swagggg: @BBflockaJames ok bud,rt point proven ima catch you bitch rt ok bud,0,0,0.004193349996817309
"RT @collegefession: ""The only thing that Collegefession has taught me is that in fact, these hoes ain't loyal"" - Stony Brook",rt the only thing that collegefession has taught me is that in fact these hoes aint loyal stony brook,0,0,0.009240349075483913
"@Druggzz_ Its gonna bring it down though unless its turning into a welt already, like a bubble wit pussy. Gotta pop it an it'll be gone",its gonna bring it down though unless its turning into a welt already like a bubble wit pussy gotta pop it an itll be gone,0,0,0.013033593285378961
2 hoes 1 dyke,2 hoes 1 dyke,1,0,0.12244711890391664
@espinosa_32 pussy pussy pussy,pussy pussy pussy,0,0,0.0016207835768919199
"Y'all niggas ain't talking bout nothin.. Not a thang, not a not a thang hoe",yall niggas aint talking bout nothin not a thang not a not a thang hoe,0,0,0.10627041021306435
"@shrekkalove 
You speak colored too?
I thinks I be in love",you speak colored too i thinks i be in love,0,0,0.054030761375857335
That bitch cur my hair way to short,that bitch cur my hair way to short,0,0,0.012897218673168002
im watching you're next and this bitch just tried running outside and got her neck sliced,im watching youre next and this bitch just tried running outside and got her neck sliced,0,0,0.02208904647436283
"How now, gung-ho?",how now gungho,0,0,0.05020372358796218
Words for my single niggaz out here! too many bad bitches better than the last so never sweat a chick man they confused and that's ok.,words for my single niggaz out here too many bad bitches better than the last so never sweat a chick man they confused and thats ok,0,0,0.0010419839871989441
You estupid bitch I don't like you &#128074; how hard is it to understand,you estupid bitch i dont like you how hard is it to understand,0,0,0.01957869498978948
So is the term wigger. If someone chooses to listen to hip hop and act a certain way it's cause of his interests not race,so is the term wigger if someone chooses to listen to hip hop and act a certain way its cause of his interests not race,0,0,0.4265394152533632
@mynamesahmed @tonyr0ckyhorror I rather go choke on your moms bomb pussy,i rather go choke on your moms bomb pussy,0,0,0.022432875287805014
@socass_ Patrick you ain't nottin but a hood Nigga top bitch nigga,patrick you aint nottin but a hood nigga top bitch nigga,0,0,0.28498845318954424
RT @GMB_Ace: If more Den 5 Niggas can Say dey Fuked Yo bitch U Shuldnt Be cuffin Her &#8252;&#65039;&#128554;,rt if more den 5 niggas can say dey fuked yo bitch u shuldnt be cuffin her,0,0,0.16730828122880428
@yooocaly lets hang fag,lets hang fag,0,0,0.3636469514778821
Model bitches in the gym working on they fitness but it dont mean nothing cuz they still gon buy some titties!,model bitches in the gym working on they fitness but it dont mean nothing cuz they still gon buy some titties,0,0,0.0023472149395686245
@angelo_papale lol now all ya need is sum beacg bod abs pussy boy,lol now all ya need is sum beacg bod abs pussy boy,0,0,0.022916923585568027
@msteffens32 @StonerBoii2cold back in high school w/ one. fuck these hoes now nigga lol thats what they for,back in high school w one fuck these hoes now nigga lol thats what they for,0,0,0.094823466816294
If my tweets hit too close to home why you subbing me lil stupid ass bitch? Check Ya own fucking self issues lil bitch.,if my tweets hit too close to home why you subbing me lil stupid ass bitch check ya own fucking self issues lil bitch,0,0,0.008367366358811164
"Not ALL females constantly tweet about their boyfriends but I wish death on the ones that do. TIRED of you AND him, bitch",not all females constantly tweet about their boyfriends but i wish death on the ones that do tired of you and him bitch,0,0,0.0024378448711208805
"&#8220;@SheTwirlsMyKan3: I say bitch bad, woman good, lady better&#8221; Lupe?",i say bitch bad woman good lady better lupe,0,0,0.008571602163103507
&#8220;@Coley_Cee: @lil_aerii upload our pictures&#8221;. Wat pictures bitch,upload our pictures wat pictures bitch,0,0,0.028108402777417663
"All trash RT @nicekicks: Now that's a lot of stolen shoes...

https://t.co/q0wswXE7Fw",all trash rt now thats a lot of stolen shoes,0,0,0.014414689510596749
"I want some fire crackers not the baby ass fire works, Does Az have fire crackers ???",i want some fire crackers not the baby ass fire works does az have fire crackers,0,0,0.052447687208824055
RT @LUNAraps: smh u got Ebola now RT&#8220;@BryanRoxAll: I stick my foot out to feel some freshness and this bitch ass mosquito has the nerve to &#8230;,rt smh u got ebola now rt i stick my foot out to feel some freshness and this bitch ass mosquito has the nerve to,0,0,0.038721296400085405
@asiahh__ alright bitch I hope someone deletes your life suck 30 dicks and get hit by 2 buses,alright bitch i hope someone deletes your life suck 30 dicks and get hit by 2 buses,0,0,0.049920023172682064
My roommate is eating so obnoxiously I wanna fucking slit his throat,my roommate is eating so obnoxiously i wanna fucking slit his throat,0,0,0.41447007950077425
She told me that she love me I looked at and said bitch stop,she told me that she love me i looked at and said bitch stop,0,0,0.003423173818022669
@NotReallyGRyan think its cause she saw me doing biceps &#128527;&#128557;&#128514; lmao jk im still a bitch !&#128077;,think its cause she saw me doing biceps lmao jk im still a bitch,0,0,0.005240380338016017
Let's Go LA #support my niccas no matter what,lets go la my niccas no matter what,0,0,0.010072336178537634
"&#8220;@El_Grillo1: Islamic State suspects in Indonesia are Chinese Uighurs http://t.co/58IDicaHzT&#8221;
Uighur Jihadis: they're not just a PRC tool.",islamic state suspects in indonesia are chinese uighurs uighur jihadis theyre not just a prc tool,0,0,0.14823594764927145
"All you pussies is losers, all my niggas is winnin",all you pussies is losers all my niggas is winnin,0,0,0.07410246251120883
U of A hoes w/ the booties hangin out,u of a hoes w the booties hangin out,0,0,0.01755814964753596
@meaghanyockey @DoltYourselfs @annacoman Thanks for saying hi today bitch!!,thanks for saying hi today bitch,0,0,0.001030027881219473
&#8220;@skinnysowhat: @PAPER_CHAYSIN aye and when the hoes start coming don't forget who put you on &#128524;&#8221; I won't !!! &#128513;&#128513;&#128513;,aye and when the hoes start coming dont forget who put you on i wont,0,0,0.011100130491941978
&#8220;@sportspickle: The fruit of the modern Yankees farm system. http://t.co/LfWC3LSRjO&#8221; Joba the Nut.,the fruit of the modern yankees farm system joba the nut,0,0,0.009832652514630641
"RT @FriendlyAssh0le: im not rude, most people are just sensitive little bitches",rt im not rude most people are just sensitive little bitches,0,0,0.010742146918360503
You can't trust no chick that got a pet cat b those bitches be mad sneaky,you cant trust no chick that got a pet cat b those bitches be mad sneaky,0,0,0.0023472667782996294
"RT @YABOYLILB: ""And if you aint a hoe, GET UP OUT MY TRAPHOUSEEEE"" http://t.co/eNStJlXb2H",rt and if you aint a hoe get up out my traphouseeee,0,0,0.005724497887285053
California has gangs because California is trash.,california has gangs because california is trash,0,0,0.12847444960466534
RT @GeorgeKelleyJr: If ur 20+ and still need ur parent's permission to do stuff ur a little bitch #growup,rt if ur 20 and still need ur parents permission to do stuff ur a little bitch,0,0,0.017102646998869642
RT @Braceface_Tay: Tell them bitches I'll always be your Mrs.&#128141;,rt tell them bitches ill always be your mrs,0,0,0.008187115251359586
All these faggot fell asleep on me,all these faggot fell asleep on me,0,0,0.18878241205512192
RT @JosephTheFlyGuy: Loyal pussy is best pussy . Cus u know that's all yours .,rt loyal pussy is best pussy cus u know thats all yours,0,0,0.0014193586542322403
"RT @jennaferjenbub: &#8220;@BarryClerjuste: ""Anything below a A+ and we disown you ling ling"" http://t.co/m1QiWK4xZg&#8221; @AustinBedsaul",rt anything below a a and we disown you ling ling,0,0,0.023127936278432345
Friends don't let friends become guidos. #themoreyouknow,friends dont let friends become guidos,0,0,0.011022904765119221
"Teacher: You had all weekend to do you homework! Me: Uhm, sorry bitch but I have a life..",teacher you had all weekend to do you homework me uhm sorry bitch but i have a life,0,0,0.0029066396664451342
"you can tell when dick recently been in a pussy, taste nasty af ewww bitches better never play that shit",you can tell when dick recently been in a pussy taste nasty af ewww bitches better never play that shit,0,0,0.006793344921074977
RT @rosestokoe: My bitch makes your bitch look like precious &#128109;&#128111;&#128150;&#128571; #thebooty #ohgawd #bae http://t.co/7FcCkRhxJI,rt my bitch makes your bitch look like precious,0,0,0.0006888189465828619
"one deep in my phantom ghost, bad bitch with me excuse me where my manners go",one deep in my phantom ghost bad bitch with me excuse me where my manners go,0,0,0.008144321363130315
"""@TreLeKidd: Yo bitch is Gucci Mane RT @JabariTheGreat : My bitch a stoner &#128175;&#128175; http://t.co/lt9LIJjpg9""&#128514;&#128514;&#128514;&#128514;&#128514;&#128514;",yo bitch is gucci mane rt my bitch a stoner,0,0,0.0005239809999984737
RT @DFcuknAwesum: Kirk ain't nothing but a bitch #Love&amp;HipHop,rt kirk aint nothing but a bitch amphiphop,0,0,0.005677833056996599
I feel like I should be sad and all that pussy shit but I am just so pissed right now idk what I'm feeling.,i feel like i should be sad and all that pussy shit but i am just so pissed right now idk what im feeling,0,0,0.0011871192228917141
@thereal_2raw @AssGods Brah *falls out* white bitches crazy,brah falls out white bitches crazy,0,0,0.007507442813830054
RT @jaynovel: Real RT @JRUIZ__: Few things worse than forcing a conversation with a dumb bitch,rt real rt few things worse than forcing a conversation with a dumb bitch,0,0,0.00574066937461975
wouldn't be such a bitch if people didn't piss me off 24/7,wouldnt be such a bitch if people didnt piss me off 247,0,0,0.005301825956532921
"RT @tanajiamonay_: i hate hype ass bitches, like ... it's too early for you to be all loud; sit tf down somewhere.",rt i hate hype ass bitches like its too early for you to be all loud sit tf down somewhere,0,0,0.052182942540238836
Is Hillary the &#8216;dodo bird&#8217; candidate? http://t.co/3FyoSi28Jm via @worldnetdaily,is hillary the dodo bird candidate via,0,0,0.009302087315169984
RT @_ThatGirlKhaila: Yo hoe will get slayed &#128514;,rt yo hoe will get slayed,0,0,0.010618719803464268
"RT @wizkhalifa: Share your feelings but if iss some hoe shit, keep it to yourself.",rt share your feelings but if iss some hoe shit keep it to yourself,0,0,0.03128470837264046
RT @TurtleMcNasty: Well I'd love to stay and chat but you're a total bitch,rt well id love to stay and chat but youre a total bitch,0,0,0.004863158802794627
RT @MelloPsycho: Apparently the current hair trend for Hollywood bitches is to look like you lost a fight with a weed whacker.,rt apparently the current hair trend for hollywood bitches is to look like you lost a fight with a weed whacker,0,0,0.001373874538810739
Wow I swear I'm gonna cunt punch you,wow i swear im gonna cunt punch you,0,0,0.03171712729251947
Light skin niggah &#128514;,light skin niggah,0,0,0.041684390276823295
RT @iamSwagnificant: A real hoe will never let you turn her into a house wife.. She'll let you know what it is before you start catching fe&#8230;,rt a real hoe will never let you turn her into a house wife shell let you know what it is before you start catching fe,0,0,0.00031498874927186036
They didn't lose the city. Red Sox fans are bandwagon fans just like Yankee fan. #morningjoe,they didnt lose the city red sox fans are bandwagon fans just like yankee fan,0,0,0.0013120202207850288
When the pussy stank @MariekieBarone &#128514;&#128514;&#128514;&#128514;&#128514; http://t.co/X5LIVg2b0q,when the pussy stank,0,0,0.021177569743666913
"Not trash, just plain as fuck for $225. And come on, no elephant print on a 3?",not trash just plain as fuck for 225 and come on no elephant print on a 3,0,0,0.043290026196782384
"My cousin bio on her Instagram ""light skin, dark skin, brown skin bitches holla at me"" she funny as hell",my cousin bio on her instagram light skin dark skin brown skin bitches holla at me she funny as hell,0,0,0.0018682820676690012
Why black girls gotta be thots? Ain't nobody bringing up the fat white hoe you fucked back in middle school. #LoveOurWomen,why black girls gotta be thots aint nobody bringing up the fat white hoe you fucked back in middle school,0,0,0.14503018098580917
RT @Anastacia_Cole: I like being Asian and all but it's a struggle having squinty eyes in every picture,rt i like being asian and all but its a struggle having squinty eyes in every picture,0,0,0.021672965993632855
"@NYRKelsMads That pup was like, this bitch is AWESOME! Can I go home with YOU?",that pup was like this bitch is awesome can i go home with you,0,0,0.022128986360685846
tricking off ya paper ain't wat u do... gotta learn the game... make dat hoe buy u!!!!,tricking off ya paper aint wat u do gotta learn the game make dat hoe buy u,0,0,0.005744262496301916
RT @POONsoaker: You retarded if you say Birdmsn don't go hard.,rt you retarded if you say birdmsn dont go hard,0,0,0.0473773612885275
RT @darwinjames125: &#8220;@cali_dx: How black bitches drive when they fav song come on pt 1. &#128514;&#128514;&#128514;&#128514;&#128514; #GoLilStacy &#128514;&#128514; &#128514;&#128514;&#128514;&#128514; https://t.co/DKqhxPgoKP&#8221;,rt how black bitches drive when they fav song come on pt 1,0,0,0.007536497867423798
In two months tho hoe,in two months tho hoe,0,0,0.0175296695534219
"If you've ever been to drunk to fish, you might be a redneck",if youve ever been to drunk to fish you might be a redneck,0,0,0.08250237460450224
"@Zhugstubble naw nigga what's up with em hands, what happened to the shit you was talking a couple a month's ago, eat bitch",naw nigga whats up with em hands what happened to the shit you was talking a couple a months ago eat bitch,0,0,0.04883302312005838
Me and my big ol titty bitch @saverearose http://t.co/hGmdurJFYT,me and my big ol titty bitch,0,0,0.015098657829466903
Hey Okrah... Just wake up already. You already know Bammy and Moochie are in it for the commies. Stop with the racist whitey hate crap.,hey okrah just wake up already you already know bammy and moochie are in it for the commies stop with the racist whitey hate crap,0,1,0.7232791013116654
@_bradleey SAME&#128530; like bitch it's the struggles to use the stairs let ppl get on &#128074;,same like bitch its the struggles to use the stairs let ppl get on,0,0,0.005034283729232257
RT @GreatNegrodamus: Lmfaoooooooooo trash ass falcants RT @PacDaGoat: LMFAOOOOOOOOOOO ya stink @BlakeDaBasedSon,rt lmfaoooooooooo trash ass falcants rt lmfaooooooooooo ya stink,0,0,0.012174129997913362
@Deeiiggee hey bitch if your gonna talk shit tag me and quit being such a bitch how did I fuck up the car? Cause it won't hold air dumbass,hey bitch if your gonna talk shit tag me and quit being such a bitch how did i fuck up the car cause it wont hold air dumbass,0,0,0.00016239334427422237
RT @Naezus: I remember playing the Halo 4 episodes with @The_Paradox. The pussy finished all chapters without me. Fuck him.,rt i remember playing the halo 4 episodes with the pussy finished all chapters without me fuck him,0,0,0.007859208813446773
"Tryna get to home like base to base to base, closet looking like planet of the bathing apes",tryna get to home like base to base to base closet looking like planet of the bathing apes,0,0,0.015753439200039555
RT @ConservativeLA: Let the Dem concern-trolling commence in earnest! Wagons ho!,rt let the dem concerntrolling commence in earnest wagons ho,0,0,0.016880096050126966
@CapoDaAssHole lol that hoe for 5yr old,lol that hoe for 5yr old,0,0,0.012086568415975475
@staviebby2010 Mmmm sure dont seem like it.. lmfao but yess ill be that bitch:)) now are you done?,mmmm sure dont seem like it lmfao but yess ill be that bitch now are you done,0,0,0.03662416099597247
"If you work a graveyard shift, she cheating on you off tops. Somebody else gon be tucking ya bitch in.",if you work a graveyard shift she cheating on you off tops somebody else gon be tucking ya bitch in,0,0,0.002083423959930994
RT @CHlLDHOODRUINER: iphone 6 is trash watch me glo up http://t.co/XYwPaslCoB,rt iphone 6 is trash watch me glo up,0,0,0.034778921511888695
"&#8220;@keyna__: &#8220;@cosmeticJUNKiee: ""need to get laid &#128514;&#128514;&#128514;&#128514; 
sike im celibate""

bitches be like &#128070;&#128070;&#128070;&#128070;&#128070;&#128070;&#128070;&#8221;&#128064;&#8221;&#128064;",need to get laid sike im celibate bitches be like,0,0,0.0041050519792551815
@mrfoolycooly @DM___3 faggot alert,faggot alert,0,0,0.42632796440691967
"&#8220;@IdLikeToCare: @idpetition Wow, putting a whole manifesto up using TwitLonger. 

And by a Canadian. Hey hoser....how many will you adopt?",wow putting a whole manifesto up using twitlonger and by a canadian hey hoserhow many will you adopt,0,0,0.015695829756086625
WATCH-Obama&#8217;s Newly Released Gitmo Jihadi Has Links To Terrorists In Syria http://t.co/GufKoy44tk http://t.co/3n7M4PfNMx,watchobama s newly released gitmo jihadi has links to terrorists in syria,0,0,0.027081331486015638
"@FemsHaveBallz what an unfortunate clothing choice... Hoes with the crooked belly ring. Completes the ""dumb trash"" motif perfectly",what an unfortunate clothing choice hoes with the crooked belly ring completes the dumb trash motif perfectly,0,0,0.032175918913148145
The redskins should change their name to the injuns,the redskins should change their name to the injuns,0,0,0.02983320637337404
Light skin niccas always wanna try to be Ike Turner! Lol RT @LuckyLucci5: @VonshayeB only if u can take one back&#128514;&#128514;&#128514;,light skin niccas always wanna try to be ike turner lol rt only if u can take one back,0,0,0.10484040397639961
trash both ways lol RT @AgdaCoroner: Bitch Killed Herself....Look Like Bill Maher With Makeup on http://t.co/IWLAG2J5Sl,trash both ways lol rt bitch killed herselflook like bill maher with makeup on,0,0,0.01046330727043454
I hate dumb bitches,i hate dumb bitches,1,0,0.02370865528368217
RT @fukkitsbrittney: @AustinBedsaul is so wise yet so young. Thank you for listening to me bitch &#10084;&#65039;,rt is so wise yet so young thank you for listening to me bitch,0,0,0.006196061032099605
"RT @Todd__Kincannon: Cry, liberal bitches. Cry like you did when daddy left. MT @Slate: Republicans are abt to take control of state legisl&#8230;",rt cry liberal bitches cry like you did when daddy left mt republicans are abt to take control of state legisl,0,0,0.0021471517808812563
@Im_Thirst randies are fags,randies are fags,1,0,0.4173606676681628
&#128700;&#128700;- you a little genius man i need you for a class so u can help a nig out but you cool af man,you a little genius man i need you for a class so u can help a nig out but you cool af man,0,0,0.20815157356867267
Idc about none of these bitches .,idc about none of these bitches,0,0,0.009486140711272715
I feel like a swag fag w this shirt lmao http://t.co/P2x2qbejOh,i feel like a swag fag w this shirt lmao,0,0,0.06695865591113181
@abdullah_omar comes from a guy whose sole qualification to be CM is being the lucky sperm :-),comes from a guy whose sole qualification to be cm is being the lucky sperm,0,0,0.009414205273148072
Ive got the best friends a functioning retard could have.,ive got the best friends a functioning retard could have,0,0,0.023781025592871763
RT @Luke5SOS: 5sos are trash !,rt 5sos are trash,0,0,0.031319906538404135
you drove me redneck crazy,you drove me redneck crazy,0,0,0.02052626703850514
The Pirates have made the playoffs and the Yankees are out...hell has frozen over,the pirates have made the playoffs and the yankees are outhell has frozen over,0,0,0.04508164673673312
"BF: I think we need some pet insurance. GF: LMAO, why, what for? BF: Because I'm destroying your pussy everyday.",bf i think we need some pet insurance gf lmao why what for bf because im destroying your pussy everyday,0,0,0.002443454444981944
@iSkypeYourMomz @TrapGod3sss And I really be thuggin wtf I look like hanging around some lil chipotle Jamba Juice ass bitches&#8221; like &#128686;&#128686; &#128557;&#128514;&#128557;&#128514;,and i really be thuggin wtf i look like hanging around some lil chipotle jamba juice ass bitches like,0,0,0.005409784559461181
@chandraingram95 sounds like you bout to smack a hoe,sounds like you bout to smack a hoe,0,0,0.02037724762073016
RT @WayneL_Jr: 80% RT @NotMorris_: 60% of these hoes be fake gay,rt 80 rt 60 of these hoes be fake gay,0,0,0.03342158798133582
eggnog trash,eggnog trash,0,0,0.03682260412861692
"Y'all bitches be coming up with some dumb shit... What the fuck is ""fleek""? &#128529;",yall bitches be coming up with some dumb shit what the fuck is fleek,0,0,0.030144179061271804
"I'm not defending Ray Rice but that double standard is a bitch, ain't it http://t.co/PlKFb3LNEM",im not defending ray rice but that double standard is a bitch aint it,0,0,0.005771064472710875
That nig Darion couldn't help but act like the camera was on him... He didn't keep any composure eattin those crawfish hahaha,that nig darion couldnt help but act like the camera was on him he didnt keep any composure eattin those crawfish hahaha,0,0,0.054582284399745454
That niggah is me lol TMLT &#128514;&#128514;&#128514;,that niggah is me lol tmlt,0,0,0.06808838574736188
@Mimistheone stop trolling me u creepy ass cracker!!!,stop trolling me u creepy ass cracker,1,0,0.3591125479312989
RT @HoldMyCrown_23: &#8220;@daniellurrr: damn these bitches in middle school look grown af in these nudes&#128563;&#8221;,rt damn these bitches in middle school look grown af in these nudes,0,0,0.012567928521738903
RT @LittleMissAriee: after bitches get da dick they be dickmatized!,rt after bitches get da dick they be dickmatized,0,0,0.013139657613986909
"Get cunts to threaten me, not bothered. I'd happily hit up a big massive group ae third years or something hahaha. #dropkickkk",get cunts to threaten me not bothered id happily hit up a big massive group ae third years or something hahaha,0,0,0.015967929936261373
we need to pile some hoes in the back of Ross' car,we need to pile some hoes in the back of ross car,0,0,0.015979318623969656
The family of Ron O'Neal needs to sue Wu-Tang for that trash song they released in his name.,the family of ron oneal needs to sue wutang for that trash song they released in his name,0,0,0.1333741804258444
"Hate when bitches tryna put you in the friendzone...bitch I'm tryna score, put me in the end-zone",hate when bitches tryna put you in the friendzonebitch im tryna score put me in the endzone,0,0,0.006939988563055882
RT @woohdakidd_74: &#8220;@Shane_A1: I'm steady hearin bout these suppose to be tuff street niccas gettin fuccd n dey ass smh gay boys&#8221;&#128561;&#128561;smh sad &#8230;,rt im steady hearin bout these suppose to be tuff street niccas gettin fuccd n dey ass smh gay boys smh sad,0,0,0.15789226669677625
@DIRECTV why are you showing Yankees game in arizona when you promo Washington huskies game? I bet @dish would want my business,why are you showing yankees game in arizona when you promo washington huskies game i bet would want my business,0,0,0.03762018006048641
"""@metroadlib: colored contacts in your eyes?
blinders on mine.
cause i can't see you at all."" Lmao",colored contacts in your eyes blinders on mine cause i cant see you at all lmao,0,0,0.029368349384377913
"' If this ugly ass niggah can be with her , I can too . Tf she with Chuu Baka for anyways this niggah look like a... http://t.co/lVNDRDPpQT",if this ugly ass niggah can be with her i can too tf she with chuu baka for anyways this niggah look like a,1,0,0.29053845162203606
RT @NachoPicasso: These fine bitches are prolly poopin and flat ironing they hair to no flex zone right now...,rt these fine bitches are prolly poopin and flat ironing they hair to no flex zone right now,0,0,0.007524066941191205
"When all else fails, blast bare nips",when all else fails blast bare nips,0,0,0.03453374359554315
@ALatrice16 beautiful bride... Tell Erica congrats if she remembers a nig...,beautiful bride tell erica congrats if she remembers a nig,0,0,0.1394063764362648
&#8220;@YaBoyRoshi: When you try to smash but that pussy stank http://t.co/alfwPUmnls&#8221;,when you try to smash but that pussy stank,0,0,0.025987895178033717
This bitch instating and driving...&#128591; for me,this bitch instating and driving for me,0,0,0.012634894989811974
today i start breaking in a new pair of docs have mercy on my soles,today i start breaking in a new pair of docs have mercy on my soles,0,0,0.005272139608356425
"She is not a ""whore"" she a ho",she is not a whore she a ho,0,0,0.08732453116560274
"""@analicialouise: Tevin is my favorite sophomore I think he's so funny"" Hes really not. Lmaoo hes a little hoe",tevin is my favorite sophomore i think hes so funny hes really not lmaoo hes a little hoe,0,0,0.0250824893903413
@_tee13 @SoftestMuffin @TorahBlaze u 2 lost puppies dont know shit. Leave them niggers alone u can learn something besides how they like,u 2 lost puppies dont know shit leave them niggers alone u can learn something besides how they like,0,0,0.1954842857295375
RT @Dino_FooL: Ima catfish a bitch with fake arms,rt ima catfish a bitch with fake arms,0,0,0.011521054174142616
@zzzentropy @guynamedjordan bitch boys,bitch boys,0,0,0.021134975521907195
"RT @yunglust: @WeakndMLG @hannahtherapper she a hoe year-round, yeezy taught me",rt she a hoe yearround yeezy taught me,0,0,0.01101164205800864
Must have been a light skin hoe &#8220;@CampaignMindy: Lmfao wtf she mean af &#128557;&#128557;&#8220;@TrickingGawd: HE WASNT READY BRUH RIP!! http://t.co/lJRqrdBMfi&#8221;&#8221;,must have been a light skin hoe lmfao wtf she mean af he wasnt ready bruh rip,1,0,0.013898028076484974
"Bitch ass people are the first to call someone out for being a ""bitch""",bitch ass people are the first to call someone out for being a bitch,0,0,0.02404806188446902
All a nicca need is time .. #BePatient,all a nicca need is time,0,0,0.05148274581753385
I could b out here like some of these chicks...in the streets slingin pussy for a couple dollars but im not,i could b out here like some of these chicksin the streets slingin pussy for a couple dollars but im not,0,0,0.018187783847020206
"RT @iAmBitchassness: stop fucking calling these legends trash. Cuz the top artists of our generation ""take"" from the legends.",rt stop fucking calling these legends trash cuz the top artists of our generation take from the legends,0,0,0.051948951769049075
RT @illroots: The radio is trash.,rt the radio is trash,0,0,0.0267482070167246
Thee Bears are trash tho...,thee bears are trash tho,0,0,0.02107307794207138
"Yaz bitch yaz, http://t.co/EOmRMqWNqT",yaz bitch yaz,0,0,0.015965330716316832
RT @KMURDER1000: How am i suppose to ride for you&#128107; ? and you got bitches ina back seat &#128109;&#128111;&#128581;,rt how am i suppose to ride for you and you got bitches ina back seat,0,0,0.008252785836836094
"@tyler_wilde I'm just saying, it's not like you were up against a bird-eating spider or something. Bet @Pseudobread coulda done it",im just saying its not like you were up against a birdeating spider or something bet coulda done it,0,0,0.010831300095272764
aka don't ignore me bitches,aka dont ignore me bitches,0,0,0.0097463928494248
"RT @BiertempfelTrib: One more from @JimBowdenESPNxm: ""Yankees wouldn't be letting Polanco sit in minor leagues, because they're all about w&#8230;",rt one more from yankees wouldnt be letting polanco sit in minor leagues because theyre all about w,0,0,0.03382788649651188
Give us our credit bitch.. We went out there &amp; took that W. http://t.co/m5V4XKG7BY,give us our credit bitch we went out there amp took that w,0,0,0.004118964791357186
@itsjaylaaa eat shit nigga bitch turd bag dick beetle,eat shit nigga bitch turd bag dick beetle,1,0,0.047613806682851985
@nickboydos bunch of pussies.,bunch of pussies,0,0,0.03503507441169029
RT @AntiCHILL: Just had a convo wit my ex n she reminded me y she is my ex smh idk y i even answerd for this bitch,rt just had a convo wit my ex n she reminded me y she is my ex smh idk y i even answerd for this bitch,0,0,0.0026887895783540695
I just want to beat the fuck out of everyone that stares at me like bitch STAHP,i just want to beat the fuck out of everyone that stares at me like bitch stahp,0,0,0.043549013950989986
Hitler didn't finish it. Can u. If a nigger ur Jew confronts u in the street what then.,hitler didnt finish it can u if a nigger ur jew confronts u in the street what then,1,0,0.3858437376305322
My main bitch is a ghost,my main bitch is a ghost,0,0,0.012759463066774144
"RT @IAMNICKlMINAJ: I'm not saying she's a hoe, but she's been on more wieners than Heinz Ketchup.",rt im not saying shes a hoe but shes been on more wieners than heinz ketchup,0,0,0.005262645116595121
Lol life Made her a hoe,lol life made her a hoe,0,0,0.012139127084327583
RT @drunksixthgrade: my new years resolution is to fuck ur bitch 2014 times,rt my new years resolution is to fuck ur bitch 2014 times,0,0,0.009418421381773335
@usweekly that old cunt needs to sit down,that old cunt needs to sit down,0,0,0.16529912607784591
RT @BittyTang: &#8220;@Weed_Cloudz: Us calling females hoes for dressing as bunnies and cats for Halloween didn't discourage them one bit...lol&#8221;G&#8230;,rt us calling females hoes for dressing as bunnies and cats for halloween didnt discourage them one bitlol g,0,0,0.0026188938578353177
bitches love Sosa so I guess I'll wear Sammy Sosa &#128527;&#128514;,bitches love sosa so i guess ill wear sammy sosa,0,0,0.002868346167260502
"""@jaimescudi_: ""@Tonybthrz_: ""@jaimescudi_: I swear if oomf try talking to me tomorrow.."" @"" @BarackObama"" pussy",i swear if oomf try talking to me tomorrow pussy,0,0,0.021983307966924655
Is Moyles a retard lol? Starting Fellani instead ae RVP? Please come back Fergie #SirAlexFerguson #ManchesterUnited #ManchesterDerby #MUFC,is moyles a retard lol starting fellani instead ae rvp please come back fergie,0,0,0.18824502351964717
Glad I ain't got no bird legs &#128514;,glad i aint got no bird legs,0,0,0.0039807382931029076
Is Hillary the &#8216;dodo bird&#8217; candidate? http://t.co/YfUbgwQ4tw via @worldnetdaily,is hillary the dodo bird candidate via,0,0,0.009302087315169984
@IMTHATGUY_DHuck Happy Birthday pussy. Have a good one,happy birthday pussy have a good one,0,0,0.009455884735874382
"Perhaps Ezra Miller is the first crack toward changing that, regardless of whether he identifies as queer over gay.",perhaps ezra miller is the first crack toward changing that regardless of whether he identifies as queer over gay,0,1,0.5804552351607658
"RT @Heissarcastic: If my jokes offend you:

1) I'm sorry
2) It won't happen again
3) 1 &amp; 2 are lies
4) You're a pussy
5) Your Mom hates you&#8230;",rt if my jokes offend you 1 im sorry 2 it wont happen again 3 1 amp 2 are lies 4 youre a pussy 5 your mom hates you,0,0,0.0024445677406680004
"RT @bitchdicknigga: @Tronkitty bet nigger, I'm waiting for the car keys",rt bet nigger im waiting for the car keys,0,0,0.162264437907349
I swear I needa go on n go back to the old me because bitches think its a game apparently. Let's be real !,i swear i needa go on n go back to the old me because bitches think its a game apparently lets be real,0,0,0.003082757568376097
@G27Status Them stop being a bitch and do it,them stop being a bitch and do it,0,0,0.013075197064644323
When you ain't had pussy in a hot minute... http://t.co/tP05IA7JbX,when you aint had pussy in a hot minute,0,0,0.007262171169718477
"I fucking hate this fucking neighborhood, these fuckin bitches have someone over everyday ya3ne.",i fucking hate this fucking neighborhood these fuckin bitches have someone over everyday ya3ne,0,0,0.09135010687498636
RT @A1lovely_: At least i say im crazy...some nigga gotta find out a bitch wild when she shooting at they ass &#128514;,rt at least i say im crazysome nigga gotta find out a bitch wild when she shooting at they ass,1,0,0.010160604340662604
"I used to get GRs a lot, tho. maybe that's why my soles cracked so much... http://t.co/lRCb0vabiG",i used to get grs a lot tho maybe thats why my soles cracked so much,0,0,0.007005057626027734
"Put your hands down bitch, I ain't gon shoot you",put your hands down bitch i aint gon shoot you,0,0,0.0018397974265113226
@jessitron @Bsilverstrim77 ...in fact were I to start a for-profit university this would be the sole requirement for graduation!,in fact were i to start a forprofit university this would be the sole requirement for graduation,0,0,0.030797016761044793
"RT @TehDucKii: if my tweets ever offended you:
1.) im sorry
2.) it won't happen again
3.) 1 &amp; 2 are lies
4.) you're a fucking pussy",rt if my tweets ever offended you 1 im sorry 2 it wont happen again 3 1 amp 2 are lies 4 youre a fucking pussy,0,0,0.0044083941510436484
8/10 of the girls u went to hs with look horrible now but don't wanna believe it....I'm bout to piss them Facebook hoes off with this,810 of the girls u went to hs with look horrible now but dont wanna believe itim bout to piss them facebook hoes off with this,0,0,0.001193854451788839
@WyattNuckels I'm not fake bitch meet me after school then nigga,im not fake bitch meet me after school then nigga,0,0,0.03709578054654824
"My niccas on sum spooky shit, hide n a cut pop out n drop a bitch",my niccas on sum spooky shit hide n a cut pop out n drop a bitch,0,0,0.11138842163835948
RT @Chello_Sosa: These niggas in gangs jus be tryna fit in or jus be tryna get somebody to ride fa em or wit most of u niggas bitches,rt these niggas in gangs jus be tryna fit in or jus be tryna get somebody to ride fa em or wit most of u niggas bitches,0,0,0.09715496211653264
"Disturbing: feeling pressure from #ISIS fanboys, Al Qaeda fanboys resort to celebrating 9/11 to reclaim their Jihadi bona fides",disturbing feeling pressure from fanboys al qaeda fanboys resort to celebrating 911 to reclaim their jihadi bona fides,0,0,0.0045777839178266205
#uppers loving the show this morning. Chris is directing the conversation beautifully. Make the teabaggers talk!,loving the show this morning chris is directing the conversation beautifully make the teabaggers talk,0,0,0.007916619693725327
RT @HELL3RELL: Today is the only day you hoes get a pass for being a fool&#128514;,rt today is the only day you hoes get a pass for being a fool,0,0,0.003110407497493403
My hobbies consist of sleeping &amp; subtweeting about random people from school that don't even know me because I'm a judgemental bitch,my hobbies consist of sleeping amp subtweeting about random people from school that dont even know me because im a judgemental bitch,0,0,0.007327408600695766
&#8220;@souljaboy: @kmichelle shitty pussy &#128169;&#8221;&#9996;&#65039;,shitty pussy,0,0,0.016793352594195902
RT @C_Pritchett_: &#8220;@1BookieG: Money can't buy you love so I don't pay for no pussy&#8221;,rt money cant buy you love so i dont pay for no pussy,0,0,0.004295972731002922
RT @jessielee1028: @Hawkdaddy300 @GavinMHawks21 @Ur_Boy_George yeah I don't think that's okay...Fuckin drop it. You shouldn't even joke abo&#8230;,rt yeah i dont think thats okayfuckin drop it you shouldnt even joke abo,0,0,0.02955387773273816
@lettherainefall @Ann_E_Lizabeth and I are on our way to fuck your bitch,and i are on our way to fuck your bitch,0,0,0.058323805815550044
RT @RAYCHIELOVESU: I just don't understand the grey area of being a hoe but lying about it. Like close your legs OR just be about that life&#8230;,rt i just dont understand the grey area of being a hoe but lying about it like close your legs or just be about that life,0,0,0.007935123695473506
I'm beating bitch jay jay ass when I see this nigga . I really ova here dead tho &#128557;&#128514;&#128128;&#128514;&#128079;,im beating bitch jay jay ass when i see this nigga i really ova here dead tho,0,0,0.025121125092762635
Scrappy mom run all his bitches away,scrappy mom run all his bitches away,0,0,0.012803145916286366
@JennaHord12 Nooo Amber's supposed to kill me fag,nooo ambers supposed to kill me fag,0,1,0.8257614385161577
"RT @chanelpuke: me: goodnight moon 

moon: goodnight lil bitch",rt me goodnight moon moon goodnight lil bitch,0,0,0.0332971151242527
RT @NoContextAds: Tired of little bitches messing with your plants? Get your own Gangster Gladys http://t.co/LQbU0JG3br,rt tired of little bitches messing with your plants get your own gangster gladys,0,0,0.008170273544480957
Dafuq is floppy bird ?,dafuq is floppy bird,0,0,0.007719548335340732
RT @BLACKHILTON Some of y'all hoes thighs be so thick and can't even walk + Yankee food,rt some of yall hoes thighs be so thick and cant even walk yankee food,0,0,0.005687909186020884
RT @Rob_San9993: @214bighappy that bitch was looking for anything to go up her ass!..haha,rt that bitch was looking for anything to go up her asshaha,0,0,0.004400856290027163
She fuckin wit a young niggah,she fuckin wit a young niggah,0,0,0.0595717465519348
It aint nuffin to cut that bitch off!!!!,it aint nuffin to cut that bitch off,0,0,0.012980929653243227
*Teachers call you a pussy for not doing senior skip day*,teachers call you a pussy for not doing senior skip day,0,0,0.00752515344150825
People who don't put their blinkers on seriously just need to crash into a pole or something &#128548; #moveoutmyway#bitch,people who dont put their blinkers on seriously just need to crash into a pole or something,0,0,0.02786882677437356
"RT @FemsHaveBallz: The looters in #Ferguson are so retarded, that they risk arrest to get free food when EBT already pays for their food LO&#8230;",rt the looters in are so retarded that they risk arrest to get free food when ebt already pays for their food lo,0,0,0.05480558018607042
Twitter is for fags.,twitter is for fags,1,0,0.41513908437526315
Fuck that hoe.,fuck that hoe,0,0,0.06304009672897694
Hopefully this niggah buys my gamma 11's cause I want them,hopefully this niggah buys my gamma 11s cause i want them,0,0,0.05963601672519919
@rezlife3 I got your moms ass on my breath pussy ;),i got your moms ass on my breath pussy,0,0,0.0267094479175738
The Monday has been a bitch,the monday has been a bitch,0,0,0.01220289498689405
Whoever mocks the poor insults his Maker; he who is glad at calamity will not go unpunished. http://t.co/P7zwAoXi4l,whoever mocks the poor insults his maker he who is glad at calamity will not go unpunished,0,0,0.020847537365223375
"RT @NoHoesNextDoor: ""Tyrone I didn't mean to throw your mixtape in the trash c'mon fam"" http://t.co/RWWVzJuUZK",rt tyrone i didnt mean to throw your mixtape in the trash cmon fam,0,0,0.00993240517799169
why they playing trash on ESPN right now.,why they playing trash on espn right now,0,0,0.037528288685134005
RT @ChiefKeef: Finna fly me a Thot out here! Get back on My make bitches Fly like Peter Pan shit.,rt finna fly me a thot out here get back on my make bitches fly like peter pan shit,0,0,0.0037164809582286664
RT @RIPvuhsace: I deadass took this after i ate a darkskin bitch pussy the other day #NeverAgain http://t.co/IZFLyUDuGS,rt i deadass took this after i ate a darkskin bitch pussy the other day,0,0,0.0017011924471029356
"RT @DatDudeTorey: &#8220;@Aj_Swagggg: That ""boss ass bitch"" song got basics thinking they're models lmao #knowyourplace&#8221; &#128514;&#128514;&#128514;&#128514;&#128514;",rt that boss ass bitch song got basics thinking theyre models lmao,0,0,0.01379793671175368
"first thing to do when you meet a famous star:

sell my hoe",first thing to do when you meet a famous star sell my hoe,0,0,0.02329218733156733
I see u jigga!!!! Hillary $wankin,i see u jigga hillary wankin,0,0,0.05020372358796218
@AsapTwelvyy bruh bruh that bitch ain't loyal !,bruh bruh that bitch aint loyal,0,0,0.002317220381350273
RT @WorldStarFunny: I don't have an iPhone so I have to manually ignore these hoes http://t.co/LYZs1PU25I,rt i dont have an iphone so i have to manually ignore these hoes,0,0,0.008187729005198593
"Lesbians all be like ""yo-ho and scissor me timbers!""",lesbians all be like yoho and scissor me timbers,0,0,0.05513699043309929
@MoeEaseYaMind bitches crazy &#128553;&#128514;,bitches crazy,0,0,0.004245998570077648
RT @transtrenda: Okay okay but. Trans birds,rt okay okay but trans birds,0,0,0.005892227003109293
"""fuck you you pussy ass hater go suck a dick and die quick"" - Someone, to me, in Youtube comments. I think we'd be good friends.",fuck you you pussy ass hater go suck a dick and die quick someone to me in youtube comments i think wed be good friends,1,0,0.2494425924412307
Hope you find a bitch with some ass that satisfies ya needs,hope you find a bitch with some ass that satisfies ya needs,0,0,0.04754504649005148
@SoTrippyWhit remember that African bitch we used to work with at CMI?!,remember that african bitch we used to work with at cmi,0,0,0.015907462725514115
"@NoInfidel33 now kindly fuck off, like you said you were..twice! you sound like a little bitch...bitching! 
FUCKIN STALKER!",now kindly fuck off like you said you weretwice you sound like a little bitchbitching fuckin stalker,0,0,0.07573137265664866
"RT @DreGambiino: Niggas be like ""I got some hoes on the flo"" .... &#128567; http://t.co/swFpGRBliv",rt niggas be like i got some hoes on the flo,0,0,0.05057634131729678
Tf bitch do mine,tf bitch do mine,0,0,0.010449543872749701
RT @RahleeFranklin: don't cheat if she a down bitch,rt dont cheat if she a down bitch,0,0,0.016729620672154617
What the FUCK? THO? REALLY? The Entire FUCKING #World #MEDIA is has gone #Obama #retarded not to know #medical #science PROTOCOLS? #wuh?,what the fuck tho really the entire fucking is has gone not to know protocols,0,0,0.10812790687154249
@tiara_rachelle I'm not gone see your baby monkey lil ass anyway funky ass,im not gone see your baby monkey lil ass anyway funky ass,0,0,0.060454766036345316
Soap. I wish some pussy tho RT @ImJustCeej: What does your beard smell like?,soap i wish some pussy tho rt what does your beard smell like,0,0,0.0037367407106054357
"RT @FaZeDedo: To the rejects who constantly call my house and are threatening to rape my mom, karma's a bitch. Rot in hell, faggots.",rt to the rejects who constantly call my house and are threatening to rape my mom karmas a bitch rot in hell faggots,1,0,0.2288816206419824
The two ringless fags RT @EverybodyHatesX: Barkley &amp; Reggie were talking nonsense the entire game,the two ringless fags rt barkley amp reggie were talking nonsense the entire game,0,0,0.3730141440847306
Or continue to be a bitch..... That's cool too,or continue to be a bitch thats cool too,0,0,0.015058033700397936
I ain't even know white girls had good pussy like dat eitha lbvs they #WINNIN too,i aint even know white girls had good pussy like dat eitha lbvs they too,0,0,0.005091344603182107
I dont know a niggah that could cover for me,i dont know a niggah that could cover for me,0,0,0.05281330360323268
RT @DatNigPriest: @1BookieG not all of us my nig! I'm light skin with a dark skin mentality lol. We all black,rt not all of us my nig im light skin with a dark skin mentality lol we all black,0,0,0.2865543232813381
&#8220;@drphilDONTEhue: Now ma'am ... &#8220;@_PettyCrocker: Every jawn on here been tryna have they pussy cop a feel on Donte's peen&#8221;&#8221;&#128563;,now maam every jawn on here been tryna have they pussy cop a feel on dontes peen,0,0,0.007174773361944291
RT @SteveStfler: Rise of the planet of the apes http://t.co/10yadnRfKS,rt rise of the planet of the apes,0,0,0.019141407835201216
Talked to Deigo last night my dawg good like that bitch Maegan,talked to deigo last night my dawg good like that bitch maegan,0,0,0.00581664487705684
It's still Spring bitch,its still spring bitch,0,0,0.015965330716316832
These bitches irri.. irri irri..irri irri,these bitches irri irri irriirri irri,0,0,0.012213734167958035
Stupid teabagger restaurant making customers pay 'Minimum Wage Fee' http://t.co/gJKXmzIIzS,stupid teabagger restaurant making customers pay minimum wage fee,1,0,0.25883848331014503
@skyereyes_ @keanabermudez YOOOOOOOOOOOOOO LMFAOOOOOOOO im schlumped !!!!!! &#128514;&#128553;&#128514;&#128553;&#128128; I love my bitches &#128111;&#128111;&#128109; #squaaaaad &#128514;&#128553;&#128514;&#128128;,yoooooooooooooo lmfaoooooooo im schlumped i love my bitches,0,0,0.006968259320429838
Ayo I jus had a mini heart attack behind the wheel..north Philly n fire crackers don't mix&#128553;&#128553;&#128514;&#128514; I&#8230; http://t.co/o5v2E4LFtm,ayo i jus had a mini heart attack behind the wheelnorth philly n fire crackers dont mix i,0,0,0.06564587148759606
@RAEPaelMunturo @WorldStarFunny aye sae en feeld kawkin dyke,aye sae en feeld kawkin dyke,0,0,0.1841929550641684
"RT @LauraBehnke: #Yankees fans having flashbacks! RT @WCCORosen: @LauraBehnke You remember THIS Phil Hughes! It's already 4 to 0, still no &#8230;",rt fans having flashbacks rt you remember this phil hughes its already 4 to 0 still no,0,0,0.020426691641669086
Nope! It's just yellow OTL,nope its just yellow otl,0,0,0.009756916915444329
#HappyColumbusDay .....hate to sound all #PETA callous and all........but #buffalo had it a LOT WORSE than the #injuns..........,hate to sound all callous and allbut had it a lot worse than the,0,0,0.06537588960169045
Wow... RT @TayNic So THIS is why big titties were slandered today?!!&#128545; U bitch! RT @Alyricz: Stop the bullshit ... http://t.co/ghWS4TJT,wow rt so this is why big titties were slandered today u bitch rt stop the bullshit,0,0,0.008956506399525084
Pau a hoe. How u gon play after the trade deadline,pau a hoe how u gon play after the trade deadline,0,0,0.0037163472001558976
Just cause you be on every party seen dont mean you bad bitch!,just cause you be on every party seen dont mean you bad bitch,0,0,0.022022202274490595
"@NOTJOHNROSS try being respectful, instead of acting like a fucking retard.",try being respectful instead of acting like a fucking retard,0,0,0.4265291089943743
RT @fLEXing_: &#8220;@vivalaleexx: Sitting pretty makes bitches mad &#128129;&#128081;&#8221;pretty much,rt sitting pretty makes bitches mad pretty much,0,0,0.002983793188092557
"RT @NDFootball: Winston connects with Greene on the slant across the middle for the score. Ball game is tied, 17-17.",rt winston connects with greene on the slant across the middle for the score ball game is tied 1717,0,0,0.02575084026035221
"""@thotmouths: http://t.co/aQKGOrAUxx""

Lmao bitch got on some huggies",lmao bitch got on some huggies,0,0,0.01811792622180917
RT @FREDOSANTANA300: Woke up tryna fuck yo bitch,rt woke up tryna fuck yo bitch,0,0,0.02240460574984072
RT @SaertjeMirror: I am a zebra amongst the sheep.,rt i am a zebra amongst the sheep,0,0,0.02520032236137945
"""If you're a bad bitch put your hands up high"" 
Every girl in the room starts waving there hands around.",if youre a bad bitch put your hands up high every girl in the room starts waving there hands around,0,0,0.0011755080529917633
@AndreBerto can't wait for more PEDS is that it? Roid munching faggot,cant wait for more peds is that it roid munching faggot,1,0,0.38139968623166903
fuck u bitch &#8212; fuck u bitch http://t.co/oZPs1ZHObc,fuck u bitch fuck u bitch,0,0,0.07596355177931191
RT @KvngMelly_: When yall got the same baby mama and realize that bitch is the real enemy http://t.co/vdis3ghG6t,rt when yall got the same baby mama and realize that bitch is the real enemy,0,0,0.0007120012736526266
RT @DineroLoco_Bo: If a nigga fuck my bitch dats on ha cat .. but ima leave yu alone fa being trifling,rt if a nigga fuck my bitch dats on ha cat but ima leave yu alone fa being trifling,0,0,0.017733854246479514
@knvcklepvck gimme one with his mouth closed I can't draw teeth without making them look retarded oMF,gimme one with his mouth closed i cant draw teeth without making them look retarded omf,0,0,0.13782203546494012
The browns schedule for the first half of the year is literally retarded easy.,the browns schedule for the first half of the year is literally retarded easy,0,0,0.03366080864630363
There's other bad bitches &#128514;&#128514;,theres other bad bitches,0,0,0.005758044152173294
"Thinking about the ""boom boom boom waaay ho"" video makes me laugh at least once a day.",thinking about the boom boom boom waaay ho video makes me laugh at least once a day,0,0,0.023055073089434126
@iH8TvvitterHoes @breezyfrmdablok tell me how that sounds stupid? You were pretending to be a female and talking to a guy. You a faggot,tell me how that sounds stupid you were pretending to be a female and talking to a guy you a faggot,0,0,0.4225966086225108
Where's all my bitches....where did they goooo?,wheres all my bitcheswhere did they goooo,0,0,0.016447132120436782
RT @axelandrewsss: &#127919;&#8220;@TYRXNY: Basic tongue ring to suck dick with. And a basic costume. Recipe for a hoe &#8220;@Ohh_Kaila: Ready for work. http:&#8230;,rt basic tongue ring to suck dick with and a basic costume recipe for a hoe ready for work,0,0,0.00314954028809331
@MarshallSOTS you tryna say I'm a pussy? Of course I'm tryna slam. I ain't no pussy duuuuuuu,you tryna say im a pussy of course im tryna slam i aint no pussy duuuuuuu,0,0,0.0009401905855977277
I was informed about a bird (pheonix) today that I could not find a physical image of.All paintings.Mythological or extinct?,i was informed about a bird pheonix today that i could not find a physical image ofall paintingsmythological or extinct,0,0,0.0052599649598061
Use to trap them birds now I'm fly like a birdddd,use to trap them birds now im fly like a birdddd,0,0,0.00814569413297162
@FukknTyler I ain't light skin nigga I'm even colored lmao,i aint light skin nigga im even colored lmao,0,0,0.06125912805939821
@karlamorenoo dont even trip my niggah i got you lol,dont even trip my niggah i got you lol,0,0,0.026344600884597363
"@bogglethemind83 @AJ0427 Was about to fly to Portugal &amp; open a can of whoopass since they started to zoom out during ""Still run this bitch""",was about to fly to portugal amp open a can of whoopass since they started to zoom out during still run this bitch,0,0,0.0026665465136691277
I wish bitches would be straight up wit their friends and tell em they look ugly when they really do and not say they cute &#128530; smh,i wish bitches would be straight up wit their friends and tell em they look ugly when they really do and not say they cute smh,0,0,0.04669218762437187
"RT @_JohnFKennedy_: I choose to fuck all these bitches not because they're easy, but because I'm hard #PresidentialPounding",rt i choose to fuck all these bitches not because theyre easy but because im hard,0,0,0.0026927866651679233
Never turned my back on the birds,never turned my back on the birds,0,0,0.00812858931789378
this one bitch dont feel the same no more an henny dont really kill the pain no moree,this one bitch dont feel the same no more an henny dont really kill the pain no moree,0,0,0.021864327625542933
"@miranda_mills okay, let's fight you ginger faggot",okay lets fight you ginger faggot,1,0,0.29127636926274614
"#longhair don't care got my #gayboyproblems everywhere, I'm a #bitch I'm a #champ, I'm totally full of&#8230; http://t.co/Qia88qGmWh",dont care got my everywhere im a im a im totally full of,0,0,0.02219619256365846
RT @xNikiaaa_: @1stBlocJeremiah damn where you on house arrest at ? &amp; yup in tht bitch like &#128080;&#128131;&#128527;,rt damn where you on house arrest at amp yup in tht bitch like,0,0,0.0033821565333657746
@NicoleADietrich chug pee,chug pee,0,0,0.028365576521444637
"RT @TheOnlyReed: Sooner or later ya pussy gon tell
Me the truth, let's hope it's not while I'm in it, cause Ima kill u",rt sooner or later ya pussy gon tell me the truth lets hope its not while im in it cause ima kill u,0,0,0.034318002218690205
&#8220;@lovelyatotheb: This guy said he's slept with 300 girls.. Oh ok let me puke now.&#8221;I know a girl that had 70 dudes slut/whore not hoe,this guy said hes slept with 300 girls oh ok let me puke now i know a girl that had 70 dudes slutwhore not hoe,0,0,0.0003154244183212488
RT @imFindDory: lol when bitches tryna chill with me like do u kno who i am? im the mother fuxin Dory hoe I TOUCHED THE BUTT,rt lol when bitches tryna chill with me like do u kno who i am im the mother fuxin dory hoe i touched the butt,0,0,0.0008066479404781918
&#8220;@AyyyeThatsChubb: I wish i had my dad in my life but the bitch ass nigga still think im not his child!&#8221; LMFAOOOO but damn that's sad cuh !,i wish i had my dad in my life but the bitch ass nigga still think im not his child lmfaoooo but damn thats sad cuh,0,0,0.054656100241272904
@ClicquotSuave I would dead upper cut that bitch,i would dead upper cut that bitch,0,0,0.015626503821732696
@djfeds lmao yeah bitch that lil shit ripped .!,lmao yeah bitch that lil shit ripped,0,0,0.005996228026804278
RT @_SadisticBitch: I'll never understand how people can fake an entire relationship? I can't even fake a 'hello' to a bitch that I fucking&#8230;,rt ill never understand how people can fake an entire relationship i cant even fake a hello to a bitch that i fucking,0,0,0.15523229453022605
"@TurdJerguson @Liquorface 
Yup! And now we pickin you white bitches bare like a chicken leg",yup and now we pickin you white bitches bare like a chicken leg,0,0,0.025679728538434792
RT @karlos_budah: Give me head &amp; kiss yo nigga you a ill bitch,rt give me head amp kiss yo nigga you a ill bitch,0,0,0.021520742725039736
aye jalen can I borrow 50 dollars?? It aint like yu aint got two jobs?? Well can I borrow some pussy? I aint like yu gone give up no head!,aye jalen can i borrow 50 dollars it aint like yu aint got two jobs well can i borrow some pussy i aint like yu gone give up no head,0,0,0.0004914211544975319
the receptionist im always forced to talk to is such a racist cunt. i called her for an error and she said she'll call me. 40 mins. nothing.,the receptionist im always forced to talk to is such a racist cunt i called her for an error and she said shell call me 40 mins nothing,1,0,0.062224319189659795
RT @RelentIessness: this bitch thought she could cut my dick off http://t.co/gBR2YV669Y,rt this bitch thought she could cut my dick off,0,0,0.004554500342805877
"My honky, my honky. My motherfucking honky.",my honky my honky my motherfucking honky,0,0,0.03165597261965874
"I can't fuck with hoe niggas, I can't trust these hoes niether.",i cant fuck with hoe niggas i cant trust these hoes niether,0,0,0.04288239797153752
"RT @ESPNNFL: For the 1st time in the Tom Brady era, the Patriots are in sole possession of last place in the AFC East http://t.co/zMkwGNzOCT",rt for the 1st time in the tom brady era the patriots are in sole possession of last place in the afc east,0,0,0.060133365841111015
@HollowDaDonLOM those god damn chinks. http://t.co/Bi6fgP5vGo,those god damn chinks,1,0,0.14186996885008943
&#8220;@FunnyPicsDepot: All the seniors young side hoes gonna be at graduation like http://t.co/qFDBBu4hPV&#8221;,all the seniors young side hoes gonna be at graduation like,0,0,0.06625472880040942
RT @SincerelyTumblr: Becoming a cold hearted bitch wasn&#8217;t really what I planned to do with my life but here I am,rt becoming a cold hearted bitch wasn t really what i planned to do with my life but here i am,0,0,0.011135542193974637
We don't hire bitches,we dont hire bitches,0,0,0.026575279532299198
RT @WeLoveKi: Hol on bitch &#128553;&#128514;&#128557; https://t.co/RYESvYaI2u,rt hol on bitch,0,0,0.013535701151256335
I need a new bitch,i need a new bitch,0,0,0.021316422842268135
RT @Rob_San9993: @214bighappy gunna have me screaming at bitches and shit..lol,rt gunna have me screaming at bitches and shitlol,0,0,0.015201825342115874
"RT @Positivital: somewhere between ""i need therapy"" and ""bitch, im fine""",rt somewhere between i need therapy and bitch im fine,0,0,0.012862321722922817
Fuuuuuuuuck that bitch. #Snowpiercer,fuuuuuuuuck that bitch,0,0,0.015965330716316832
"@AndrewTaran That's a nice color combo too, love the blue and yellow.",thats a nice color combo too love the blue and yellow,0,0,0.030222873462829564
Can someone get me cheese and crackers,can someone get me cheese and crackers,0,0,0.058358142824506576
"neither have i :-/ RT @DerekIsNormal: I just...why...ok. RT @pieceofshittbh: ""I've never had a nigger cock"" https://t.co/JF9o9vjcBL",neither have i rt i justwhyok rt ive never had a nigger cock,0,0,0.23554109666903736
Aint no hoe in blood,aint no hoe in blood,0,0,0.009144621730519276
"And gabby was steady walking off laughing, I'm like bitch really &#128548; , if she ever fall around me I'ma get in my car and leave her there",and gabby was steady walking off laughing im like bitch really if she ever fall around me ima get in my car and leave her there,0,0,0.008010358717095246
"@Godbody_ream ""I want to eat your pussy"" &#128514;&#128514;&#128514;",i want to eat your pussy,0,0,0.0069736507658113575
not even sorry lmao growing up not having shit and STILL having to work for shit i deserve and seeing bitches get whatever pisses me off,not even sorry lmao growing up not having shit and still having to work for shit i deserve and seeing bitches get whatever pisses me off,0,0,0.002405413664501903
RT @Adddisonn: Smoke good weed with a bad bitch,rt smoke good weed with a bad bitch,0,0,0.0017013774474974432
Play pussy and get fucked!,play pussy and get fucked,0,0,0.009563265504708466
Never tell a bitch that I love her,never tell a bitch that i love her,0,0,0.009407376539936325
RT @DedePayton: All hoes are friendly. Althea wants to say hi.,rt all hoes are friendly althea wants to say hi,0,0,0.003681091042665313
@KuntIMKeesh lmao...nigga talking like he bag bitches,lmaonigga talking like he bag bitches,0,0,0.011949091000868663
The hoes aint classy no more more like trashyyy!,the hoes aint classy no more more like trashyyy,0,0,0.01807657508378731
@SteveWorks4You ..how much knob do you gobble in one day? Youre in over your head. What a blockhead you are.,how much knob do you gobble in one day youre in over your head what a blockhead you are,0,0,0.04274853928100323
@_WORDtotheWISE some hoe shit,some hoe shit,0,0,0.03549019628409182
pussy on my mind - bow wow,pussy on my mind bow wow,0,0,0.015147820358214914
@Inkedup_Tiny ^___^ still should've walked over and said something pussy,still shouldve walked over and said something pussy,0,0,0.012080495037073128
"@JohnColeGlover is big cat a ""fat pussy"" joke?",is big cat a fat pussy joke,0,0,0.027094305098439832
Nikko a gay bitch,nikko a gay bitch,0,0,0.09962138628301512
"@haylgroot ......bitch &#128530; yeah it was me.. Caught me red handed, sorry @jennholly",bitch yeah it was me caught me red handed sorry,0,0,0.005238343468292159
RT @SuperrrrMcNasty: You thought you had enough hair for a ponytail bitch ! http://t.co/PwFLBd3e,rt you thought you had enough hair for a ponytail bitch,0,0,0.008722164145325244
"RT @keep_ita_hunnit: Ya bitches got boddies but act like they dont count cause ya ""loved"" each other lmaoo",rt ya bitches got boddies but act like they dont count cause ya loved each other lmaoo,0,0,0.0010473552498148657
"@Kendracae ""bitches ain't shit but hoes with tricks""",bitches aint shit but hoes with tricks,0,0,0.001397756676283693
You're no way near about that life bitch lmao,youre no way near about that life bitch lmao,0,0,0.011558262175382273
"RT @JoeBudden: Nigga can&#8217;t even feel up on a bitch in a pic without the girl u fuckin getting mad, smh",rt nigga can t even feel up on a bitch in a pic without the girl u fuckin getting mad smh,0,0,0.016459308444099558
RT @juicygenie: @thotpockets fat bitches that think they cute,rt fat bitches that think they cute,0,0,0.21023038472178648
RT @Sexualgif: if you pass up the chance with a hot faithful girl cause the single life with hoes is on your mind you are just plain dumb m&#8230;,rt if you pass up the chance with a hot faithful girl cause the single life with hoes is on your mind you are just plain dumb m,0,0,0.0019921152013461798
"Big Squawk: Q: when will DFL dump Ryan ""Uncle Tom"" Winkler? 
} Not going to happen Berg
Bleat on.
#mngop proud #stribpol #mnleg",big squawk q when will dfl dump ryan uncle tom winkler not going to happen berg bleat on proud,0,0,0.036010185097502964
RT @XclairemckX: Drinking veuve cliquot and eating marshmallows basically because I'm a classy bitch.,rt drinking veuve cliquot and eating marshmallows basically because im a classy bitch,0,0,0.011353620063658336
These hoes be thirsty for attention,these hoes be thirsty for attention,0,0,0.027102104606015993
Dress like you're gonna see that bitch you hate everyday &#128139;?,dress like youre gonna see that bitch you hate everyday,0,0,0.002343222746050392
"Hurry up nigga this the last key, they dont know where the fiberglass safe at, to get in that bitch you need a glass key!",hurry up nigga this the last key they dont know where the fiberglass safe at to get in that bitch you need a glass key,0,0,0.018548458217974035
@ItsMeGrizz dink now uknow thats not true,dink now uknow thats not true,0,0,0.036701219388463366
Hazel e looks like a bird... Her and kaep prolly related by nose and shit,hazel e looks like a bird her and kaep prolly related by nose and shit,0,0,0.00777526019268988
These hoes crazy yo.,these hoes crazy yo,0,0,0.005874972754282629
RT @iMDatDudeFish: &#128514;&#128514;&#128514;&#128514; RT @VivaLaKash: #ThotGoals .. RT @LessonswithKate: I wanna learn how to jigg really good so I can be in the circle.,rt rt rt i wanna learn how to jigg really good so i can be in the circle,0,0,0.3548523071627433
I can't sleep so ima watch Spongebob and eat crackers and peanut butter,i cant sleep so ima watch spongebob and eat crackers and peanut butter,0,0,0.05527857888045272
I'm gonna be ghetto and color over the stain with a sharpie ctfu,im gonna be ghetto and color over the stain with a sharpie ctfu,0,0,0.08592784058634054
"Lol at the random ""fist fight"" aka pussy shove match at DnD tonight.",lol at the random fist fight aka pussy shove match at dnd tonight,0,0,0.008587240451583518
@thundercurlz yo ugly ass 4 eyes havin ass bitch,yo ugly ass 4 eyes havin ass bitch,0,0,0.09302665143960917
Yeah hoe.,yeah hoe,0,0,0.011348537181249277
"Thw White Iron Band plays this weekend in Fargo,ND at the Aquarium(21+) ,Friday(10-29-10) with Charlie Parr. The next night,Saturday...",thw white iron band plays this weekend in fargond at the aquarium21 friday102910 with charlie parr the next nightsaturday,0,0,0.009886368433649045
RT @ObeyKingKelvin: &#8220;@MellyDaKing_: Just gotta remind bae you got no hoes http://t.co/TfcInxlqhV&#8221;&#128514;,rt just gotta remind bae you got no hoes,0,0,0.0015284173821833772
Lashontae a bad bitch times 3,lashontae a bad bitch times 3,0,0,0.008954137332397328
That one drunk white bitch that always instigate problems involving at least one.black dude then crys afterwards when someone gets hurt,that one drunk white bitch that always instigate problems involving at least oneblack dude then crys afterwards when someone gets hurt,0,0,0.04171626240602712
RT @LifeAs_Meghan: I only wear weave because I like it !! A bitch got hair &#128514;&#128129;,rt i only wear weave because i like it a bitch got hair,0,0,0.004476705865302498
Niggas fall in love with an EVIL bitch and turn they back on they friends..... Its Cool Tho.,niggas fall in love with an evil bitch and turn they back on they friends its cool tho,0,0,0.036281683920578026
@iLLmak3Ufamous oh bitch! ... I just saw your instagram post and I SCREAMED,oh bitch i just saw your instagram post and i screamed,0,0,0.0038149507587579485
"@xDavilunAx ew pussy buy a fucking xbone , u got dat Puppy muny",ew pussy buy a fucking xbone u got dat puppy muny,0,0,0.1888460826823607
@DimelouXaOh keeping these hoes happy,keeping these hoes happy,0,0,0.007317387485477847
"RT @SwiperTheFaux: ""Ayo take this pic for me fam""

""Hell yea....the hoes gone like that one"" http://t.co/FBZ29aNAVh",rt ayo take this pic for me fam hell yeathe hoes gone like that one,0,0,0.0040099437749906985
RT @YoungGizzle_: First thing I look at is what's on a bitch feet,rt first thing i look at is whats on a bitch feet,0,0,0.025468632915147213
People with trash cars LOVE to drive fast and reckless,people with trash cars love to drive fast and reckless,0,0,0.010552109219073319
"RT @Doped_: same bitch talking abt you will be the only bitch in your face, but &#128056;&#9749;&#65039;.",rt same bitch talking abt you will be the only bitch in your face but,0,0,0.0010033662232613325
"RT @xochaton: you're a little bitch, and I'm straight up rude.",rt youre a little bitch and im straight up rude,0,0,0.06931922272541477
George Rockwell (2 of 3) Speech at Lynchberg Armo&#8230;: http://t.co/5LFXMdYU2g Proud to say my Uncle Kelly was at this speech in 63.,george rockwell 2 of 3 speech at lynchberg armo proud to say my uncle kelly was at this speech in 63,0,0,0.1658331021909355
This bitch Rihanna is on some dust or something,this bitch rihanna is on some dust or something,0,0,0.01325921933570542
Maybe I'm just some bitter ass nigguh like Obito,maybe im just some bitter ass nigguh like obito,0,0,0.020839147192711082
Really tempted to let out the redneck side of my drink a lot of beer and sing some country karaoke..,really tempted to let out the redneck side of my drink a lot of beer and sing some country karaoke,0,0,0.08915282260608128
Kyles a bitch,kyles a bitch,0,0,0.015965330716316832
1 loyal girl &gt; 1OO hoes,1 loyal girl gt 1oo hoes,0,0,0.02198532298453223
My nephew albino albinos have astigmatisms eye spasms partial blindness its not their faults,my nephew albino albinos have astigmatisms eye spasms partial blindness its not their faults,0,0,0.06344893572691898
spring break bitches,spring break bitches,0,0,0.020262876122445636
"RT @OpWarriorTeam: Hi ho, hi ho, it's off to work we go! It's #MilitaryMonday...support a military organization today. http://t.co/9DV04wk&#8230;",rt hi ho hi ho its off to work we go its support a military organization today,0,0,0.024302407230703028
"""Virgin pussy "" () "" , regular pussy "" ( ) "" , Oomf pussy (_________________________)",virgin pussy regular pussy oomf pussy,0,0,0.0015787711312615512
@StephanieSchall @Reinhard96 ooo Logan pulling bitches,ooo logan pulling bitches,0,0,0.010783764365160093
"Dad just yelled out ""in bout to fry some chicken like a nigger""",dad just yelled out in bout to fry some chicken like a nigger,1,0,0.31355570860292126
"Amber Rose is one of those bad bitches who ""only get along with dudes""",amber rose is one of those bad bitches who only get along with dudes,0,0,0.00227794205590263
RT @chilltweetss: flappy bird is deep... hahaha http://t.co/EMuhmR3jzE,rt flappy bird is deep hahaha,0,0,0.0017924316217945008
&#8220;@ZeeCobb: All I want for my birthday is a female with a large buttocks.&#8221; Big booty hoe,all i want for my birthday is a female with a large buttocks big booty hoe,0,0,0.002672917637992003
"RT @b_kolinskyy: ""Drop that bitch"" -@j_hikes on the atomic bomb",rt drop that bitch on the atomic bomb,0,0,0.01898238106225314
bitches be like i'm mixed wit Italian Chinese nd African American I be like bitch just cuz you ate ur&#8230; http://t.co/ZdWd3l8M,bitches be like im mixed wit italian chinese nd african american i be like bitch just cuz you ate ur,1,0,0.004905138275959752
Officials: Jihadi Cockroaches Now Booking Tickets On Cruise Ships To Syria http://t.co/hWKfMe75kx http://t.co/rLTlVYGpTl,officials jihadi cockroaches now booking tickets on cruise ships to syria,0,0,0.028115747344545233
Thursdays really been trash this season @nfl,thursdays really been trash this season,0,0,0.02396819169834402
"""He a bitch for hitting that hoe"" &#128514;&#128514;&#128514;&#128514;&#128514;&#128514;&#128514;&#128514;&#128514;",he a bitch for hitting that hoe,0,0,0.003073209974527156
The only thing about niccas is they be followers smh .. Be ya self everyone else is taken!!,the only thing about niccas is they be followers smh be ya self everyone else is taken,0,0,0.030816698234748873
RT @prettykells: &#8220;@100046729: @Leelucas_ bitch you not coming http://t.co/GXpfoLusXB&#8221;&#128514;&#128514;&#128514;&#128514;&#128514;&#128514;&#128514;&#128514;&#128514;&#128514;&#128514;&#128514;&#128514;,rt bitch you not coming,0,0,0.01063455660413981
"RT @mobilesuitwaifu: Like these bitches that have green eyed curly haired kids on their IG talking about ""my future child""",rt like these bitches that have green eyed curly haired kids on their ig talking about my future child,0,0,0.008235599136628642
All the bitches happy maybe one of his female friends can find him a bitvj,all the bitches happy maybe one of his female friends can find him a bitvj,0,0,0.002196209717341382
This reminds me of another quality video lol. He ain't fittin to front for these peckerwoods! http://t.co/AYpwHr0J62,this reminds me of another quality video lol he aint fittin to front for these peckerwoods,0,0,0.040933567591627966
It's Friday bitch!! http://t.co/9Taj2OUsCc,its friday bitch,0,0,0.011025406063999942
"RT @DvpeDreams: If her pussy got over 10 body counts, It's dead&#128128;. Pussies&#128049; only have 9 lives &#128514;",rt if her pussy got over 10 body counts its dead pussies only have 9 lives,0,0,0.00391745503269371
&#8220;@Leelucas_: Yall on my TL need to be sleep yall got school tomorrow&#8221; bitch I got straight A's ion need to go &#128514;,yall on my tl need to be sleep yall got school tomorrow bitch i got straight as ion need to go,0,0,0.0022705353662756007
"RT @youlovelena_: &#8220;@rolltide916: Wtf RT @Ambitious_Rome: &#128553;&#128552;&#128552; &#8220;@__sharae: he peed on this bitch https://t.co/wEJg4IkGIm&#8221;""&#8221; I'll cut his shit",rt wtf rt he peed on this bitch ill cut his shit,0,0,0.004419503597470078
RT @_TootieDee: Ion want the pussy if it come wit hairs,rt ion want the pussy if it come wit hairs,0,0,0.016259161622137353
RT @Harry_Styles: It was all yellow. http://t.co/xB4dkWuoKi,rt it was all yellow,0,0,0.018423415734193097
"@EaTMyTweetZz text me, we don't noisy hoes watching",text me we dont noisy hoes watching,0,0,0.0074835051825333085
nobody want a nigga to take them out on an expensive date.... just don't expect pussy cause you took the girl out... like TF,nobody want a nigga to take them out on an expensive date just dont expect pussy cause you took the girl out like tf,0,0,0.03130129763950668
"Zhou Mi was just layin on his bed and SM just busted into his room and was like ""You gettin a song bitch""",zhou mi was just layin on his bed and sm just busted into his room and was like you gettin a song bitch,0,0,0.02579289584395949
#IHopeSomeday that these hoes just find their own relationship instead of ruining others,that these hoes just find their own relationship instead of ruining others,0,0,0.013560941773206985
This nigga to my left ugly then a bitch,this nigga to my left ugly then a bitch,0,0,0.08587687593974508
bitch I'm me.... baby I'm me!!!,bitch im me baby im me,0,0,0.01181506136502312
Wash up hoe,wash up hoe,0,0,0.026892633688372834
"RT @_mikaylahh: I asked @zzachbarness to get me pink bunnies one time, so he brought me yellow chicks...&#128048;&#128149;",rt i asked to get me pink bunnies one time so he brought me yellow chicks,0,0,0.012199978931110725
"RT @MindOnSuccess_: My mother be on some trash man &#128514; I ask her EVERYDAY, you need/ want some money? She say ""Naw I'm good!"" But come payday&#8230;",rt my mother be on some trash man i ask her everyday you need want some money she say naw im good but come payday,0,0,0.008605828757372723
"@RottenStench 
Tanks a lot dare mr. Pubes. I love my Uncle Tom :)",tanks a lot dare mr pubes i love my uncle tom,0,0,0.05876078131688913
Getting off twitter jigg trynna stress me out more I don't need this type of heat&#128553;,getting off twitter jigg trynna stress me out more i dont need this type of heat,0,0,0.00932639196010277
http://t.co/bPU86qzYFt Arial Rose &#8211; Athletic Asian babe plays with her pussy after&#160;exercising http://t.co/n3DnrsI352,arial rose athletic asian babe plays with her pussy after exercising,0,0,0.01504834906310095
the fact that Soulja Boy on 2 dif reality shows wit 2 dif bitches..,the fact that soulja boy on 2 dif reality shows wit 2 dif bitches,0,0,0.015561808295024213
My 2014 saying is bitch go get yo nigga hoe cuz I'm gonna beat yo ass just like am gonna beat nigga bitch go get yo nigga,my 2014 saying is bitch go get yo nigga hoe cuz im gonna beat yo ass just like am gonna beat nigga bitch go get yo nigga,0,0,0.032743994341224485
They are mostly restaurants. I'm a fat ho. RT @ImJustCeej: If you have more than 20 contacts in your phone you a hoe,they are mostly restaurants im a fat ho rt if you have more than 20 contacts in your phone you a hoe,0,0,0.022245063136657944
I got no patience for hoes actin lame ima stop fuckin wit yo ass quick asl,i got no patience for hoes actin lame ima stop fuckin wit yo ass quick asl,0,0,0.11254397719939814
"This whole game, I've been trying to figure out why the Dutch are wearing yellow. SMH.",this whole game ive been trying to figure out why the dutch are wearing yellow smh,0,0,0.014993076533379031
Im back bitches!!!!!!,im back bitches,0,0,0.009956300636098805
@ManBearDrgn would be funnier if America and not pussy Canada.,would be funnier if america and not pussy canada,0,0,0.06556300300101771
Man that run game ain't no hoe. Fuck Alex. don't even need his bitch ass,man that run game aint no hoe fuck alex dont even need his bitch ass,0,0,0.0036389543188446506
RT @IHaveSex_Alot: I don't luv deez hoes at all..&#128076;,rt i dont luv deez hoes at all,0,0,0.01822431481781413
This that bitch nigga shit they invented it I just created the term,this that bitch nigga shit they invented it i just created the term,0,0,0.03767339989740375
Hoes be like my niggas can't have no hoes... but that how he meet yo ass!,hoes be like my niggas cant have no hoes but that how he meet yo ass,0,0,0.03589489206299681
All these bitches love Mosa sippin on the coca,all these bitches love mosa sippin on the coca,0,0,0.01150855590247467
""" @rhythmixx_ :hobbies include: fighting Mariam""

bitch",hobbies include fighting mariam bitch,0,0,0.01158747588306753
@DrunkAtChurch @MzYummyDread Slide up on a bad bitch/Dat bitch look good,slide up on a bad bitchdat bitch look good,0,0,0.0037587328880603777
@alexiscarfield ya damn right nigglet! :D,ya damn right nigglet d,0,0,0.019814593143492414
"I was smoking a blunt outside and these nasty country bitches jumped into the lake , naked &#128514;&#128514;&#128514; that lake is nasty as fuck &#128567;",i was smoking a blunt outside and these nasty country bitches jumped into the lake naked that lake is nasty as fuck,0,0,0.0805246069284836
@KazAtta your welcome my nig #salute,your welcome my nig,0,0,0.08194616137456978
RT @b0ss561: If you're gonna smoke weed then do you but alcohol is just stupid you faggots are getting more stupid drinking it,rt if youre gonna smoke weed then do you but alcohol is just stupid you faggots are getting more stupid drinking it,0,1,0.5776344968279887
RT @pocahontias__: Idc about yall bitches yo,rt idc about yall bitches yo,0,0,0.004427651792771876
@EdgarGuillenjr @jo_clark6 @blakeanderson21 your a bitch if you hit a girl,your a bitch if you hit a girl,0,0,0.010263815636977284
@SMASEY you're such a faggot,youre such a faggot,1,1,0.56775351572462
"""This recipe calls for a leftover brownie. What the hell is a LEFTOVER brownie? That's just a brownie you haven't eaten yet.""-@EricaNadine26",this recipe calls for a leftover brownie what the hell is a leftover brownie thats just a brownie you havent eaten yet,0,0,0.0007903442513723556
I hate ratchet country hoes I'm ashamed,i hate ratchet country hoes im ashamed,0,0,0.03646060608539839
"BRUH lmaoo &#8220;@NoBeeetch: Them hoes was nasty but I kept eating them ""@roblockk: What the fuck happened to these? http://t.co/G9w10SmQdr""&#8221;",bruh lmaoo them hoes was nasty but i kept eating them what the fuck happened to these,0,0,0.04831283303522852
@FabianMleal aoas you write back bitch lol,aoas you write back bitch lol,0,0,0.03083994064097972
LMFAO RT @RickiRoma: &#8220;shut up u slutty white hoe RT @Thotcho: Didn&#8217;t know the Pats got DESTROYED tonight LMFAOOOO&#8221;,lmfao rt shut up u slutty white hoe rt didn t know the pats got destroyed tonight lmfaoooo,0,0,0.08658271116107706
hahaha damn dirtyyyy hoes,hahaha damn dirtyyyy hoes,0,0,0.011117827289068433
"@GingerDemoness 
Den you enjoy da nite wit a colored man. We do it again in 2 weeks. Lets me no if I needs ta bring da magnums",den you enjoy da nite wit a colored man we do it again in 2 weeks lets me no if i needs ta bring da magnums,0,0,0.02598440451997292
"""@WannabeKanye: whys this bitch boosting herself http://t.co/uOd2f5WtKV""

Her size isn't exactly the most healthy tho",whys this bitch boosting herself her size isnt exactly the most healthy tho,0,0,0.006492823920610009
Bad lil bitch ain't never seen her,bad lil bitch aint never seen her,0,0,0.0032036403728235314
RT @xofantasybby: A mexican bitch better win the crown! #NuestraBellezaLatina,rt a mexican bitch better win the crown,0,0,0.008140688454008142
"RT @Rhiannamator: ""Who's my bitch?"" I am, Stephanie. I am.",rt whos my bitch i am stephanie i am,0,0,0.011562676561611133
"One more of tonight's dog walk sunset. AKA, invisible bird on a wire. #sunset #invisiblebird #wires http://t.co/ilTShXLYjd",one more of tonights dog walk sunset aka invisible bird on a wire,0,0,0.009326976692769181
She sounded like a bird crowing,she sounded like a bird crowing,0,0,0.008088475762150719
@VictorRico3 they didn't want to fuck Steve that bitch lmao,they didnt want to fuck steve that bitch lmao,0,0,0.004117172272983112
Get two birds stoned at one time.,get two birds stoned at one time,0,0,0.014939238167699575
@heydenbunsyolo @jordan536633 @bird_lovin bitch no u not u look like a full breaded cracker,bitch no u not u look like a full breaded cracker,0,0,0.04245279642320698
Crew neck ass nigguh,crew neck ass nigguh,1,0,0.07677216955382742
Waiting on this wetback sycksyllables http://t.co/L8wqZduzZE,waiting on this wetback sycksyllables,1,0,0.3249481574232515
"@ProperEtacet fuck your mother, faggot",fuck your mother faggot,1,1,0.5315911397895627
you gotta understand that these bitches are childish,you gotta understand that these bitches are childish,0,0,0.0143204779589967
My niggah I slept perfect,my niggah i slept perfect,0,0,0.017862894023379608
Then Zerah the Cushite came against them with an army of one million men and 300 chariots. They came as far as Mare&#8230; http://t.co/LpbeB04j4r,then zerah the cushite came against them with an army of one million men and 300 chariots they came as far as mare,0,0,0.01522543671470529
jackie peyton you are a fucking bitch. omg I love you though. damn thats the best shit you pulled,jackie peyton you are a fucking bitch omg i love you though damn thats the best shit you pulled,0,0,0.007021705194381925
Texting this bitch like she main material fuck that shit ... She Finna get these youza hoe text,texting this bitch like she main material fuck that shit she finna get these youza hoe text,0,0,0.010852377540787262
"&#8220;@KattWilliams: You can be a hoe without having sex, ask any of the girls texting alotta niggas at the same time.&#8221;",you can be a hoe without having sex ask any of the girls texting alotta niggas at the same time,0,0,0.004677853178809996
RT @tiathegawd: bitches be trying the wrong bitches &amp; don't even be knowing..,rt bitches be trying the wrong bitches amp dont even be knowing,0,0,0.004966831265038672
RT @ParisBurned: When they run out of dick inside the pussy. RT @VizyIsIgnant: How do straight dudes know if their dick is small??,rt when they run out of dick inside the pussy rt how do straight dudes know if their dick is small,0,0,0.000846942699356656
@Alan_Casillas niggah lol i had 6 beers before i went to the bar then had 4 beers at the bar then got a 12pck on the way home lool,niggah lol i had 6 beers before i went to the bar then had 4 beers at the bar then got a 12pck on the way home lool,0,0,0.0352749107221348
@Ish_MallyMal @JayJuice22 all trash to me,all trash to me,0,0,0.03682260412861692
"These women ain't shit but hoes w/ tricks , baby boy I'm different &#10084;&#65039;",these women aint shit but hoes w tricks baby boy im different,0,0,0.005454817849028132
"""@Montrell_: I'm tired of bitches saying I look mean.. &#128530;"" nigga you big af, wear tight shirts, and grim everybody.",im tired of bitches saying i look mean nigga you big af wear tight shirts and grim everybody,0,0,0.004973716543994081
Honkey ass bitch tryna tell me shit.,honkey ass bitch tryna tell me shit,0,0,0.01485049962286907
@TruthandFashion nothing says fashion like a cunt hat....,nothing says fashion like a cunt hat,0,0,0.1404627466041644
"Seen Glo eat a twat on stage watching that shit. And get eaten in the middle of a populated concourse, if I ain't mistaken...",seen glo eat a twat on stage watching that shit and get eaten in the middle of a populated concourse if i aint mistaken,0,0,0.0065685086725781605
The right for an English person to go about his business is more important than any suspicion of some rouge wog cop.,the right for an english person to go about his business is more important than any suspicion of some rouge wog cop,0,0,0.11727665340832875
@_Maniac_Mind_ @Marcfoor4 stfu with that what I'm gonna do and just fuck oh pussy ads nigga,stfu with that what im gonna do and just fuck oh pussy ads nigga,0,0,0.0915964675017888
"I lose OVO followers every year. 100 bitches unfollowed me because of my ""Hold On We're Going Home"" rants. A HOE ATHEM is a hoe anthem",i lose ovo followers every year 100 bitches unfollowed me because of my hold on were going home rants a hoe athem is a hoe anthem,0,0,0.0002655445930106157
RT @Ramen_Odicho: Assyria got hella hoes,rt assyria got hella hoes,0,0,0.004606255669402753
RT @fucktheseHOES__: Hate a bitch that run her mouth .,rt hate a bitch that run her mouth,0,0,0.05103769135449107
"RT @Dodgers: ""Gracias por jugar con el corazon, ahora a ganarle a los Yankees."" -@TommyLasorda http://t.co/3FYTvuzNZB",rt gracias por jugar con el corazon ahora a ganarle a los yankees,0,0,0.031222843783578844
"@YaGirlFlutter haha i was about to say... Damn i just called you a bad bitch, i mean mean bitch lmfao",haha i was about to say damn i just called you a bad bitch i mean mean bitch lmfao,0,0,0.004476563409213923
RT @K1mb0Slyc3: Me too! &#8220;@WhatsAshirt: Defiantly going to see that new planet of the apes tonight&#8221;,rt me too defiantly going to see that new planet of the apes tonight,0,0,0.00880640737817132
RT @NoHoesNextDoor: If you claim Macklemore is your favorite rapper I'm also assuming you watch the WNBA on your free time faggot,rt if you claim macklemore is your favorite rapper im also assuming you watch the wnba on your free time faggot,1,1,0.5378902521869144
@CallMeRenee_ &#128514;&#128514;&#128514;&#128553;&#9996;&#65039; my bad bitch im logged in on everybody shit,my bad bitch im logged in on everybody shit,0,0,0.0067511590154503975
That bitch can't touch me,that bitch cant touch me,0,0,0.010638464344233732
"@jesslaw Ha! I'm actually going to see a Yankee game, as weird as it sounds. My uncle's house in NJ is an hour away.",ha im actually going to see a yankee game as weird as it sounds my uncles house in nj is an hour away,0,0,0.0026531152220770618
She know that im that niggah,she know that im that niggah,0,0,0.032944503564684105
"&#8220;@HerMoufPiece: They be hating on my girl tho, but they wish they was the bitch they hating&#8221; this song go",they be hating on my girl tho but they wish they was the bitch they hating this song go,0,0,0.014615396580365614
Lol Father has bitches pouring arizona tea on themselves in this one video,lol father has bitches pouring arizona tea on themselves in this one video,0,0,0.029001947262054392
RT @KarenRFM: No-TV-During-the-Week #parenting rule has thrown quite a monkey wrench into #RooseveltsPBS viewing schedule. #DVRtime @wcve #&#8230;,rt notvduringtheweek rule has thrown quite a monkey wrench into viewing schedule,0,0,0.04684334514486102
RT @DIYcookery: Godiva Chocolate Dipped Oreos &#128523; http://t.co/OSYPnadYtO,rt godiva chocolate dipped oreos,0,0,0.021989813438417202
&#8220;@Whoscherry: Ever met a bitch that fucked with your nigga but was to pussy to admit it ?&#8221; A bitch for a bitch.,ever met a bitch that fucked with your nigga but was to pussy to admit it a bitch for a bitch,0,0,0.0009503306359767955
"RT @JakeG_BasedGod: ""Never go full retard""",rt never go full retard,0,0,0.09520369058603852
I coulda sworn I was the last bitch on tunchi ig &#128129;&#9996;&#65039;&#128536;,i coulda sworn i was the last bitch on tunchi ig,0,0,0.0431511856048465
When I be seein y&#8217;all runnin back and forf to woyke and shit I be thankin Jesus I is colored,when i be seein y all runnin back and forf to woyke and shit i be thankin jesus i is colored,0,0,0.03848949680178625
"I turned on the BET awards for 10 seconds, and got to witness random bitches getting drunk, and D-Wade dancing to R-Kelly.",i turned on the bet awards for 10 seconds and got to witness random bitches getting drunk and dwade dancing to rkelly,0,0,0.0008678375729308222
Niggas cry when they get hit high and cry when they get hit low. NFL full of pussies now,niggas cry when they get hit high and cry when they get hit low nfl full of pussies now,0,0,0.05170716311305225
"RT @Bigchapo_4cH: #Merched&#10004;&#128520;""@_100d: Smoke wit a bitch in Nap and let her play music I bet 100 she turn on boosie or some slow shit &#128530;""",rt smoke wit a bitch in nap and let her play music i bet 100 she turn on boosie or some slow shit,0,0,0.0006712955112960296
I hate when people tweef and then delete the tweets. like yalls some hoes for that . I'm trying to read them,i hate when people tweef and then delete the tweets like yalls some hoes for that im trying to read them,0,0,0.09210780686632858
"@mikecheck_123 try this one Mikey, none of that hick shit...http://youtu.be/Thls_tMuFkc",try this one mikey none of that hick shit,0,0,0.047188702261537756
Thinking bout gettin 500$ put on my ears cuz I'm getting money bitch,thinking bout gettin 500 put on my ears cuz im getting money bitch,0,0,0.0015574286613863242
"RT @OneandOnlyTina: What I know:
You support killing babies, mock the handicapped, slept your way into Harvard then ditched your hubby &amp; ki&#8230;",rt what i know you support killing babies mock the handicapped slept your way into harvard then ditched your hubby amp ki,0,0,0.06602874833617148
"i seen a nigga dressed to impress, hop out da bus n a bitch wit a phatty, get off at his stop too. Say somethin...GOD THROWIN U DA LOB",i seen a nigga dressed to impress hop out da bus n a bitch wit a phatty get off at his stop too say somethingod throwin u da lob,0,0,0.12840422962368514
stupid ass hoe,stupid ass hoe,0,0,0.07761202460056175
If you not lickin toes you a basic bitch.. And I can't fuck with a basic bitch,if you not lickin toes you a basic bitch and i cant fuck with a basic bitch,0,0,0.002964217320579784
@keongetsbitches fag &#128155;,fag,0,0,0.3853292778247678
' I still don't got the time for a bitch to be actin iffy &#1043323; .,i still dont got the time for a bitch to be actin iffy,0,0,0.024028507786705542
RT @Brooooo_: why all these hoes trynna be gay now? lmao,rt why all these hoes trynna be gay now lmao,0,0,0.02267685420244869
RT @OhLawdItsNiesha: This hoe swear to God that boy fuckin everybody..,rt this hoe swear to god that boy fuckin everybody,0,0,0.025226754777900814
"""@RachieSoul: @DizzleOfficial inna di ghetto!!!"" You alone lmaoo",inna di ghetto you alone lmaoo,0,0,0.07063802274977558
@harley_schuder k bitch niggas,k bitch niggas,0,0,0.0824670928458438
"That annoying moment when you have to keep removing your headphones because someone keeps talking to you.. Like move, bitch..",that annoying moment when you have to keep removing your headphones because someone keeps talking to you like move bitch,0,0,0.006603977667986677
I wonder if twitter didnt allow pictures and avi's how many followers yall would really have ... Cus yall bitches dont be talkin bout shit &#128514;,i wonder if twitter didnt allow pictures and avis how many followers yall would really have cus yall bitches dont be talkin bout shit,0,0,0.0008825685435937698
Sweetheart to a lady but I'm hard on a hoe! &#128526;,sweetheart to a lady but im hard on a hoe,0,0,0.005508670136871607
"Charlie Crist and Rick Scott are both scumbags, however interesting that Crist has yet to run one, just one, positive political ad.",charlie crist and rick scott are both scumbags however interesting that crist has yet to run one just one positive political ad,0,0,0.0016412307089150764
"if someone thinks you have hoes, they just saying that cause either they wanna be one or be the only one",if someone thinks you have hoes they just saying that cause either they wanna be one or be the only one,0,0,0.0066184518192399285
Look at you lying ass bitches couldn't finish school stripping on ya mind ass bitches,look at you lying ass bitches couldnt finish school stripping on ya mind ass bitches,0,0,0.0120985232541491
Me gusta pollo so espa&#241;ol that. Lol. &#127831;,me gusta pollo so espa ol that lol,0,0,0.04491618452587952
Literally in the middle of the ghetto and these people look scary,literally in the middle of the ghetto and these people look scary,0,0,0.19765423812718308
@IamSaintBryan they call me yellow bone,they call me yellow bone,0,0,0.013683926390036303
These niggas be actin like bitches,these niggas be actin like bitches,0,0,0.06499092968859929
"RT @MLBStatoftheDay: Since 1914, Derek Jeter&#8217;s 91 multi-hit games vs @RedSox are 4th most among @Yankees, behind Gehrig&#8217;s 121, Ruth&#8217;s 99 an&#8230;",rt since 1914 derek jeter s 91 multihit games vs are 4th most among behind gehrig s 121 ruth s 99 an,0,0,0.0065589044458766775
RT @SkylarLogsdon: @viva_based bruh you fucked the shit out of my taste buds with that bitch.,rt bruh you fucked the shit out of my taste buds with that bitch,0,0,0.018306603252226036
Lamar Odom is such a little bitch. It's pathetic.,lamar odom is such a little bitch its pathetic,0,0,0.041850180535742125
"RT @chvmpagne: I can't stand you ""I don't text first"" ass bitches.",rt i cant stand you i dont text first ass bitches,0,0,0.005886117773637333
TCBY with these hoes &#128149; || @arabellaann @jackireininga http://t.co/aUVQnOGvdY,tcby with these hoes,0,0,0.01755814964753596
RT @Sum_Pfeif: Did @wagggggie seriously steal my Halloween Oreos ? &#128530;,rt did seriously steal my halloween oreos,0,0,0.026203099584842165
"New show announced in Lutsen, MN at Papa Charlies on January 29, 2011 http://artistdata.com/a/33ck",new show announced in lutsen mn at papa charlies on january 29 2011,0,0,0.05955707848030154
RT @LilTy___: Who do bitches take me for? &#128514;&#128514;&#128514;,rt who do bitches take me for,0,0,0.011019358980817998
RT @oddfuckingtaco: https://t.co/nkCXCZwrXa my nigga really tried to save his bitch lol,rt my nigga really tried to save his bitch lol,0,0,0.08168788164492763
"RT @thecrewfinest: ""@187XO_: Me and ma niggah @thecrewfinest In the Func fucccccccked upppppp &#128514;""I'm Here On!!!",rt me and ma niggah in the func fucccccccked upppppp im here on,0,0,0.054847307879463694
"RT @Hollywoood_ty: RT &#8220;@Hotphillyboi: Lawd Jesus, this can't be real&#128514; http://t.co/zcjlHvSHOZ&#8221;shit to ghetto to be real lol",rt rt lawd jesus this cant be real to ghetto to be real lol,0,0,0.022536882624001747
Because I had to accept being called a bitch every time I asserted myself. #YesAllWomen,because i had to accept being called a bitch every time i asserted myself,0,0,0.00894345474042931
I never put no hoes b4 my bros,i never put no hoes b4 my bros,0,0,0.010288565663647036
RT @NatyyG: Some bitches be praying for the day you leave your nigga...,rt some bitches be praying for the day you leave your nigga,0,0,0.01868928867083019
@sassyharryballs ur ballsack is hairy gtfo tranny prude bitch,ur ballsack is hairy gtfo tranny prude bitch,1,0,0.01848889198159088
"RT @FOOTBALL_4L1FE: &#8220;@TheRealYoungZel: Nah nigga you blowin dick ""@TheReal_Salmon: Smoking that exotic bitch blowin O's"" http://t.co/6tiQTx&#8230;",rt nah nigga you blowin dick smoking that exotic bitch blowin os,0,0,0.06743791883905714
Why would I fuck a bitch that can't fuck? Jus like u hoes don't want want a nigga wit a clit ticckler,why would i fuck a bitch that cant fuck jus like u hoes dont want want a nigga wit a clit ticckler,0,0,0.39867493097425816
Don't make me take yo bitch nigga &#128527;&#128080;,dont make me take yo bitch nigga,0,0,0.049317854743435474
@kieffer_jason @hunterbuch66 @sbsylvester but yo scary ass don't want to see me tho stfu talking am u know where I be at pussy boy,but yo scary ass dont want to see me tho stfu talking am u know where i be at pussy boy,0,0,0.07040185178967814
"RT @joerogan: Dear everyone using ""natural"" deodorant, it's not working, you stinky bitch.",rt dear everyone using natural deodorant its not working you stinky bitch,0,0,0.03489356919744886
"So i bought condoms for my party at rite aid and the lady gave me a dirty look, just now i came back and bought trash bags #imagineherface",so i bought condoms for my party at rite aid and the lady gave me a dirty look just now i came back and bought trash bags,0,0,0.17482330082513958
@longbongchris mk Hun just textith me,mk hun just textith me,0,0,0.034043531609383074
RT @LOHANTHONY: i'd never send my kids to private school because then they would never experience ghetto public school fights,rt id never send my kids to private school because then they would never experience ghetto public school fights,0,0,0.022233039593758053
RT @randypop84: U bitches ain't paying my bills......so FUCK YOU,rt u bitches aint paying my billsso fuck you,0,0,0.008151401730379848
"RT @TheAtlantic: Meanwhile, in Canada: A monkey in a winter coat escapes in an IKEA http://t.co/Q9YUYVEl via @TheAtlanticWire",rt meanwhile in canada a monkey in a winter coat escapes in an ikea via,0,0,0.034276508961775046
RT @kingsleyyy: The SAME PEOPLE that be calling people hoes be the main ones sucking dick for a chalupa. Worry bout YOU.,rt the same people that be calling people hoes be the main ones sucking dick for a chalupa worry bout you,0,0,0.011492044969095363
It's scientifically proven that no one can not cry at least once while watching Charlie St. Cloud.,its scientifically proven that no one can not cry at least once while watching charlie st cloud,0,0,0.005583436676923888
@FloralElephants *pom poms* YOU MAKE THAT SHIT YEAHHHH,pom poms you make that shit yeahhhh,0,0,0.035295415808668185
@YoungRecklesss_ the fuck das wat bitches wit uh fuckd up mouf do &#128514;&#128514;,the fuck das wat bitches wit uh fuckd up mouf do,0,0,0.008376597847460561
"&#8220;@IIiirb: Bouta let Banko kno, I'm goin be a Ronneagle &#128514;&#128527;&#8221; bitch&#128514;&#128529;",bouta let banko kno im goin be a ronneagle bitch,0,0,0.0010680869146048888
"RT @greco_joel: Me: let's try a 2nd attempt of my first day of work
The cold: haha yeah right I fucked your car and your bitch",rt me lets try a 2nd attempt of my first day of work the cold haha yeah right i fucked your car and your bitch,0,0,0.0018732260167309922
Ever leave me around yo bitch and ima get her stoned,ever leave me around yo bitch and ima get her stoned,0,0,0.01603044846977674
RT @SteeloBrim: Watch social media with all that hate in their blood try and wish bad on Derrick! He back bitch! Stop hating #Stronger #Qui&#8230;,rt watch social media with all that hate in their blood try and wish bad on derrick he back bitch stop hating,0,0,0.1392866675236186
when ah rich nigga want ur bitch it's nothing u can do... but hope she think about u on dem shopping sprees...,when ah rich nigga want ur bitch its nothing u can do but hope she think about u on dem shopping sprees,0,0,0.06021358002626164
"RT @WhatTheFFacts: Actor Charlie Sheen once bought 2,600 seats at an Angels baseball game in hopes of catching a home run ball.",rt actor charlie sheen once bought 2600 seats at an angels baseball game in hopes of catching a home run ball,0,0,0.0023088462427525223
Coke and white bitches.,coke and white bitches,0,0,0.046024210910386734
RT @MaryWCVB: Still waiting for Charlie Baker to take the stage in Swampscott. #wcvb http://t.co/lYb3Thm199,rt still waiting for charlie baker to take the stage in swampscott,0,0,0.0017334938159844035
RT @whodatth0: &#8220;@AAAdontplayy: lmfao hicks https://t.co/kNa2U0D2o0&#8221;lmfao,rt lmfao hicks,0,0,0.09009594297676153
Ok. Did this bitch just say wut I think she.said? I believe u just described urself dumbass,ok did this bitch just say wut i think shesaid i believe u just described urself dumbass,1,0,0.0271161908172903
"RT @andrenickatina: Bitch at MacDonalds say..""U look a lil devilish 2day homey""..Oh well bitch..I WOKE UP LIKE THIS-I WOKE UP LIKE THIS(Bey&#8230;",rt bitch at macdonalds sayu look a lil devilish 2day homeyoh well bitchi woke up like thisi woke up like thisbey,0,0,0.004233849294647068
"Maybe @barackobama is colored blind with his 'red lines' and all. Tough talk, no walk. #tcot",maybe is colored blind with his red lines and all tough talk no walk,0,0,0.007003197287537362
Smashed a werewolf chick and thought she was related to @DominiquePurdy so I felt guilty but then later discovered he didn't know the ho,smashed a werewolf chick and thought she was related to so i felt guilty but then later discovered he didnt know the ho,0,0,0.02844232329965677
Please control yo hoe ! &#128514;&#128514;,please control yo hoe,0,0,0.010306251929312013
@mcclearyb0y other than those the university and the white black and red ones .. The rest trash anyway. They just making shit up now,other than those the university and the white black and red ones the rest trash anyway they just making shit up now,0,0,0.07780507317492215
&#8220;@BEARly_sober Hoes really do b birds man &#128557;&#8221;this new to you?,hoes really do b birds man this new to you,0,0,0.01131656431517306
RT @JoseCanseco: I do not have bitch tits,rt i do not have bitch tits,0,0,0.0034390036202917194
"""@demi_eggleton: oh my god I love Victoria Mitchell"" all my bitches love me",oh my god i love victoria mitchell all my bitches love me,0,0,0.009871641624854564
"@Cyberobama @eReIevant 
plot twist he is a faggot",plot twist he is a faggot,0,0,0.37644614829844836
@garcialaura_ haha ya hit that hoe right there,haha ya hit that hoe right there,0,0,0.0039745295106645585
Boy! &#128514;&#128514;&#128514; RT @jwill252: Some hoes be setting themselves up for failure shit be so funny!! I'm sleep tho &#128526;&#128526;&#128514;&#128514; http://t.co/aixoa7M7bT,boy rt some hoes be setting themselves up for failure shit be so funny im sleep tho,0,0,0.0020397801185901266
"' I told this niggah Maya Angelo died.... This niggah gon ask me "" is that the Red Ninja Turtle ? &#1041204;&#1043473;&#1043357; Wtf .",i told this niggah maya angelo died this niggah gon ask me is that the red ninja turtle wtf,0,0,0.01127488219679087
RT @LouieVRee: Well damn girl you a bad bitch now http://t.co/wU0ARD7YIF,rt well damn girl you a bad bitch now,0,0,0.002230466856846696
RT @CheefPolo: My bitch wanna post a thirst trap ima just not pay the water bill that month. We all gon be thirsty,rt my bitch wanna post a thirst trap ima just not pay the water bill that month we all gon be thirsty,0,0,0.0009148685789843938
Holder&#8217;s Justice Department Isn&#8217;t Interested in the Facts in #Ferguson http://t.co/7vH4tyPMht These race hustling bitches are DISGRACEFUL.,holder s justice department isn t interested in the facts in these race hustling bitches are disgraceful,1,0,0.08011505623186099
Why can't you be humble like your moms and not hoes,why cant you be humble like your moms and not hoes,0,0,0.050783571805512295
Dog I think it's a nigga dyke I was wondering the same RT @thisisyoungdj: Is the person that sing 'No Flex Zone' a male or female?,dog i think its a nigga dyke i was wondering the same rt is the person that sing no flex zone a male or female,0,0,0.22379208389668392
@ZELNO96 Someone told me cuz some ppl like to use it as bitch some females don't like being calles female but meh *shrugs*,someone told me cuz some ppl like to use it as bitch some females dont like being calles female but meh shrugs,0,0,0.001284435938401616
@iLoveQui that hoe suck,that hoe suck,0,0,0.026535154360428234
"and another one &#8220;@07Cannon: Two hoes? RT ""@xoxo_imaunicorn: y'all know what we are?! &#128514;&#128514;"" http://t.co/XI5Aod1FAo&#8221;",and another one two hoes rt yall know what we are,0,0,0.012107522272311157
I hope you get eye cancer bitch.,i hope you get eye cancer bitch,1,0,0.023533415229509743
"@GossipCop the coon, n coon wanna b got what they should have, except should have been more time in jail",the coon n coon wanna b got what they should have except should have been more time in jail,0,1,0.8463100869216159
"@kmdk83 @BeautifulMined
I hopes dis ain't cause he colored cause I knows he be actin all nigga like",i hopes dis aint cause he colored cause i knows he be actin all nigga like,1,0,0.07003065415114397
If these hoes ain't lying about being fat they hiding a backpage profile some where...,if these hoes aint lying about being fat they hiding a backpage profile some where,0,0,0.38042789661114873
&#8220;@Hermosa_Jayy: Can I bring anotha bitch or nah &#128527;&#8221;,can i bring anotha bitch or nah,0,0,0.004512408742211157
@JNunchuckfuck u can just ask him to suck his dick not that hard white trash,u can just ask him to suck his dick not that hard white trash,0,1,0.5521993558718601
@FixUpMayte @TheRealYoungZel @DivaMonRoe2uHoE I'm destroying this bitch dawg,im destroying this bitch dawg,0,0,0.009699289168701539
RT @Sialovely_: I could literally be crying one minute get up wipe my face &amp; walk out the room like bitch turn uuuup &#128514;&#128514;&#128514; idk it's weird.,rt i could literally be crying one minute get up wipe my face amp walk out the room like bitch turn uuuup idk its weird,0,0,0.015775265083870886
Bengals kicker trash.,bengals kicker trash,0,0,0.03682260412861692
@JamesdaJewison &lt;&lt;BEST NAME ON TWITTER EVER!! AKA; Jewbacca&lt;&lt;SECOND BEST NAME ON TWITTER!!,ltltbest name on twitter ever aka jewbaccaltltsecond best name on twitter,0,0,0.05804930371735161
"I'm going to sell my iPhone and both my Macs, I don't support faggots.",im going to sell my iphone and both my macs i dont support faggots,1,0,0.44156272244835676
"RT @boburnham: In the future, gay culture will be considered cool by America's teens and instead of wiggers there will be straggots.",rt in the future gay culture will be considered cool by americas teens and instead of wiggers there will be straggots,1,0,0.05821884446475561
First chick to bring me some hash-browns from Waffle House right now will get her pussy ate,first chick to bring me some hashbrowns from waffle house right now will get her pussy ate,0,0,0.0019319306124250535
@nsanemujer @surfboard101 fuck you both bitches.,fuck you both bitches,0,0,0.012839711055079422
"Their #1 insult. Even if it's self-deprecating. The first thing straights go to is faggot, queer, tranny, gay. Even supposed ""allies"".",their insult even if its selfdeprecating the first thing straights go to is faggot queer tranny gay even supposed allies,0,1,0.959890926456708
RT @joselopez222: Aurora is more ghetto then the bellos &#128514;&#128557;,rt aurora is more ghetto then the bellos,0,0,0.0404051102837205
Lol u mad motherfuckin hoe,lol u mad motherfuckin hoe,0,0,0.01381258186736327
@catleesh_ I have small pussy size plugs,i have small pussy size plugs,0,0,0.006569137726187798
If i fucked her i know every niggah want her.,if i fucked her i know every niggah want her,0,0,0.05095227600204863
"RT @BraveConWarrior: GRAPHIC ~&gt; 150 Christians MASSACRED By Jihadi Muslims While They Slept! Including Pastor, His Wife &amp; Kids http://t.co/&#8230;",rt graphic gt 150 christians massacred by jihadi muslims while they slept including pastor his wife amp kids,0,0,0.04682873755844822
U still fuck with your old bitch? &#8212; Disrespectful like shit http://t.co/CEYCDVZ4w5,u still fuck with your old bitch disrespectful like shit,0,0,0.11405139927063031
RT @jfkirtley: Reds haven't lost a series at Yankee Stadium since 1961 World Series #76 #08 #12,rt reds havent lost a series at yankee stadium since 1961 world series,0,0,0.0030034382382739034
RT @colin_weis: Step up into the gauntlet bitch nuts. I could use something to wipe my ass with,rt step up into the gauntlet bitch nuts i could use something to wipe my ass with,0,0,0.005209644878448277
I'll fuck a bitch real quick,ill fuck a bitch real quick,0,0,0.02216189810062175
"RT @ThaStonerNation: ""You smell like Weed..."" and bitch you smell like sober.",rt you smell like weed and bitch you smell like sober,0,0,0.01756467105399408
"&#8220;@Highfromthe90s: A lot of women who claim they are yellow are actually red, color blind mother fuckas&#8221; I'm yellow tho &#128129;&#127773;",a lot of women who claim they are yellow are actually red color blind mother fuckas im yellow tho,0,0,0.002439371943919818
@Niyas_Destani burnt tho .. Jus like a nicca &#128514;&#128514;,burnt tho jus like a nicca,0,0,0.04113742320574161
Mann are first game is 3 weeks from now can't wait - once a redskin always a redskin -,mann are first game is 3 weeks from now cant wait once a redskin always a redskin,0,0,0.030163675338451656
"RT @DamnitCorn: ""Chunky girl seeks Studly man for nasty sex"" in my head I was like ""this bitch may have well emailed me directly for this s&#8230;",rt chunky girl seeks studly man for nasty sex in my head i was like this bitch may have well emailed me directly for this s,0,0,0.0020985037448534947
Yeah they do. RT @Yankees: Six complete here at The Stadium. #Yankees lead the Red Sox 3-1. #LetsGoYankees,yeah they do rt six complete here at the stadium lead the red sox 31,0,0,0.009043831489305475
I use to wanna fuck that bitch but not no mo!,i use to wanna fuck that bitch but not no mo,0,0,0.019668385120072216
Like real shit dude da closest nicca I done seen to AI,like real shit dude da closest nicca i done seen to ai,0,0,0.0304301706027895
ion have hoes so really you have no reason to worry about me cheating. if anything ill cheat on you with my left hand lbr,ion have hoes so really you have no reason to worry about me cheating if anything ill cheat on you with my left hand lbr,0,0,0.046862744995289043
"And I lick it after you clean it , eat pussy like a dyke but I fuck like a demon &#128545;&#128166;",and i lick it after you clean it eat pussy like a dyke but i fuck like a demon,0,0,0.030797713717230973
@italian_montana OUUUUUFFFFF you will see pussy,ouuuuufffff you will see pussy,0,0,0.016788265662320907
Monkey see monkey doo,monkey see monkey doo,0,0,0.05123412938645916
RT @gullymackNC: Im just ready to get engaged so I can meet the new wave of ain't shit bitches outchea. http://t.co/Upie2WpJ0b,rt im just ready to get engaged so i can meet the new wave of aint shit bitches outchea,0,0,0.0007138045224259646
RT @Coop_oz: I'm Tryna be like steez &#128175; bro got dem hoes rir,rt im tryna be like steez bro got dem hoes rir,0,0,0.011585307321733242
@mckinley719 I mean we have other pics of me ..idk why you chose that one *cough* bitch *cough*,i mean we have other pics of me idk why you chose that one cough bitch cough,0,0,0.03805472634439466
"RT @liddoprincess: Call it ""insecure"" if u want but fuck no my man doesn't need to be friendly or have bitches as ""friends"" these hoes ain'&#8230;",rt call it insecure if u want but fuck no my man doesnt need to be friendly or have bitches as friends these hoes ain,0,0,0.0013619133740804385
"it might rain today, hmmm.. I don't want to look like a pussy carrying an umbrella around but I also don't want to risk my perm getting wet.",it might rain today hmmm i dont want to look like a pussy carrying an umbrella around but i also dont want to risk my perm getting wet,0,0,0.04936474002949656
If u a bitch an i hadddd u i wouldnt give a fuck if Chris brown bagged u bitch i had u already lol,if u a bitch an i hadddd u i wouldnt give a fuck if chris brown bagged u bitch i had u already lol,0,0,0.003928771281283998
RT @hanginwitcoop: &#128514;&#128514;&#128514;&#128514; RT &#8220;@Peso_Peso_Peso: wtf this bitch broke her arm eery time she hit the shit https://t.co/7CtLW9eNjX&#8221;,rt rt wtf this bitch broke her arm eery time she hit the shit,0,0,0.011374487270896343
"&#128514;&#128514;&#128514;&#128514; &#128128;&#128128; &#8220;@LisforLex: No bitch go away &#9995;""@subnorbot1: @Tats_NSnapbacks @LisforLex @LisforLex tu puta madre @carlosnoodles""&#8221;",no bitch go away tu puta madre,0,0,0.02367502912802831
"Lol I followed the bitch just so I can unfollow her cause she talkin shit, shit away with her two",lol i followed the bitch just so i can unfollow her cause she talkin shit shit away with her two,0,0,0.05323861241849424
darf retarded lol,darf retarded lol,0,0,0.09060527360987944
@HanSolosSon bruh really rocking a toaster on his face lmaoooo he prolly got 0 bitches too man.,bruh really rocking a toaster on his face lmaoooo he prolly got 0 bitches too man,0,0,0.03370630871904125
"RT @CourtneyyKay: Cruising down the street in my 64, jockin the bitches, slappin the hoes",rt cruising down the street in my 64 jockin the bitches slappin the hoes,0,0,0.0018802790129545089
RT @AntBreezyOBB: Theses niggas hoes and these bitches greedy,rt theses niggas hoes and these bitches greedy,0,0,0.013139155262319494
"RT @BandresDiana: When that message say ""delivered"" but you see him posting sc story's with all his hoes&#128530;&#128076; http://t.co/xVGTWOOasp",rt when that message say delivered but you see him posting sc storys with all his hoes,0,0,0.004489714033474106
RT @paullowry42: @gingerash2013 lol and your response was bitch do I like pregnant?,rt lol and your response was bitch do i like pregnant,0,0,0.00920241414625632
You thought I was playin when I cut that bitch off,you thought i was playin when i cut that bitch off,0,0,0.01313747073010523
RT @RihannaHasAids: bitch built like squid ward after he ate all the Krabby Patties RT @AcaciaMakayla: @DJZeeti DONT RETIRE &#128553; I love you. h&#8230;,rt bitch built like squid ward after he ate all the krabby patties rt dont retire i love you h,0,0,0.0027800822663321067
These niggas groupies they act worse than these hoes do,these niggas groupies they act worse than these hoes do,0,0,0.04060989770132485
RT @HntrMoore: You ever call your ex while you're fucking your side bitch? Yea I'm gonna do that later,rt you ever call your ex while youre fucking your side bitch yea im gonna do that later,0,0,0.007736320739455005
"+ 1 RT @RayThaGawd: &#8220;@_AListRaivyn: Joe Budden makes people delete their twitter accounts lmfao.&#8221; He's pussy tho he blocked me""",1 rt joe budden makes people delete their twitter accounts lmfao hes pussy tho he blocked me,0,0,0.08856347071617149
' Idk why niggah give a female head then throw a condom on lmaooo niggah you already ate the whole STD &#1041204;&#1041204;,idk why niggah give a female head then throw a condom on lmaooo niggah you already ate the whole std,0,0,0.011382041563833784
RT @itscoleharmon_: Birth Control should be mandatory for some of you hoes,rt birth control should be mandatory for some of you hoes,0,0,0.006280820301943561
But I can't get her to smoke unless I bitch about it. The struggles of having a girl who doesn't... In actuality it's a great thing.,but i cant get her to smoke unless i bitch about it the struggles of having a girl who doesnt in actuality its a great thing,0,0,0.0012528742828318297
Stupid bitch &#128545;,stupid bitch,0,0,0.05633667638702526
"""its britney bitch"" - the bible (leviticus 7:58) http://t.co/ZoAkn1ZlHm",its britney bitch the bible leviticus 758,0,0,0.015965330716316832
&#8220;@RaleighBeougher: dumb beaner&#8221; http://t.co/r0hABEQhSu,dumb beaner,0,0,0.28688915288079564
@Midnight_Snacka u calling me a pussy but u not bout shit fuck all this talking let's pop shit off then,u calling me a pussy but u not bout shit fuck all this talking lets pop shit off then,0,0,0.01755621295565293
RT @FunnyPicsDepot: pussy ass nigga http://t.co/lXONrmTQTK,rt pussy ass nigga,1,0,0.09555974571132864
@WendyDavisTexas @GregAbbott_TX a judge that was appointed by obama who here doesnt see the agenda fucking crooked bitch,a judge that was appointed by obama who here doesnt see the agenda fucking crooked bitch,0,0,0.0391533613692973
If pussy lips could talk ill go down there like it's whispering,if pussy lips could talk ill go down there like its whispering,0,0,0.008814244114791233
Photo: Me and my bitch http://t.co/0jeLcx0nKU,photo me and my bitch,0,0,0.009471352423308139
Money doesn't make me happy one bit. Money makes me feel more comfortable if anything. I can get pussy being dead ass broke tho tbh,money doesnt make me happy one bit money makes me feel more comfortable if anything i can get pussy being dead ass broke tho tbh,0,0,0.00022125032945253127
RT @ImHis_Treasure: For the last few weeks my name been cripple &#128555;&#9855;&#65039;,rt for the last few weeks my name been cripple,0,0,0.03386300768949057
"#10ThingsThatGetsOnMyNerves Needy hoes, ratchet Hoes, sideline hoes, Beggin' hoes, dumb hoes, looking for love on Facebook hoes..",needy hoes ratchet hoes sideline hoes beggin hoes dumb hoes looking for love on facebook hoes,0,0,1.0055920609367399e-05
"@ImToBlame Apple TV got the NFL channel on that bitch, I'm pretty sure they're all on there. I've watched a couple. @DukeOfZamunda",apple tv got the nfl channel on that bitch im pretty sure theyre all on there ive watched a couple,0,0,0.005050293374462813
Just dropped dat fine ass woman @GingerDemoness. We has da best chicken eva. I spectin some lovin but she a lady and da colored thang,just dropped dat fine ass woman we has da best chicken eva i spectin some lovin but she a lady and da colored thang,0,0,0.14085049155462842
all of us on Twitter do that already #shutupcrybaby lol RT @Shallow__Al I need. one of you to step up and volunteer to listen to me bitch.,all of us on twitter do that already lol rt i need one of you to step up and volunteer to listen to me bitch,0,0,0.010955107816775521
RT @binniemouse: @WhatsAshirt lmao i have morals negro. unlike you,rt lmao i have morals negro unlike you,0,0,0.04978737265285356
"RT @jimjefferies: When People write a review of my comedy that starts with ""I'm not easily offended, but this was just not funny"" that cunt&#8230;",rt when people write a review of my comedy that starts with im not easily offended but this was just not funny that cunt,0,0,0.014737021673249681
RT @_lvrking: chris brown is trash.,rt chris brown is trash,0,0,0.009866336978370702
Sooooooo true but I'm the pussy monsta http://t.co/2vhaCeQ4,sooooooo true but im the pussy monsta,0,0,0.01234731034494627
@KingHorseDick lol toughen up pussy,lol toughen up pussy,0,0,0.013411232438005639
I been getting bitches my whole life I been getting money my whole life &#128526;&#128526;&#128526;,i been getting bitches my whole life i been getting money my whole life,0,0,0.002498716637377557
"I love ""Butter"" by ATCQ, but I'd love it more if Q-Tip's hook was just looped for three and a half minutes instead of Phife's trash verses.",i love butter by atcq but id love it more if qtips hook was just looped for three and a half minutes instead of phifes trash verses,0,0,0.026822102006717283
Your bitch always said she wanna fuck a real nigga,your bitch always said she wanna fuck a real nigga,0,0,0.05418397878917831
@gifs http://t.co/J1PWlaeRCu (via @teapot),via,0,0,0.05020372358796218
Pussy gotta be trash RT @Adolfhibsta: Her love life is so sad lol RT @cqminaj: im so glad khloe k dumped french's ghetto ass,pussy gotta be trash rt her love life is so sad lol rt im so glad khloe k dumped frenchs ghetto ass,0,0,0.0013792262804260735
Y'all Mfs better believe in karma ... That bitch oh so real,yall mfs better believe in karma that bitch oh so real,0,0,0.02463559829985481
&#8220;@_BeautifulKeezy: &#8220;@100046729: This bitch lying to me &#128514;&#128530;&#8221;&#128064;&#128064;&#128064;&#8221;messy yess,this bitch lying to me messy yess,0,0,0.035510847860826714
"hey im not bragging but im like the best at haggling, you know I got that cash, capitalism, ho! #receatter #indiegamepickuplines",hey im not bragging but im like the best at haggling you know i got that cash capitalism ho,0,0,0.029441086018904404
My bitches cleaning http://t.co/6cgdXrzO8w,my bitches cleaning,0,0,0.012213734167958035
@zooyorkinit you're frumpy bitch,youre frumpy bitch,0,0,0.017374269875610616
@littlelinnda @NasshRodriguez @linndaroose linda you just @ yourself rn you retard^^,linda you just yourself rn you retard,0,0,0.1322381802371984
@BigQuinn_Liam @RJ_Diego11 did you get your volcano yet faggot,did you get your volcano yet faggot,0,0,0.30000609568363484
"""Yup. Fuck em @Aloha_Hoesss: Playing like trash RT @80sbaby4life Clippers don't wanna play lol""",yup fuck em playing like trash rt clippers dont wanna play lol,0,0,0.0025733512189608267
RT @jaymesshaylan: fuuck jalens a slow bitch!,rt fuuck jalens a slow bitch,1,0,0.016058501214042144
RT @maNIJEEtwa_: Jackie weird .. like bitch hang with ppl ya age&#128514;,rt jackie weird like bitch hang with ppl ya age,0,0,0.010962303294995762
@NjzFinest_ your such a bitch lol&#128564;&#128564;&#128564;,your such a bitch lol,0,0,0.019727189913978784
@TRUESMOKERYFB im coolin you know me same ole shit different day my nig,im coolin you know me same ole shit different day my nig,0,0,0.13655300756474278
RT @BeardedNixon: Poont gotta be trash,rt poont gotta be trash,0,0,0.019040859106151053
Kinda just wanna cruise and see if I see that colorful ass bitch walking around. Best believe there will be one less clown on this earth,kinda just wanna cruise and see if i see that colorful ass bitch walking around best believe there will be one less clown on this earth,0,0,0.004799405687640035
"@thejokerxo nah, they let French Montana spit trash at will",nah they let french montana spit trash at will,0,0,0.0130216144153879
"You can only say the word negro if it's attached to the word league. Then we're totally cool, guys.",you can only say the word negro if its attached to the word league then were totally cool guys,0,0,0.1151503123125441
"People who enjoy shows like @SouthPark and @FamilyGuyonFOX are douche bags. Usually white trash, too.",people who enjoy shows like and are douche bags usually white trash too,1,1,0.7531489082557228
@cass_uhhh_deee do it pussy,do it pussy,0,0,0.016788265662320907
Your bitch wants to go to Little Italy with me tonight. Told her no. Fuck a thot.,your bitch wants to go to little italy with me tonight told her no fuck a thot,0,0,0.002034734947098081
bitch really changed her @ name haha it is not that serious. beyonce fans have too much time on their hands waiting in that welfare office,bitch really changed her name haha it is not that serious beyonce fans have too much time on their hands waiting in that welfare office,0,0,0.001095202341598652
@jmac_au @Brocklesnitch at least that one dude had the guts to @ me. If you don't like my opinion qquit being a bitch and keep scrolling&#128076;,at least that one dude had the guts to me if you dont like my opinion qquit being a bitch and keep scrolling,0,0,0.01072043216905491
"RT @TayWest: When hoes call other hoes ""hoes"" http://t.co/39yoPnqqau",rt when hoes call other hoes hoes,0,0,0.02750739538103172
She be thinking she throwing that pussy back so good and all she doing is throwing ya nut process off,she be thinking she throwing that pussy back so good and all she doing is throwing ya nut process off,0,0,0.0013040084412552562
@PablyAndrew it was Paul McCartney faggot,it was paul mccartney faggot,1,0,0.37163924306201185
@uhhdrugs bitch. Again?,bitch again,0,0,0.015965330716316832
"""@ChandlerParsons: How bout them Cowboys!!!!"" Shutup pussy",how bout them cowboys shutup pussy,0,0,0.004761932715526273
"""Will shank a bitch for ceviche""",will shank a bitch for ceviche,0,0,0.015965330716316832
Ain't been on this hoe all day haha #FWM,aint been on this hoe all day haha,0,0,0.0038416885462612925
RT @jadefiree: trigger finger keep my pussy wet? no thanks,rt trigger finger keep my pussy wet no thanks,0,0,0.007862770048920921
Im about to fuck taylors bitch ass up,im about to fuck taylors bitch ass up,0,0,0.030714564638403448
"RT @xCaramel_Jonesx: Don't be 32 on here and saying ""all my friends and everyone I know has a baby"". 

Well bitch. Life.",rt dont be 32 on here and saying all my friends and everyone i know has a baby well bitch life,0,0,0.002587443713879475
Attention one and all. @JordanWright23 just motoroboated my knees. Someone get this jiggaboo some water. She #thirsty.,attention one and all just motoroboated my knees someone get this jiggaboo some water she,0,0,0.10940753421729664
"Run that nigga, you don't want that nigga, but I need a bad bitch that's hotter than me",run that nigga you dont want that nigga but i need a bad bitch thats hotter than me,0,0,0.17705374614552968
"@MikeLuckas Oh, me, too! Pain meds just made my brain fuzzy and though Banjo Kazooie for a sec.",oh me too pain meds just made my brain fuzzy and though banjo kazooie for a sec,0,0,0.027902011856641498
"I'm 81 and I still eat animal crackers

 #EMABiggestFans1D",im 81 and i still eat animal crackers,0,0,0.029049480259952368
RT @CrownHer: Takes a ho bath RT @1stZodiacSign: He's terrified of water. How TF does he wash himself everyday? lol.,rt takes a ho bath rt hes terrified of water how tf does he wash himself everyday lol,0,0,0.004962728660457812
&#8220;@LoveLifeEst13: @__seriousLEE i aint gone lie &amp; old heads say they see it in me so i figured&#8221; nah you just retarded,i aint gone lie amp old heads say they see it in me so i figured nah you just retarded,0,0,0.015087141109426435
Lol colored contacts played out.,lol colored contacts played out,0,0,0.027294413098388436
"&#8220;@Whale__Tail: All I wanna do is go workout then come back home and lay in bed&#8221; jerk off, kill two birds with one stone.",all i wanna do is go workout then come back home and lay in bed jerk off kill two birds with one stone,0,0,0.22295301016442695
Fuck all u stupid hoes #idgafmode,fuck all u stupid hoes,0,0,0.07700101739047285
Yeezus was fuckin trash,yeezus was fuckin trash,0,0,0.04888546515412411
All my hoes they so rude,all my hoes they so rude,0,0,0.03702590796147008
Dude why do i have to be such a bitch..? Like i'm confused.,dude why do i have to be such a bitch like im confused,0,0,0.018209411083129703
"RT @NabilAbuAmirah: @SteveWorks4You gave themselves, when the bakers took pay cuts that killed the Twinkie. Tell the fucking truth for once&#8230;",rt gave themselves when the bakers took pay cuts that killed the twinkie tell the fucking truth for once,0,0,0.042902478907006776
RT @BriannDominguez: Don't unfollow I got the app bitch,rt dont unfollow i got the app bitch,0,0,0.02597211948029718
Nah bitch you just ugly,nah bitch you just ugly,0,0,0.01918546864828221
Senator @tedcruz is an anchor baby! Go back from where you came. #natural #born #Canadian,senator is an anchor baby go back from where you came,1,0,0.026962848157099897
RT @SullivanMcPig: If those Captcha pictures get any more fuzzy I'm going to need a bot to decipher them,rt if those captcha pictures get any more fuzzy im going to need a bot to decipher them,0,0,0.019269530405845434
@xNikiaaa_ &#128557;&#128514; boa I'm trying see if that bitch was going or not . Me &amp; Vick stay agru about he don't get hoes&#128514;,boa im trying see if that bitch was going or not me amp vick stay agru about he dont get hoes,0,0,0.0029211050755869696
A lady approached me asking me if I was religious and when I said no she scolded me on how I'm going to hell. See you there crazy bitch &#128520;,a lady approached me asking me if i was religious and when i said no she scolded me on how im going to hell see you there crazy bitch,0,0,0.0007280000563945438
@trestiffer &amp; @Rhyds_herrrrrr had me so high off the monkey nutts yesterday nbs &#128532;&#128532;&#128518;&#128518;&#128526;&#128526;&#128548;&#127809;&#127811;&#127807;&#127807;,amp had me so high off the monkey nutts yesterday nbs,0,0,0.039981141755895865
"Spendin money that we saved, stackin ones like bricks hittin bitches like Craig, watchin ass CLAP! #MorningStuSesh #10AMinFairview",spendin money that we saved stackin ones like bricks hittin bitches like craig watchin ass clap,0,0,0.006543903380125007
We in this bitch!!! http://t.co/jKqld5vodm,we in this bitch,0,0,0.015965330716316832
@Trippy_Spiffy ayyyyyyeeeeee my nigga back in the bitch,ayyyyyyeeeeee my nigga back in the bitch,0,0,0.125434126499703
&#8220;@badnradbrad: @whattheflocka @MorbidMermaid sydneys my favorite&#8221; she's a nigger but I love her,sydneys my favorite shes a nigger but i love her,0,0,0.4506085020316939
My neice getting so big ... She ready to punch on sum bitches lol http://t.co/lRyDtD5MQb,my neice getting so big she ready to punch on sum bitches lol,0,0,0.0023412288187205053
RT @SEMAJ_HOEE_: &#8220;@tiffanyluxride: Damn so many fake niggas &amp; bitches&#8221;,rt damn so many fake niggas amp bitches,0,0,0.030652921167534816
"RT @ImSledgren: Looking thru my yearbook, I don't think I've done that since my graduation.This book got some hoe ass niggas in it I forgot&#8230;",rt looking thru my yearbook i dont think ive done that since my graduationthis book got some hoe ass niggas in it i forgot,0,0,0.023749931237132402
RT @Sunny_Goodz: Seeeeee man. Niggas a lose they bitch over a bitch that's not even worth it,rt seeeeee man niggas a lose they bitch over a bitch thats not even worth it,0,0,0.006968725485199898
"Call a hoe a hoe, and a rat a rat",call a hoe a hoe and a rat a rat,0,0,0.00582216002613511
Wait bitch..Keep it simple never basic,wait bitchkeep it simple never basic,0,0,0.029922419115763536
Yo bitch gaggin she jet laggin,yo bitch gaggin she jet laggin,0,0,0.013704407327662019
so cold ma nig,so cold ma nig,0,0,0.10889907952018348
&#8220;@UnLike_Society: Good pussy be making a nigga have to regroup&#8221; pull out and get your thoughts together&#128514;&#128514;,good pussy be making a nigga have to regroup pull out and get your thoughts together,0,0,0.020848067286111344
Im the niggah she really wanna ride wit,im the niggah she really wanna ride wit,0,0,0.08718527551760204
@ScoutingForFifa @TheBurntChip @JoelBurtFifa @JPizzleFIFA EYE WITNESS: Joel is a faggot,eye witness joel is a faggot,1,0,0.4503832185784966
"RT @ReginaldSpears: If Hank Jr. was half the man his daddy was, he'd bitch-slap Brantly Gilbert for having his name in his mouth.",rt if hank jr was half the man his daddy was hed bitchslap brantly gilbert for having his name in his mouth,0,0,0.010799596508032371
@JacsonBevens @markkiszla absolutely retarded article http://t.co/3hSVTYOXFf,absolutely retarded article,0,0,0.06189656869212858
I CONFESS&gt; #DegenerateArtist and #RebelScience IS THE #WALRUS who sneaks pussy in the night&gt; I AM #Artist paints your wife with #BASTARDS&gt;,i confessgt and is the who sneaks pussy in the nightgt i am paints your wife with gt,0,0,0.04427706989985664
Its nt that i hate that bitch i just hate the shot he do,its nt that i hate that bitch i just hate the shot he do,0,0,0.06372391673696501
"RT @Steiny31: Peace, bitch. http://t.co/mEkV4wyJvq",rt peace bitch,0,0,0.009396833582642082
pussy put his ass to sleep,pussy put his ass to sleep,0,0,0.020616787314158693
My Instagram song ain't bout me postin pictures it's about how hoes not allowed to post pictures of me and I ain't posting none of them &#128076;,my instagram song aint bout me postin pictures its about how hoes not allowed to post pictures of me and i aint posting none of them,0,0,0.0009808821652778923
At least ima a faithful bitch &#128524;,at least ima a faithful bitch,0,0,0.012251996733378264
"RT @TheDouch3: Most overused hoe excuses
1. It's just lyrics
2. My friends party so I party 
3. Men do it too
4. And vice versa
5. I was yo&#8230;",rt most overused hoe excuses 1 its just lyrics 2 my friends party so i party 3 men do it too 4 and vice versa 5 i was yo,0,0,0.005765957449537145
It's definitely a bitch everything in life is ruled by money. Such a moral heartbreak.,its definitely a bitch everything in life is ruled by money such a moral heartbreak,0,0,0.004424616287986751
RT @AyMrCarter: Apologies trash.. What's understood ain't gotta be explained,rt apologies trash whats understood aint gotta be explained,0,0,0.019843376849954207
"RT @SportsCenter: For the last time, The Captain takes the field at Yankee Stadium. http://t.co/c9TI4FkSkn",rt for the last time the captain takes the field at yankee stadium,0,0,0.017206036832451452
Weed nigguh.. Retweet that,weed nigguh retweet that,0,0,0.032515053001878305
"RT @sassytbh: a girl tweeted ""you might be ghetto if u bring food from outside into the movies""

no u might be stupid if u pay 4.99 for a b&#8230;",rt a girl tweeted you might be ghetto if u bring food from outside into the movies no u might be stupid if u pay 499 for a b,0,0,0.02026944346308167
RT @DragonflyJonez: I never knew it was possible to look like you were about to buy some pussy and still look cool while doing it until tha&#8230;,rt i never knew it was possible to look like you were about to buy some pussy and still look cool while doing it until tha,0,0,0.006026034941016085
RT @BeyonceHasSTD: This hoe know that not her car lmaooo http://t.co/XppHPXD46P,rt this hoe know that not her car lmaooo,0,0,0.006412708741389982
"Fat ass inbred rednecks like Paula Deen are breed that are going extinct. I mean look at that woman, I would hate to be her scale.",fat ass inbred rednecks like paula deen are breed that are going extinct i mean look at that woman i would hate to be her scale,1,0,0.4200506208454546
RT @wrongwaybennett: Only Southerners know the difference between redneck and white trash.,rt only southerners know the difference between redneck and white trash,0,0,0.33539645340312635
"Inspiring a huge crowd of tourists to sit and watch the ""wild meadow rats"" over here by the trash cans. Cameras are out. There is gasping.",inspiring a huge crowd of tourists to sit and watch the wild meadow rats over here by the trash cans cameras are out there is gasping,0,0,0.013559966416554747
I got soo many funny pictures from yesterday &#128514;&#128557; bitches was fucced,i got soo many funny pictures from yesterday bitches was fucced,0,0,0.010444806003278637
Well Jay I guess if you wanna keep your house from burning down...the bird is the word yeah!!!! #jaymohrsports @jaymohr37,well jay i guess if you wanna keep your house from burning downthe bird is the word yeah,0,0,0.0010140446314547554
RT @yofwm: &#8220;@BrianLovesAss_: Damn babe &#128557; sike forever fucking with basic bitches &#128514;&#8221; &#128514;&#128514;,rt damn babe sike forever fucking with basic bitches,0,0,0.0026321071848852723
Thanks @delaney_jade for coming with me last night because it's ghetto and no one else could of handled it! #Summer2014,thanks for coming with me last night because its ghetto and no one else could of handled it,0,0,0.04499623520773883
@Diishaidiamond lmao yesterday ? Them hoes was cute af lol,lmao yesterday them hoes was cute af lol,0,0,0.03055762763087488
"""@BrosConfessions: This bitch was so ungrateful http://t.co/06e77bGwbx"" fr ..... LULWHORE",this bitch was so ungrateful fr lulwhore,0,0,0.010935189327824018
A lot of cool bitches that a nigga went to school with was major hoes ... And they man don't know,a lot of cool bitches that a nigga went to school with was major hoes and they man dont know,0,0,0.005630782601173964
LOL there's a talking monkey live on the internet! Will wonders never cease?,lol theres a talking monkey live on the internet will wonders never cease,0,0,0.14926478889487646
@_SqueezeMeBaby don't tell the dumb hoes that,dont tell the dumb hoes that,0,0,0.00950339589640293
"I uploaded a @YouTube video http://t.co/JHUuZpgr UPDATE ON UGANDA ANTI-GAY BILL: Freemasonry, Anglo-American Influence, and",i uploaded a video update on uganda antigay bill freemasonry angloamerican influence and,0,0,0.053640687185185366
I got. A lot. Of hoes.... All up on my dick,i got a lot of hoes all up on my dick,0,0,0.011158854740190538
RT @GatorDwqam: Everytime I see Nelson Agholor make a play I want to puke. Kid should've been a gator. Thanks Charlie Cheeseburger.,rt everytime i see nelson agholor make a play i want to puke kid shouldve been a gator thanks charlie cheeseburger,0,0,0.0004168812325306332
"RT @Jarhead44: Hi, can I buy you a margarita?

Sure!

So, I like the way your barstool shows off your clam.",rt hi can i buy you a margarita sure so i like the way your barstool shows off your clam,0,0,0.028167896497993485
"Mix it up, bitches.",mix it up bitches,0,0,0.013217891650733908
Endless but they really trash so none RT @Whoa_Kimbosabe: Men: how many positive(s) and possibles do y'all have on fri thru sun night?,endless but they really trash so none rt men how many positives and possibles do yall have on fri thru sun night,0,0,0.0134836965886608
Im trying to come back as a fine ass bitch next lifetime....,im trying to come back as a fine ass bitch next lifetime,0,0,0.03204530954670236
@urbasicyabish @Mikeaveli fucking faggot,fucking faggot,1,1,0.6384637841259942
Clowney is a bitch nigga get his ass off my team,clowney is a bitch nigga get his ass off my team,0,0,0.07568668745296378
@WyattNuckels who do you think I am bitch,who do you think i am bitch,0,0,0.01901916064520145
"RT @Brendaaaa05: I'm in love with mary jane and codine
I don't love these hoes",rt im in love with mary jane and codine i dont love these hoes,0,0,0.002250582853682487
RT @IExamineTitties: Too many bitches strictly rely on their looks. Can't bring nothing to the table but 100 likes and an iPhone &#128514;&#128514;,rt too many bitches strictly rely on their looks cant bring nothing to the table but 100 likes and an iphone,0,0,0.0037264399674128454
Los bitch told me if my name start with a D i could fuck...A B C SHE GOT THE D,los bitch told me if my name start with a d i could fucka b c she got the d,0,0,0.0023565786910170468
@BraveConWarrior She is a bitch ! This mess is all BO's fault! ALL OF IT!,she is a bitch this mess is all bos fault all of it,0,0,0.013172484952514975
"RT @miilkkk: bitches came over, yeah we threw a party http://t.co/t0wnbyvLrZ",rt bitches came over yeah we threw a party,0,0,0.005361166128170084
@Gutta_DaDon I never really rocked with the white sole. I feel ya bro. But these!!? My favorite Foam of all time. http://t.co/lTSsn34IFJ,i never really rocked with the white sole i feel ya bro but these my favorite foam of all time,0,0,0.04694695961845788
&amp;&amp; some of you hoes too... http://t.co/yJPSMAS4k2,ampamp some of you hoes too,0,0,0.015495342676300178
@T_FLYE you a hoe for that I'm rolling &#128514;&#128514;&#128514;&#128514;&#128514;,you a hoe for that im rolling,0,0,0.02540789858902766
@AwiLL_2RECKLESS lol his matches from the early 90's when he was IC champion the bitches really would go ham,lol his matches from the early 90s when he was ic champion the bitches really would go ham,0,0,0.0025614147016793827
"RT @yungturd: miley cyrus, macklemore &amp; adam levine all got together n were like ""lets gets the most retarded fucking hair cuts ever""",rt miley cyrus macklemore amp adam levine all got together n were like lets gets the most retarded fucking hair cuts ever,0,0,0.12806992985319074
""" got ya bitch tip toeing on my hardwood floors "" &#128514; http://t.co/cOU2WQ5L4q",got ya bitch tip toeing on my hardwood floors,0,0,0.003080110505062256
RT @silent_musings: Over-thinking can and will fuck up the simplest things. Lighten up bitches.,rt overthinking can and will fuck up the simplest things lighten up bitches,0,0,0.009121214815129394
Marca got so many hoes she confused on what to do,marca got so many hoes she confused on what to do,0,0,0.007923280031435368
Nah we still up. RT @Tweets_NOchill: All the flat booty bitches asleep yet or Nah?,nah we still up rt all the flat booty bitches asleep yet or nah,0,0,0.0010631565741933719
These hoes going BROKE trying to look RICH. ACT your WAGE!,these hoes going broke trying to look rich act your wage,0,0,0.01137400072764545
RT @therealQuilly: A bitch will fuck wit a dead beat dad as long as he cuttin her checks&#128546;,rt a bitch will fuck wit a dead beat dad as long as he cuttin her checks,0,0,0.007021123623270618
"""@2015seniorprobs: I probably wouldn&#8217;t mind school as much if we didn&#8217;t have to deal with bitch ass teachers"". Retweet",i probably wouldn t mind school as much if we didn t have to deal with bitch ass teachers retweet,0,0,0.010968005851855353
"Shiiiit @Pontiac_Holmes, drops you a couple extra dollars on that hoe. Get her a Brazilian. Gotsta spend money to make money!",shiiiit drops you a couple extra dollars on that hoe get her a brazilian gotsta spend money to make money,0,0,0.002432940404233182
@JacobbBacker you don't know shit about me faggot bitch,you dont know shit about me faggot bitch,1,0,0.09109885871435924
My nigga calls fat bitches &#8221; porkers&#8221; lmao,my nigga calls fat bitches porkers lmao,0,0,0.14518568917574892
@fangsbites @the506 Huge Yankee fan....enjoy http://t.co/tKM8l9Ty,huge yankee fanenjoy,0,0,0.010361984991290396
@WhereYoHussleAt &#128514;&#128557;&#128514;&#128557; @CayMarieee look at this shit imma bitch forreal &#9995;&#128527;,look at this shit imma bitch forreal,0,0,0.003994609603735543
I'm a dope ass nigga n these bitches OD,im a dope ass nigga n these bitches od,0,0,0.02839257251260733
@CayMarieee bitch you still subtweets but not replying though &#128514;&#128557;&#128524;,bitch you still subtweets but not replying though,0,0,0.015965330716316832
"&#8220;@DickFurari: HELL YA THEY SHOULD MAKE MORE MALT LIQUOR ADS LIKE THIS. http://t.co/H0JGORtnF8&#8221;

- Dis be heaven fo a colored man",hell ya they should make more malt liquor ads like this dis be heaven fo a colored man,1,0,0.006184305119236289
@05proFESSOR I bet he's a Starbucks queer,i bet hes a starbucks queer,1,0,0.19100405498253686
Brown is a color so my eyes are colored,brown is a color so my eyes are colored,0,0,0.08474807900848447
One thing I never did and that's love a bitch cuz I'm Drillin shit. I only love my clique,one thing i never did and thats love a bitch cuz im drillin shit i only love my clique,0,0,0.0010833317692771182
Of course my #faith for #baseball is off this year. BECAUSE OF #BARRYBONDS you goddamn retards!!!!!!!!!!!!!!!!!!!!!!!!!!!!!!!!!!! #morons,of course my for is off this year because of you goddamn retards,1,0,0.06522002212424007
RT @jakesiwy: @Ryan_Murphy3 http://t.co/i1rnKjMKeU fag,rt fag,0,0,0.3464810733991555
&#8220;@flvshy5: Might go to plaq hc&#8221;bitch who you gone go with,might go to plaq hc bitch who you gone go with,0,0,0.0122748988006542
@_TurnDownDre @kushdaddycorr I can smell your fried chicken ass a mile away boi and clean your nasty ass ears ratchet bitch,i can smell your fried chicken ass a mile away boi and clean your nasty ass ears ratchet bitch,0,0,0.02819059169562644
See bitches ruin sports kobe don't play no damn football. Either you was looking to be mentioned for stupidity or ya momma a hoe. Or both.,see bitches ruin sports kobe dont play no damn football either you was looking to be mentioned for stupidity or ya momma a hoe or both,0,0,0.0001723422437297952
&#8220;@LakeshoreJohnny: Eliot was a pussy.&#8221; MMMMMETHER,eliot was a pussy mmmmmether,0,0,0.016788265662320907
@Barbod6FCB @_cblaze @ODDBEAST cracker jack shut the fuck up,cracker jack shut the fuck up,1,0,0.25023029690008364
&#8220;@CiscoAllDay: @1Bcarter one of your side chicks came up 5k&#8221; them bitches know where I live I be hiding from my cuz @MaiaPapayyya_,one of your side chicks came up 5k them bitches know where i live i be hiding from my cuz,0,0,0.03836830175573329
"Its so many bitches n their friends don't like me ,,, all because of one nigga. A nigga that ""I"" will &amp;&amp; still have ,.. &#128553;&#128525;&#128536;&#128155;&#128153;&#128143;",its so many bitches n their friends dont like me all because of one nigga a nigga that i will ampamp still have,0,0,0.06543122409125095
"Sheeple just like &#128073;@sweetpotatertot:OH those ""racist"" ""sexist"" ""teabaggers""who just elected these two old white men. http://t.co/x3BwNM3jiI&#8221;",sheeple just like oh those racist sexist teabaggerswho just elected these two old white men,1,0,0.4298119680141153
Wtf... 3 days &amp; 3 nights! If I go another day..... all I know is im going ape shit....,wtf 3 days amp 3 nights if i go another day all i know is im going ape shit,0,0,0.026490096616800764
RT @Smiilze: I'm finally finished work. I'm going to have to chug this bottle of wine to catch up to you guys. Challenge accepted.,rt im finally finished work im going to have to chug this bottle of wine to catch up to you guys challenge accepted,0,0,0.004623750023009592
Some bitches barely respect themselves,some bitches barely respect themselves,0,0,0.007005501418655807
RT @LaquishaBae: Racist white cops arresting blacks again. Can't wait till black cops arrest whities then hear them bitch. #Fastfoodstrike,rt racist white cops arresting blacks again cant wait till black cops arrest whities then hear them bitch,0,0,0.44590080131319154
RT @TAXSTONE: Shout out to all them bitches who don't own no designer shit and still look better than all YALL bitches with everything desi&#8230;,rt shout out to all them bitches who dont own no designer shit and still look better than all yall bitches with everything desi,0,0,0.0015475312019382634
MY. NIGGA!! RT @Lito_TheGawd: Feel good to not have no hoes. Yall can't even throw that charge my way no more.,my nigga rt feel good to not have no hoes yall cant even throw that charge my way no more,0,0,0.021734643968878233
@REAL_Kaysavage that bitch was going or nawl,that bitch was going or nawl,0,0,0.00960592087235966
@InEyeAleE Son. We the sammich family out this bitch. She KNOW Joey love sammiches.,son we the sammich family out this bitch she know joey love sammiches,0,0,0.011492689705721981
"""@MikelaHenry: but what if he actually does choose the ugly bitch over you? &#58381;""Her ass must be fat!",but what if he actually does choose the ugly bitch over you her ass must be fat,0,0,0.04825937750687578
Its a bitch living in a country where you have two choices for President and fifty choices for Miss America .....,its a bitch living in a country where you have two choices for president and fifty choices for miss america,0,0,0.046047262872303284
hungrier then a ho,hungrier then a ho,0,0,0.03656059261494577
Another bad bitch fuck her for a hour another cigarette another nut another shower,another bad bitch fuck her for a hour another cigarette another nut another shower,0,0,0.012904498510169265
RT @FunnyPicsDepot: this bitch at the mall shaped like mr. incredible http://t.co/L8CuVNznWm,rt this bitch at the mall shaped like mr incredible,0,0,0.003843758771933313
dont call me a nigguh unless u call me my nigguh,dont call me a nigguh unless u call me my nigguh,0,0,0.06806561874677648
RT @tj_curtin: A birds eye view of today's #harvest14 activities. Thanks @BrentJFF for the great camera work! http://t.co/RgETR4tV4S,rt a birds eye view of todays activities thanks for the great camera work,0,0,0.012709529189141314
&#128077;RT @kwagiheath: One'a y'all b!tches gon end up dead over a screen shot thinkn that sh!t funny...ain't too many niccas gon laugh at that b!,rt onea yall btches gon end up dead over a screen shot thinkn that sht funnyaint too many niccas gon laugh at that b,0,0,0.001454728521838404
"RT @marksidaway: Last time #xfactor auditions came to Dublin, I auditioned @MaryByrneMusic and @NiallOfficial. And a man in a blue monkey s&#8230;",rt last time auditions came to dublin i auditioned and and a man in a blue monkey s,0,0,0.07779744738364401
You know a bitch is crazy when she smiles and she's upset!,you know a bitch is crazy when she smiles and shes upset,0,0,0.009924753140236168
"RT @HBCUfessions: ""Mannn these hoes for everybody"" other words don't love these hoes especially at - FAMU...",rt mannn these hoes for everybody other words dont love these hoes especially at famu,0,0,0.0001979558679560444
Real bitches who really hungry won't be out here arguing with bitches on twitter straight flexin,real bitches who really hungry wont be out here arguing with bitches on twitter straight flexin,0,0,0.0002777797994586524
With a pussy mullet,with a pussy mullet,0,0,0.016788265662320907
"RT @TorahBlaze: @1SonofYahweh they should be ashamed of themselves. I'll be single for life before I fuck w a nasty, faggot ass white man.",rt they should be ashamed of themselves ill be single for life before i fuck w a nasty faggot ass white man,1,1,0.7881687297230426
"RT @deno_5: ""hoooow bitch how"" &#128514;@UglyAssDerrick",rt hoooow bitch how,0,0,0.013535701151256335
what he was clearly stating to the masses is....pussy is to be shared...so girl send out dat pussy to my shark,what he was clearly stating to the masses ispussy is to be sharedso girl send out dat pussy to my shark,0,0,0.018311153329104483
Hating on me? Then bitch what's good?,hating on me then bitch whats good,0,0,0.09419153756581078
"RT @rappersaid: When Tupac said ""I ain't a killer but don't push me, revenge is the sweetest joy next to getting pussy."" http://t.co/wL3mtG&#8230;",rt when tupac said i aint a killer but dont push me revenge is the sweetest joy next to getting pussy,0,0,0.010702569687707962
&#8220;@Marlin_FishyAss: &#8220;@1017_Sqquad: In the mall with yo bitch and yo money I'm getting me somethin &#128514;&#128175;&#8221;&#128514;&#8221;&#128175;&#128175;&#128175;&#128175;&#128175;&#128175;&#128175;&#128175;&#128175;&#128175;&#128175;&#128175;&#128175;&#128175;&#128175;&#128175;&#128175;&#128175;&#128175;&#128175;,in the mall with yo bitch and yo money im getting me somethin,0,0,0.005015170650835227
@Benny_Balboa tell that boy he a hoe i just called him,tell that boy he a hoe i just called him,0,0,0.015145589097293317
"This Isn't Murica, Charlie Brown. #rejectedpeanutsspecials",this isnt murica charlie brown,0,0,0.0018594203667232686
RT @AaronTheGoat: This bitch can't be serious... http://t.co/dVZegKeBGv,rt this bitch cant be serious,0,0,0.0041493828698305575
@ICBC_World214 lol nigga just walk in that hoe looking for girls don't even wanna buy nothing,lol nigga just walk in that hoe looking for girls dont even wanna buy nothing,0,0,0.019182922956923896
@KazAtta @thesaidabdi dont get it twisted said aint playin ny state of mind when bitches is around *clicks link*,dont get it twisted said aint playin ny state of mind when bitches is around clicks link,0,0,0.00635824781463848
@sbsylvester @kieffer_jason @hunterbuch66 bitch u ugly then hoe,bitch u ugly then hoe,1,0,0.01454899528687285
RT @illi708: the easy way out RT @BiggieBOSSMane While you females calling them hoes asking if they want ketchup with they fries. http://t&#8230;,rt the easy way out rt while you females calling them hoes asking if they want ketchup with they fries,0,0,0.0007916585372071853
Proud to be a redneck patriot :) @Docs357 @Cats_lmbo @KoichicCheryl @bja_tw @yrwol7 @DavesGrill,proud to be a redneck patriot,0,0,0.05206533255252396
You know you kinda seem like a nasty bitch. &#128129;&#128139;,you know you kinda seem like a nasty bitch,0,0,0.008186302769310407
He's making sure if it's ok for the bitches http://t.co/wE7OBTKetB,hes making sure if its ok for the bitches,0,0,0.017547311703716584
Don't no nigga want an artificial bitch ... Let me repeat that.... Not one !!!,dont no nigga want an artificial bitch let me repeat that not one,0,0,0.029320696012358642
If you got a body count already in 2014 you can't talk about anybody being a hoe,if you got a body count already in 2014 you cant talk about anybody being a hoe,0,0,0.0018388831634882697
Miley Cyrus just wants to hump things and smoke weed with her retarded ass.,miley cyrus just wants to hump things and smoke weed with her retarded ass,0,0,0.02467779804057438
@rashidgill5 I'll see you guys later. I gotta go bake my blood crackers. @RazaHussain101,ill see you guys later i gotta go bake my blood crackers,0,0,0.056956945306310396
Translation for the slow he out saving hoes 1 by 1 RT @CiscoAllDay: Out here saving lives! &#128557;&#128514;&#128557;&#128514;,translation for the slow he out saving hoes 1 by 1 rt out here saving lives,0,0,0.00845899410193296
You're all faggot fuckheads.,youre all faggot fuckheads,1,1,0.56775351572462
I don't own any #Onslaught on #Vinyl I may have to get one now. Their new Lp is available in army green coloured vinyl,i dont own any on i may have to get one now their new lp is available in army green coloured vinyl,0,0,0.05105548821922171
Ok so not all the shows on Cartoon Network are complete trash. Stevm Universe is awwwwwesomeeeeee,ok so not all the shows on cartoon network are complete trash stevm universe is awwwwwesomeeeeee,0,0,0.03702498925953492
RT @AYEVERB: On twitter you ho%s can jus take a pic with your ass out and be somebody..smh...,rt on twitter you hos can jus take a pic with your ass out and be somebodysmh,0,0,0.024311596001787488
"I can't even find it in me to mock anymore. This is scary. This mass ignorance is terrifying. RT @KateElliottSFF Yes, alas, I agree.",i cant even find it in me to mock anymore this is scary this mass ignorance is terrifying rt yes alas i agree,0,0,0.0575721065875345
@katherinerrrr hoes gon be hoes so so i couldn't blame tammy,hoes gon be hoes so so i couldnt blame tammy,0,0,0.00303001297040364
"RT @DFkinLopes: Bruh every time a famous celebrity tweet something, the 1st person to comment is some hoe talkin bout ""slap ya dick on me d&#8230;",rt bruh every time a famous celebrity tweet something the 1st person to comment is some hoe talkin bout slap ya dick on me d,0,0,0.004147010438377491
RT @KaliKushDoll_: Dropping all these hoes.,rt dropping all these hoes,0,0,0.014253211749641516
@_spenceyy @5SOS not scanger,not scanger,0,0,0.05020372358796218
lmao RT @SirRocObama: Tu Madre RT @WaymoTheGod: nacho doritos trash,lmao rt tu madre rt nacho doritos trash,0,0,0.018713771932125152
@JAYREIDOFFICIAL I want it to be somewhat of a collage .. Money jewels cartiers etc .. Jus little shit to let niccas know we still here,i want it to be somewhat of a collage money jewels cartiers etc jus little shit to let niccas know we still here,0,0,0.010817501029826352
Miss you lil bitch @xMASON4LIFEx http://t.co/TqmMnmkCyN,miss you lil bitch,0,0,0.0039562586235014725
"@juiccey_j i understand why, everyone loves pussy",i understand why everyone loves pussy,0,0,0.029963491725624212
@JawShoeeAhhh you're a bitch lol,youre a bitch lol,0,0,0.023856786342955242
RT @madstatic414: @SauleWright @GQ_Blu Lana......it ain't nuttin' ta fuck that bitch dawg! #FROHorsemen,rt lanait aint nuttin ta fuck that bitch dawg,0,0,0.03705481636765323
RT @phatsyeo215: these bitches ain't real. &#128514;,rt these bitches aint real,0,0,0.003553212329340582
Making brownies,making brownies,0,0,0.02861325074624007
RT @Gmel_Genuine: When ya broke ONLY real bitches stick around,rt when ya broke only real bitches stick around,0,0,0.0029177070714460113
"Nigga i wus graduating RT @i_EaT_PIE: If you wasn't in the 6th grade in 1996, you a hoe",nigga i wus graduating rt if you wasnt in the 6th grade in 1996 you a hoe,0,0,0.01202634658172916
bitches love good morning posts,bitches love good morning posts,0,0,0.011729008750332946
RT @Based_Unicorns: Humpday hoe.,rt humpday hoe,0,0,0.015228315178795734
Lmao &#128681;on the play! RT @FunnyJulius: getting pussy is so easy when they believe you're Omar Epps's brother or The Steelers Head Coach's son.,lmao on the play rt getting pussy is so easy when they believe youre omar eppss brother or the steelers head coachs son,0,0,0.0018380458709484982
"@GenuinelyOT you out yo mind. Rose colder than Kim, &amp; way more down to earth. Kanye bitch give him more problems than Wiz's does.",you out yo mind rose colder than kim amp way more down to earth kanye bitch give him more problems than wizs does,0,0,0.005526293775134321
"Pickup line ""Are you a cat lady? Because I love pussy too""

""NO WAIT I LITERALLY MEANT I LIKE CATS""",pickup line are you a cat lady because i love pussy too no wait i literally meant i like cats,0,0,0.007322548782531366
Idiotic censorship drive by #France President fails to understand that he's empowering Jihadis by censoring the internet wholesale #fail,idiotic censorship drive by president fails to understand that hes empowering jihadis by censoring the internet wholesale,0,0,0.11519553304380556
need to get the sheriff Rick in here to show these pussy ass police officers who is boss.,need to get the sheriff rick in here to show these pussy ass police officers who is boss,0,0,0.06322280720783173
RT @NoBeeetch: Y'all we use to have to take pictures on real cameras and upload them hoes through the computer. Wow,rt yall we use to have to take pictures on real cameras and upload them hoes through the computer wow,0,0,0.003957963702442797
RT @LuckyLanceJ: Life's a bitch. You've got to go out and kick ass. @DrMayaAngelou,rt lifes a bitch youve got to go out and kick ass,0,0,0.008481904428139491
"animal crackers are the fuckin bomb, yo",animal crackers are the fuckin bomb yo,0,0,0.05253269715665421
You wanna watch the game she wanna watch #scandal but yo bitch ass didn't buy her another tv so you gotta take da L,you wanna watch the game she wanna watch but yo bitch ass didnt buy her another tv so you gotta take da l,0,0,0.04534717883404775
I live in the fast lane bitch,i live in the fast lane bitch,0,0,0.01285694491964545
chubby hoes .....,chubby hoes,0,0,0.016767678318908484
Saw this bad bitch today @Lil_Marieeee &#128539; http://t.co/BuFua1Pr8v,saw this bad bitch today,0,0,0.0044518113943803434
RT @DrummerKid0328: Them shits was dry as a bitch! Had to ask for water and shit &#128514;&#128514;&#128514;,rt them shits was dry as a bitch had to ask for water and shit,0,0,0.013898412246276188
RT @maycie32: @Whitecholo23 ya by being your bitch;),rt ya by being your bitch,0,0,0.008002899937534658
RT @JacobCavenee_: @1D_NIPPLES_ thanks bitch http://t.co/xdox4K8YQo,rt thanks bitch,0,0,0.004178953826513089
What kind of person am I : the one that wears a beanie and does drugs and likes to fuck with bitches,what kind of person am i the one that wears a beanie and does drugs and likes to fuck with bitches,0,0,0.00678487829991102
"think i should change ""&#9733;Doctor's Advocate&#9733;"" to ""cunt that goes mental"" #hmm",think i should change doctors advocate to cunt that goes mental,0,0,0.054758504680587544
"I just wanna touch da bitch, fuck da bitch, Like a bud don't trust the bitch.",i just wanna touch da bitch fuck da bitch like a bud dont trust the bitch,0,0,0.004046621427229688
@RnadJorell Knocked that bitch soul out her body lol,knocked that bitch soul out her body lol,0,0,0.003568227902927685
I know im not the only niggah that saw that,i know im not the only niggah that saw that,0,0,0.03002514787274687
' My baby mama trippen and that bitch can shoot &#1041653;&#1041653; .,my baby mama trippen and that bitch can shoot,0,0,0.015281362354532051
"I fuck alien bitches, demon and angel bitches, a couple of centaur bitches, got really drunk and fucked a dragon chick a couple times..ughhh",i fuck alien bitches demon and angel bitches a couple of centaur bitches got really drunk and fucked a dragon chick a couple timesughhh,0,0,0.00042505711803094776
RT @MotherOfBraylon: &#8220;@1inkkofrosess: @MotherOfBraylon you already know they go to fed for me ah bitch be ready to walk out the door &#128514;&#128514;&#9996;&#65039;&#8221;&#128514;&#8230;,rt you already know they go to fed for me ah bitch be ready to walk out the door,0,0,0.0019504538524376135
I wish I could go to dat bitch rt,i wish i could go to dat bitch rt,0,0,0.025579675985016342
RT @TweetLikeAGirI: when other girls wear beanies they look cute &amp; stylish but when i wear them i look like a member of a drug cartel who s&#8230;,rt when other girls wear beanies they look cute amp stylish but when i wear them i look like a member of a drug cartel who s,0,0,0.0068043538744517835
I sho do miss my Uncle Tom,i sho do miss my uncle tom,0,0,0.06950778557937151
RT @ForeignGAWDESS: A relationship is for 2 &#128107; . . but you know some of you hoes don't know how to count &#9995;&#128530;,rt a relationship is for 2 but you know some of you hoes dont know how to count,0,0,0.002319824132447099
Bruhhhh hoes ass laws had to fuck up the fun &#128532;&#128532;,bruhhhh hoes ass laws had to fuck up the fun,0,0,0.014615738525776498
RT @KINGTUNCHI_: I don't understand if all these hoes say they getting money why tf they on twitter with that childish shit!! Bitch it's 20&#8230;,rt i dont understand if all these hoes say they getting money why tf they on twitter with that childish shit bitch its 20,0,0,0.001457264755231193
Fuck off bitch,fuck off bitch,0,0,0.04530017553654269
"Y'all hoes broke, be stealing from the mall but be flexing",yall hoes broke be stealing from the mall but be flexing,0,0,0.06457424285713693
@MIKEB_IN_THE_D rams are for fags,rams are for fags,0,0,0.4173606676681628
"RT @karessaNV_M: If I was a bird, you would be the 1st person I&#8217;d shit on.",rt if i was a bird you would be the 1st person i d shit on,0,0,0.012738349646475017
"My Oriental Gallery Blog: The New Land of Free Enterprise http://t,co/pz55t90Z",my oriental gallery blog the new land of free enterprise,0,0,0.02131464694142965
"RT @DragonflyJonez: ""You men are trash if your homeboy is cheating and you dont tell his wife/girl and break up their family."" LOLNO",rt you men are trash if your homeboy is cheating and you dont tell his wifegirl and break up their family lolno,0,0,0.0201499561402884
@MaxDeLaCruz8 thx hoe,thx hoe,0,0,0.017956235030136325
RT @emma3156: Quit hoggin the blunt bitch&#58373;,rt quit hoggin the blunt bitch,0,0,0.009338405807230131
If your main reason for disliking something is because it is popular there is a 100% chance you're a little stupid idiot bitch baby child.,if your main reason for disliking something is because it is popular there is a 100 chance youre a little stupid idiot bitch baby child,0,0,0.10161942828885356
@JerGucci I can trap anywhere I wanna just because I ain't a bitch n in rarely solo.,i can trap anywhere i wanna just because i aint a bitch n in rarely solo,0,0,0.017502664367220377
Jungle Fever be my favorite movie. Dat white girl love dat colored mans thang. She take it hard and deep. Drive dat girls daddy wild crazy,jungle fever be my favorite movie dat white girl love dat colored mans thang she take it hard and deep drive dat girls daddy wild crazy,0,0,0.011332378231767951
"""@SheWentToJordan: Can't worry about a bitch that ain't worried bout me"" #real",cant worry about a bitch that aint worried bout me,0,0,0.0028741501773156745
"""@HeartlessFuck: Glad I'm getting outta Atlanta. Nothing but a bunch of niggas in &amp; outta jail &amp; dumb bitches with mad kids fuckin em.""",glad im getting outta atlanta nothing but a bunch of niggas in amp outta jail amp dumb bitches with mad kids fuckin em,0,0,0.06277159544703846
RT @JustDoIt_Rob: @Kaaarlizzy bitches love my laugh..lol,rt bitches love my laughlol,0,0,0.010382414944502635
#AlexFromTarget gets a million retweets but #ChrisFromWalmart cant even get a bitch to text him back.... http://t.co/l0XTPSIG8Z,gets a million retweets but cant even get a bitch to text him back,0,0,0.003375126169415373
I hate when cute ass girls have wack af boyfriends like bitch youre settlling. Quit your settling and be with a real nigga,i hate when cute ass girls have wack af boyfriends like bitch youre settlling quit your settling and be with a real nigga,0,0,0.10801822563035769
RT @kimble_zyelon: when i see a pretty girl i be like YASSSS slay on these hoes &#128571;&#128525;&#128553;&#128514; http://t.co/bOVprgb4W9,rt when i see a pretty girl i be like yassss slay on these hoes,0,0,0.006620431923168209
Whoooooaaa no chill savage &#8220;@CantBeLocal: Here monkey monkey http://t.co/wmZ8s3j6iG&#8221;,whoooooaaa no chill savage here monkey monkey,0,0,0.10235924092403367
@TrillBaIN this bitch has brain damage,this bitch has brain damage,0,0,0.01954507595375084
"I know when bitches discuss me in a group message the words ""asshole"" ""cute"" and ""douche bag"" are abused excessively",i know when bitches discuss me in a group message the words asshole cute and douche bag are abused excessively,0,0,0.0009401417825683143
RT @IamRicoLove: These hoes turn into contortionist just so u can see their ass &amp; their smile in the same picture. Smh! It's hard work thir&#8230;,rt these hoes turn into contortionist just so u can see their ass amp their smile in the same picture smh its hard work thir,0,0,0.020097090186939056
RT @Pointstacked: Follow this fag @ShinSnipes it's his birthday today,rt follow this fag its his birthday today,0,0,0.1919849570379519
RT @OTBVA: these judges are fuckin retarded,rt these judges are fuckin retarded,0,0,0.10921942720391219
My brother is a fucking pussy.,my brother is a fucking pussy,0,0,0.013739578794940647
"""@BitchJones92: Get worshiping bitch! http://t.co/R37CejCjou"" woof woof",get worshiping bitch woof woof,0,0,0.009481382281252363
@justezzzee nigga what bitch I'm talking bout boxing can u read?,nigga what bitch im talking bout boxing can u read,0,0,0.15683184904371328
I just want to punch you in the throat when you get my order wrong stupid bitch at sonic,i just want to punch you in the throat when you get my order wrong stupid bitch at sonic,1,0,0.2339168726475703
@cup_ah_noodles ya pussy let's go wheelin,ya pussy lets go wheelin,0,0,0.005877112701681944
"@Glodupshawdy @ManOnThe_Moon_ @_tonydennis @lilthickgawdess @CHILDISHCUDl @ninathegoat @YUNGRAPE basic bitch comeback, expected",basic bitch comeback expected,0,0,0.007321423976578262
"RT @1stblock_thomas: ""@1stBlocJeremiah: You know bitches be mad when they be like ""I'm my own #wcw&#128514;&#128514;""",rt you know bitches be mad when they be like im my own,0,0,0.005759096176188279
"Why beg for nudes when you could fuck that bitch and make a video. Staring yourself and you get some booty, win win.",why beg for nudes when you could fuck that bitch and make a video staring yourself and you get some booty win win,0,0,0.0061547088509975555
"RT @OhWowThatsAwk: a girl tweeted ""you might be ghetto if u bring food from outside into the movies""

no u might be stupid if u pay 4.99 fo&#8230;",rt a girl tweeted you might be ghetto if u bring food from outside into the movies no u might be stupid if u pay 499 fo,0,0,0.02224150153630131
I told y'all he was going to do that shit u.# pussy boy,i told yall he was going to do that shit u pussy boy,0,0,0.01863728517807404
Kids don't put up with your Mother calling you a thot. She mad because hoe wasn't a cool thing to be called back in her sluttish day.,kids dont put up with your mother calling you a thot she mad because hoe wasnt a cool thing to be called back in her sluttish day,0,0,0.004556399995838266
RT @LeanandCuisine: bitch where you see a Katy or perry in that pic RT&#8220;@howlilwayneraps: Katy Perry is so fit &#128525;&#128525; http://t.co/cyclTBkPNO&#8221;,rt bitch where you see a katy or perry in that pic rt katy perry is so fit,0,0,0.0019587444622901555
RT @Lmao: When I make the paper ball into the trash can. &#128240;&#127936;&#128168; http://t.co/VjeGtjEP3X,rt when i make the paper ball into the trash can,0,0,0.008458260003531901
I uploaded a @YouTube video http://t.co/8rLE3JNr GOProud Makes Money Out of Twinkie Crisis in Free Market Spirit,i uploaded a video goproud makes money out of twinkie crisis in free market spirit,0,0,0.021548650215984524
RT @NittiYayo: I think I got da bird flu,rt i think i got da bird flu,0,0,0.005480421975641705
RT @TrayPizzy: Not into dressin' to impress these bitches or niggas...,rt not into dressin to impress these bitches or niggas,0,0,0.023402400512427656
@tayscalf must have run out of brownies,must have run out of brownies,0,0,0.012477608105285344
"... but bitches catch feelings after, all the damn time.",but bitches catch feelings after all the damn time,0,0,0.006239880486710956
"Bill Smith DDS MTV ODB LGBTQ MMA NFL AFLCIO 

bitch pick one.

Fucking hate you.

I know you proud but shit.",bill smith dds mtv odb lgbtq mma nfl aflcio bitch pick one fucking hate you i know you proud but shit,1,0,0.016724476269150676
&#8220;@sorryimalex: I'm only back cause I don't wanna see the boys lose to trash #vote5sos&#8221;,im only back cause i dont wanna see the boys lose to trash,0,0,0.017489822598081947
@triple6em96 @Hunglikerobby_ @bbluedreamm I don't look like white trash. I'm not pregnant and 17 gtfo. I have hella gas so say something.,i dont look like white trash im not pregnant and 17 gtfo i have hella gas so say something,0,0,0.476780102029586
@Mrste617 wake and bake before school hoe !!!,wake and bake before school hoe,0,0,0.038457360534365645
&#8220;@fabbymichelle: brian stfu &#128548;&#128079; its twitter i could retweet anything&#8221;don't make me bitch slap you again &#128075;,brian stfu its twitter i could retweet anything dont make me bitch slap you again,0,0,0.009152286677906425
RT @1Armaun: Hoes get a boyfriend and swear they not a hoe anymore. Bitch Having a boyfriend doesn't erase what happened before him you ...,rt hoes get a boyfriend and swear they not a hoe anymore bitch having a boyfriend doesnt erase what happened before him you,0,0,0.0001618292791984855
This bitch got arrested on her wedding night for ordering $650 worth of food and didnt pay.. Shouldve ate the 2 for 20 at applebees.,this bitch got arrested on her wedding night for ordering 650 worth of food and didnt pay shouldve ate the 2 for 20 at applebees,0,0,0.00048714126088900616
RT @wojtata: @NoneShallPass97 fuck you up fucking skank ass cunt,rt fuck you up fucking skank ass cunt,0,0,0.2261716640409448
RT @Meet_Nallah: &#8220;@mckenxcassie: Some of y'all hoes so worried about y'all eyebrows y'all forgot y'all had a mustache &#128514;&#128557;&#128557;&#8221; LMAO,rt some of yall hoes so worried about yall eyebrows yall forgot yall had a mustache lmao,1,0,0.005040633790640789
"RT @RollingWithTrin: ""1, 2, 3, 4, how many niggers are in my store? I knowwww you're stealing!"" &#128514;&#128514;&#128514;",rt 1 2 3 4 how many niggers are in my store i knowwww youre stealing,1,1,0.8533691049754362
@patrickkimmis @White1979 Remember Dad running a rotary hoe over corn after a freeze to knock the dead leaves off after they turn brown,remember dad running a rotary hoe over corn after a freeze to knock the dead leaves off after they turn brown,0,0,0.012729038654851022
@classy_girls bruh u such a pussy just talk,bruh u such a pussy just talk,0,0,0.005927213639364567
Is there a vending machine around this bitch im starvin,is there a vending machine around this bitch im starvin,0,0,0.021760365344005238
pockets hella empty but these bitches steady choosing.,pockets hella empty but these bitches steady choosing,0,0,0.003982853193163985
"RT @GucciManeQuote1: Gucci, you conceited bitch I might be
'Cause my chain so bright, Stevie Wonder might see",rt gucci you conceited bitch i might be cause my chain so bright stevie wonder might see,0,0,0.006365639209853625
Dnt play with yo girl heart thats why her pussy there for .,dnt play with yo girl heart thats why her pussy there for,0,0,0.0034457053351234757
&#8220;@DueceDaGod: @JefDaBest I'm on my Y.U shit using LinkedIn at work b&#8221; lmfaoo bagging them linkiden hoes lol,im on my yu shit using linkedin at work b lmfaoo bagging them linkiden hoes lol,0,0,0.019273838698556704
Ion fight but it aint no pussy in my heart nigga ion fear nobody but god loose win or draw,ion fight but it aint no pussy in my heart nigga ion fear nobody but god loose win or draw,0,0,0.02761462031924148
&#8220;@lildoll__: grown. mature. pretty. &amp;etc. All that goes out the window when a bitch play with me.&#8221;,grown mature pretty ampetc all that goes out the window when a bitch play with me,0,0,0.0016996391251788215
Just need to know what that pussy like so one time is fine with me,just need to know what that pussy like so one time is fine with me,0,0,0.00592679880742919
When things don't go my way I'm a total bitch.&#128129;,when things dont go my way im a total bitch,0,0,0.003993117974109127
how many fingers does a bitch gotta break so mother fuckers will stop taking my god damn lighters,how many fingers does a bitch gotta break so mother fuckers will stop taking my god damn lighters,0,0,0.005423699428254049
"Nigga fuck hoe , ion want fuck yo hoe , she a fat chick &amp; she bad built &#128080;",nigga fuck hoe ion want fuck yo hoe she a fat chick amp she bad built,0,0,0.18186422380552575
What a fag,what a fag,1,0,0.3853292778247678
@tayjrobin @AlmondMlk follow the system and you'll practically be swimming in pussy,follow the system and youll practically be swimming in pussy,0,0,0.020922427124598297
I know OG niggaz and bitches,i know og niggaz and bitches,0,0,0.02788080603834506
I don't live for you hoes man,i dont live for you hoes man,0,0,0.025236125254294535
&#8220;@ttevy_8: i want affection 24/7 but i also want to be left alone 24/7... do you see the issue here?&#8221;fag,i want affection 247 but i also want to be left alone 247 do you see the issue here fag,1,0,0.20007595507477258
@ariennajanee thats why youz a yellow bone &#128155;&#128155;,thats why youz a yellow bone,0,0,0.009712144416133842
"don't follow me and unfollow me, you are retarded",dont follow me and unfollow me you are retarded,0,0,0.08074168681269832
Chiefs fans are the only ones that claim my takes are wrong about Dogshit trash Quarterback Alex Smith.,chiefs fans are the only ones that claim my takes are wrong about dogshit trash quarterback alex smith,0,0,0.01033103125757022
I love to feed the pussy,i love to feed the pussy,0,0,0.019466256493169
"@DamierGenesis pulled up in that bulbasuar, you know I'm bout to make yo girl pussy sore",pulled up in that bulbasuar you know im bout to make yo girl pussy sore,0,0,0.0025163777757356773
OMG RT @Master_Bay: Have yall ever met a dyke who didn't have a kid?,omg rt have yall ever met a dyke who didnt have a kid,0,0,0.021534074380399226
If you not his momma or his sisters goodbye bitch! I do not have time for that.,if you not his momma or his sisters goodbye bitch i do not have time for that,0,0,0.010217186690611042
@ChaleCarlo5 fuck outta here and go put some more trash ass ink on your faggot ass self pussy,fuck outta here and go put some more trash ass ink on your faggot ass self pussy,1,0,0.31549503119675526
I was getting to the business while you was chasing the bitches,i was getting to the business while you was chasing the bitches,0,0,0.031434610074468725
You just caught this bitch cheatin while you at work shes with some dude tryin to get off? FUCK slittin her throat CUT THIS BITCH'S HEAD OFF,you just caught this bitch cheatin while you at work shes with some dude tryin to get off fuck slittin her throat cut this bitchs head off,0,0,0.03443133543301428
"RT @BrosConfessions: ""People congratulate on losing weight for my health, but in reality I lost all the weight so I could fuck hot bitches""&#8230;",rt people congratulate on losing weight for my health but in reality i lost all the weight so i could fuck hot bitches,0,0,0.0027814760596550415
@k_tempsss lol then they have one more flavor I think it's yellow idk.. But yea there bomb.,lol then they have one more flavor i think its yellow idk but yea there bomb,0,0,0.010105694032249818
I want Oreos!! Who can help me,i want oreos who can help me,0,0,0.055482347355167196
"RT @carrielusch: You might be a liberal if you continue to trash America, claiming how horrible and evil it is, yet you refuse to leave",rt you might be a liberal if you continue to trash america claiming how horrible and evil it is yet you refuse to leave,0,1,0.8052854987955903
"I love this bitch , he's dear to my heart.",i love this bitch hes dear to my heart,0,0,0.00840942041335055
Most these bitches ain't real,most these bitches aint real,0,0,0.003941566018538498
"RT @XxminijokerXx: @VocaToaster autocorrect

its a bitch",rt autocorrect its a bitch,0,0,0.012386275851908317
RT @tmaeleen: this bitch just blew my high &amp; i was off all of dese drugs...,rt this bitch just blew my high amp i was off all of dese drugs,0,0,0.0023342117250150732
RT @Dalilaaaaaa__: Flappy birds cheat codes http://t.co/nu6GjYQDJJ,rt flappy birds cheat codes,0,0,0.00619621579240981
@tina16_ that bitch gonna get a rug burn,that bitch gonna get a rug burn,0,0,0.06803517362986047
I need a bad bitch thats gon treat me good,i need a bad bitch thats gon treat me good,0,0,0.0008062805178856254
"I know when Woods, Kofi and Big E were forming up, R.Truth was like ""Ain't that a bitch"" #FROhorsemen",i know when woods kofi and big e were forming up rtruth was like aint that a bitch,0,0,0.005770030949214284
Pressed for pussy no ...I get too many freebies,pressed for pussy no i get too many freebies,0,0,0.012132130475291571
&#8220;@___Tamm: @VoiceOfDStreetz cuz you a hoe lol&#8221; cuz you went on your lil rant on me man!,cuz you a hoe lol cuz you went on your lil rant on me man,0,0,0.0030810332565291212
@Gorillaleo fuck your chicken sandwich ho!!!,fuck your chicken sandwich ho,0,0,0.09455786708611286
This bitch THINCC she dress coding me &#9995;&#128514;&#128557;,this bitch thincc she dress coding me,0,0,0.0057241399472607295
Them brownies tho &#128524;&#128076;,them brownies tho,0,0,0.01121203614647289
RT @asap_marlene: &#128546; a bitch that don't like you always gone think you ugly. &#128514;&#128513;&#128564;,rt a bitch that dont like you always gone think you ugly,0,0,0.023484125919157793
RT @TittyFlex: Lol I don't need Halloween to dress like a ho. I know myself. Everyday is another opportunity.,rt lol i dont need halloween to dress like a ho i know myself everyday is another opportunity,0,0,0.0028123614652465715
"RT @NothingLikeIt15: These hoes getting dressed up as hoes for Halloween, just to do what they always do every other night.",rt these hoes getting dressed up as hoes for halloween just to do what they always do every other night,0,0,0.0034928104984279064
Eagles fucking trash,eagles fucking trash,0,0,0.06608391396291188
RT @xojeaninee: &#128553; dawg! &#8220;@Tressilicious: Pet peeve is finding out a cute guy has hoes. I automatically lose interest. I don't compete.&#8221;,rt dawg pet peeve is finding out a cute guy has hoes i automatically lose interest i dont compete,0,0,0.006535972446606571
I feel sorry fo niggas dat gtta make up shit to lie about. I would hate to have to think that fuckin much.#bitch,i feel sorry fo niggas dat gtta make up shit to lie about i would hate to have to think that fuckin much,0,0,0.16361529063488936
"@Swamper60 ""Happy Happy Helloween, Helloween whoa oh whoa ho"" @helloweenorg http://t.co/Tw0jeExqTy",happy happy helloween helloween whoa oh whoa ho,0,0,0.01727839531752912
@JMC2488 @jetsgreen @TB12FAN and fuck you too ya little bitch you look like a Mexican sucking a cock in ur profile,and fuck you too ya little bitch you look like a mexican sucking a cock in ur profile,1,0,0.019271953466921177
@dan1ellep she going full retard right now smh,she going full retard right now smh,0,0,0.10027432262327199
Deez hoes be actin up..,deez hoes be actin up,0,0,0.018846053231452827
"Lifes a bitch and then ya die, thats why we get high",lifes a bitch and then ya die thats why we get high,0,0,0.0075570545957284515
"RT @LizardLickTowin: - @CMchatLIVE #CMchat why do U think its so hard for""hick hop""2get major air time on most stations #cmchat when it's w&#8230;",rt why do u think its so hard forhick hop2get major air time on most stations when its w,0,0,0.007345709398094454
"bobby bitch, make that body flip, you know i don't know karate bitch",bobby bitch make that body flip you know i dont know karate bitch,0,0,0.0024230236853044714
RT @OutTheOrdinary1: @P0WERS_ @eGoaTizM @Blaztful powers U don't go outside ur tanks been on full for 2 months U anti social monkey,rt powers u dont go outside ur tanks been on full for 2 months u anti social monkey,0,0,0.04707931147631637
RT @stephpaulus: I have yet to master the art of eating a powdered donut without looking like I just left Charlie Sheen's house.,rt i have yet to master the art of eating a powdered donut without looking like i just left charlie sheens house,0,0,0.004323925030689092
henny cups on all that ice bitch i'm froze up,henny cups on all that ice bitch im froze up,0,0,0.02642354950637248
SEnd y'all bitch asses fishing with us RT @ikesizzle: We ain't beat San Antonio all season I don't wanna play them nigguhs #straightup,send yall bitch asses fishing with us rt we aint beat san antonio all season i dont wanna play them nigguhs,0,0,0.0026242536954191324
Some of these hood negros don't deserve bail money the way they be visiting jail.,some of these hood negros dont deserve bail money the way they be visiting jail,1,0,0.12130951837900793
Fuckkkk this faggot commie http://t.co/RD81TnCo4f,fuckkkk this faggot commie,0,0,0.42632796440691967
' She was mad for like 5 mins got over it and hit him right back up lol she care about that niggah . http://t.co/w13NFgBHSB,she was mad for like 5 mins got over it and hit him right back up lol she care about that niggah,0,0,0.036921514966721705
RT @LJSpagnoli: Isis and Jihadi Terrorists 'Post 90 Tweets Every Minute' to Spread Propaganda http://t.co/eRJMveF996,rt isis and jihadi terrorists post 90 tweets every minute to spread propaganda,0,0,0.0019750543538372585
When ever you dog hoes really bad you end up w/ a girlfriend ...,when ever you dog hoes really bad you end up w a girlfriend,0,0,0.008549923990536253
Iont got no type bad bitches is the only thing that I like,iont got no type bad bitches is the only thing that i like,0,0,0.004222612015489132
&#128563; RT @UBoyRock17: &#128557;&#128557;&#128557; these hoes selfish,rt these hoes selfish,0,0,0.01470569282402877
@carlybaejepsen trash,trash,0,0,0.03682260412861692
RT @DedePayton: On the low RT @mzlola_bunny: They're really looking for the next bitch to smash,rt on the low rt theyre really looking for the next bitch to smash,0,0,0.00899958227791986
Shrug. Maybe it's a Canadian bitch thing,shrug maybe its a canadian bitch thing,0,0,0.012242431079605227
I swear ion see how broke niccas still out here gettin pussy smh,i swear ion see how broke niccas still out here gettin pussy smh,0,0,0.04854658358899567
&#8220;@LayaFace: We out! Brooklyn bound wit this money. Feelin like Yung Jeezy in this bitch! &#128299;&#128299; http://t.co/TOq4bFWnzG&#8221; LMAOOOO,we out brooklyn bound wit this money feelin like yung jeezy in this bitch lmaoooo,0,0,0.006192883157500289
"RT @215potter: Grown men, wearing jerseys with other grown men's name on them..

Don't forget your fucking pom poms.",rt grown men wearing jerseys with other grown mens name on them dont forget your fucking pom poms,0,0,0.010849898228715125
aint shit without my scale bitch i live that bag life,aint shit without my scale bitch i live that bag life,0,0,0.011457064618739991
"Seven digits niggas, two commas hoe.",seven digits niggas two commas hoe,0,0,0.05780731464981983
I swear girls with good pussy think that's the answer to everything,i swear girls with good pussy think thats the answer to everything,0,0,0.002411815537794749
If that's yo hoe ... That's my hoe 2,if thats yo hoe thats my hoe 2,0,0,0.0038912713052233466
"""I'm sorry I fucked yo bitch... But she really dig a nigga"" @KingL",im sorry i fucked yo bitch but she really dig a nigga,0,0,0.02173950860583755
"@kayliefarmer hey, fuk them hoes they prolly already have it",hey fuk them hoes they prolly already have it,0,0,0.027270662015354916
Dekalb police are some hoes...,dekalb police are some hoes,0,0,0.04301721064347919
"@1Corinthians126 #BlessJesus Yes,#Felt..and touched the soles of the humanity with stains and impressions that only leaves its reflections.",yes and touched the soles of the humanity with stains and impressions that only leaves its reflections,0,0,0.026441847987232096
If you sneak dissing &amp; I come to you tryna address the initial issue &amp; you say it ain't nothing... You a bitch,if you sneak dissing amp i come to you tryna address the initial issue amp you say it aint nothing you a bitch,0,0,0.00749673861862299
"RT @Slutty_Hermione: Twerking in the chamber of secrets, with all my bad bitches #twerkteam",rt twerking in the chamber of secrets with all my bad bitches,0,0,0.0037972661190064745
Done for the Yankees,done for the yankees,0,0,0.026927421788241063
@Zell_GotDaLOUD bitch tryna get in for free promoting n shit lmaooo I see you in tha cut,bitch tryna get in for free promoting n shit lmaooo i see you in tha cut,0,0,0.0037973103073083232
RT @AyyyeThatsChubb: Mama said no pussy cats inside my dog house,rt mama said no pussy cats inside my dog house,0,0,0.005581192321296499
@jeffjam @toddgunter @cgoodwoman They do. Why else do teachers constantly bitch about pay?,they do why else do teachers constantly bitch about pay,0,0,0.006996525704659003
"RT @lnsaneTweets: ""You're such a bitch"" 

Me: http://t.co/YuDDsljbQN",rt youre such a bitch me,0,0,0.027796082742168854
Yo that teacher in Baltimore wasn't bullshitin with that bitch lmao,yo that teacher in baltimore wasnt bullshitin with that bitch lmao,0,0,0.0046499116245719285
My nig said he don't see the differences between pornos and monster ball.... My face &#128551;,my nig said he dont see the differences between pornos and monster ball my face,0,0,0.07731835686549293
RT @xDSmooth: Nooo I left my papers in the basement n my niggah getting some cakes down there -.-,rt nooo i left my papers in the basement n my niggah getting some cakes down there,0,0,0.023597714774631476
RT @DJ_Cellophane: oomf pussy probably taste like the Krabby patty secret formula.,rt oomf pussy probably taste like the krabby patty secret formula,0,0,0.012780629803927034
"ask for my number he a lame I'm like cuh, mobbin with my bitches turn down for what",ask for my number he a lame im like cuh mobbin with my bitches turn down for what,0,0,0.051325550160010745
RT @thiizz_: &amp; fuck these bitches,rt amp fuck these bitches,0,0,0.022013324936996752
"It is impossible for females to be players, pimps, etc... They're called hoes",it is impossible for females to be players pimps etc theyre called hoes,0,0,0.007686220645320731
RT @_BeautifulKeezy: &#8220;@100046729: Small ass pants &#128514;&#8221;bitch &#128514;&#128514;&#128514;,rt small ass pants bitch,0,0,0.006345988115065459
"&#8220;@mix3ddchickk: Donny a hoe&#8221;

Since when?&#191;?",donny a hoe since when,0,0,0.017956235030136325
&#8220;@JukeJuke_9: Lance Stevenson gone leave Indiana&#8221; he trash anyway,lance stevenson gone leave indiana he trash anyway,0,0,0.018994645984471578
Coulda been fckd yo bitch &#128564;,coulda been fckd yo bitch,0,0,0.020305063310937274
@Shawty_Im_Out cunt,cunt,0,0,0.07255787537411991
"&#8220;@BIGHOMIEMARKIE: &#8220;@1017_Sqquad: &#8220;@TODDIE_soPLAYER: @_Raygine bitch get out dem feelings and get some new dick&#128514;&#128514;&#128514; ""&#128064;&#128550;&#128514;&#128514;&#128514;&#128514;&#128514;&#128514;&#128514;&#128514;&#128514;&#128514;&#128128;&#8221;&#128514;&#128514;&#8221;&#128128;&#128128;&#128128;&#128514;",bitch get out dem feelings and get some new dick,0,0,0.01729022795855077
Stop trying to be down honky http://t.co/0MALBNDkn9,stop trying to be down honky,0,0,0.08625364686384035
RT @brianduroha1: Bitches ain't shit hoes ain't neither,rt bitches aint shit hoes aint neither,0,0,0.0017032207690574957
"RT @This_Sarcasm_: my tweet wasn't really about you. but if the shoe fits, then lace that bitch up and wear it.",rt my tweet wasnt really about you but if the shoe fits then lace that bitch up and wear it,0,0,0.003805056346175986
@SimoneNicole3 follow me u sexy bitch,follow me u sexy bitch,0,0,0.006295164598322216
RT @RipCaps: I wish I would chase a hoe .,rt i wish i would chase a hoe,0,0,0.02020220638459216
12 oz arizona's trash,12 oz arizonas trash,0,0,0.020398168027534094
If I can't make no money off of you then bitch I don't even want to you.,if i cant make no money off of you then bitch i dont even want to you,0,0,0.011308190601133559
"RT @OxDictionary: I got bitches""

Definition: I'm with some female friends who don't know that I'm referring to them as bitches.",rt i got bitches definition im with some female friends who dont know that im referring to them as bitches,0,0,0.000538118576682693
RT @RickyNgan: These hoes is thotful,rt these hoes is thotful,0,0,0.012429660969834848
RT @ThatDamnHAM: @NapturallyDev @HeyJaiiiii @_halfCRAZY610 lol bitch you've put lotion on my butt &amp; orajel in my mouth. You'd paint my toes&#8230;,rt lol bitch youve put lotion on my butt amp orajel in my mouth youd paint my toes,0,0,0.018300072012985495
"@LinzBella 
You date colored men?",you date colored men,0,0,0.04262676331820172
"Pornographic-oo-oo
Don't make you no hoe-oo",pornographicoooo dont make you no hoeoo,0,0,0.05709616848871865
"@Morning_Joe If NBC has elected you to be a spokesman for NBC they are in a lot of trouble. I and friends will no longer watch NBC trash

1",if nbc has elected you to be a spokesman for nbc they are in a lot of trouble i and friends will no longer watch nbc trash 1,0,0,0.05317300360659427
"RT @KfromtheG: Lol robbing ain't the word ""@iSell_Pussy4EBT: Damn you was robbing them bitches @pebbles2day""",rt lol robbing aint the word damn you was robbing them bitches,0,0,0.0017553040282730081
"RT @FriendZoneCEO: The go-to insult is always to call someone:

1. Fat
2. Ugly
Or
3. A hoe",rt the goto insult is always to call someone 1 fat 2 ugly or 3 a hoe,0,0,0.13543747940847817
Some people are so constantly pessimistic. It's so unattractive. Like if you have that much to bitch about why don't you start changing?!?,some people are so constantly pessimistic its so unattractive like if you have that much to bitch about why dont you start changing,0,0,0.008188938856240035
&#8220;@_tellmeboutLOVE: Gave that bitch a bib since she wanna act messy&#8221;,gave that bitch a bib since she wanna act messy,0,0,0.017806444657541987
Good luck coming to see us in Vegas. That's where all the bitches are at &#128514;&#128536;,good luck coming to see us in vegas thats where all the bitches are at,0,0,0.018352488900980738
There is a trash bag in my hall thats been there for like 2 wks. Weird thing: it changes consistency every few days,there is a trash bag in my hall thats been there for like 2 wks weird thing it changes consistency every few days,0,0,0.01922241445802966
Saw three GROWN men on a motorcycle &amp; that bitch was barely moving lmao what the hell,saw three grown men on a motorcycle amp that bitch was barely moving lmao what the hell,0,0,0.0015744084446661065
"Or a dumb bitch with no self esteem I can't decide.

But for now it's saint &#128591;",or a dumb bitch with no self esteem i cant decide but for now its saint,0,0,0.01488445248215939
RT @Guinness_RAS: @chelsea_elisa tell him that you chose (A) not to trash the environment while trying to save it like a hypocritical douc&#8230;,rt tell him that you chose a not to trash the environment while trying to save it like a hypocritical douc,0,0,0.10880537492966744
@DolanGang you wouldn't know fag,you wouldnt know fag,1,0,0.423007444968072
That was a bitch move I pulled...probably the most heartless thing I did,that was a bitch move i pulledprobably the most heartless thing i did,0,0,0.010940599536666465
@simons_lives keep in shape for the ski slopes,keep in shape for the ski slopes,0,0,0.0393645182345288
RT @quecaine: white bitches love cocaine,rt white bitches love cocaine,0,0,0.018526066791350146
Yayyyy I'm gonna be jacking off to these bitches all day today http://t.co/LEmILFu1,yayyyy im gonna be jacking off to these bitches all day today,0,0,0.005074335732858362
I'm so sick of u niggers...,im so sick of u niggers,1,1,0.5513293950190101
RT @natalie_vasquez: Fucking hate ignorant ass bitches,rt fucking hate ignorant ass bitches,0,0,0.03135598445920871
@saramariewelch bitch you already know I would go crazy with out you,bitch you already know i would go crazy with out you,0,0,0.007420684650071357
I forgot how white trash Texarkana was... Well it is arkansas so.... &#128514;,i forgot how white trash texarkana was well it is arkansas so,1,1,0.5044709862726888
"RT @WorkaholicAdam: I got 99 problems and the bitch heard me call her a bitch, So now I have 100.",rt i got 99 problems and the bitch heard me call her a bitch so now i have 100,0,0,0.005968819363715524
You can expect me to be a total bitch towards you now yet again.,you can expect me to be a total bitch towards you now yet again,0,0,0.01583716350113849
&#9733;@&#9733;@&#9733;@&#9733;@&#9733; GRAND OPENING ! &#9733;@&#9733;@&#9733;@&#9733;@&#9733; TOP CLASS &#9733; Oriental Massage &#9733; PERFECT !&#9733; http://t.co/O8JoZOKFEI,grand opening top class oriental massage perfect,0,0,0.012335436229328266
@kieffer_jason umm you sure the hoes I talk to aren't ugly,umm you sure the hoes i talk to arent ugly,0,0,0.009398468463766671
RT @GMB_Ace: Boss Niggas Fuk wit Boss bitches Vice versa..,rt boss niggas fuk wit boss bitches vice versa,0,0,0.1842069610179262
RT @divonte_photos: Momma said no pussy cats inside of my dog house.,rt momma said no pussy cats inside of my dog house,0,0,0.0046166713836788345
RT @RmpHarris: I kinda miss tremper I use to be threw dat bitch lol Never in class lmao,rt i kinda miss tremper i use to be threw dat bitch lol never in class lmao,0,0,0.0008050851412963738
Your ex wife's #pussy tastes like sweet butter @vicmackey #theshield,your ex wifes tastes like sweet butter,0,0,0.018516271561017407
"This hoe straight up disappeared on me, like where did you go ?",this hoe straight up disappeared on me like where did you go,0,0,0.006189430935682061
@BeattyJustin @KYOppCoalition Obama's bitch!,obamas bitch,0,0,0.013798054155143328
im gonna hold this bitch to his word,im gonna hold this bitch to his word,0,0,0.004898194835613095
@Lurk_God fag,fag,0,0,0.3853292778247678
People who never use any hair product are unkept white trash douche bags.,people who never use any hair product are unkept white trash douche bags,0,0,0.4424812633961335
i was such a teacher's pet in elementary school. like i brought them cookies and brownies and gave them hugs. im ashamed,i was such a teachers pet in elementary school like i brought them cookies and brownies and gave them hugs im ashamed,0,0,0.008676663992930872
RT @digiflorals: I don't get why people bitch about an unfollow when you never talked to them,rt i dont get why people bitch about an unfollow when you never talked to them,0,0,0.03946620005683907
#Yankees got beaten by a thug,got beaten by a thug,0,0,0.05198615871034146
On a mission to find some zebra cakes,on a mission to find some zebra cakes,0,0,0.029660771507564687
why are these freshman so ghetto lmao,why are these freshman so ghetto lmao,0,0,0.04559037895512703
"""@Patsfanjoe32: @d_palomino52 I think worst advice I gave you was "" don't be a pussy and speed up"" lol""",i think worst advice i gave you was dont be a pussy and speed up lol,0,0,0.005965452615495026
"Watch the blacks and whiggers cry:

http://t.co/EmluwbbOgW",watch the blacks and whiggers cry,0,0,0.08681301155072332
"[9-1-13] 2:50 pm ""son of a bitch ate my mac n cheese"" http://t.co/My5oJYZ8w9",9113 250 pm son of a bitch ate my mac n cheese,0,0,0.003248939157074358
@realbigasian wtf mine was just a fried Twinkie w powdered sugar I got hoed,wtf mine was just a fried twinkie w powdered sugar i got hoed,0,0,0.013620764591034522
Karma is theeeee biggest bitch,karma is theeeee biggest bitch,0,0,0.023914147663264648
RT @Now_Thats_Fresh: I bet its higher than that RT @_DealMethToKids: &#8220;Why do you think all women are hoes? Not all of us are hoes.&#8221; http://&#8230;,rt i bet its higher than that rt why do you think all women are hoes not all of us are hoes,0,0,0.012101479311230713
&#8220;@KarynHalpin: Where do all the foreskins go when they circumcise a guy?&#8221; the Foreskin Fairy takes them after you put them under your pillow,where do all the foreskins go when they circumcise a guy the foreskin fairy takes them after you put them under your pillow,0,0,0.03393010109515419
@CBSThisMorning @NorahODonnell tx trash you know trouble w ACA is in GOP gov states but like @60 @LaraLogan_News you report lies anyway,tx trash you know trouble w aca is in gop gov states but like you report lies anyway,0,0,0.026926191735357742
@Juice__2 faggot,faggot,0,0,0.42632796440691967
RT @FriendlyAssh0le: How bitches be when soccer players take their shirt off.. http://t.co/XaLMdxr2A3,rt how bitches be when soccer players take their shirt off,0,0,0.004856802632154261
Stupid ass Alex. Scary little bitch. THROW IT!,stupid ass alex scary little bitch throw it,0,0,0.05556698409988681
RT @Dee_InsideYou: Team no hoes &#128514;&#128076;,rt team no hoes,0,0,0.01830707847157562
@JayJuice22 @Ish_MallyMal no song I've heard was good is what I mean by he's trash,no song ive heard was good is what i mean by hes trash,0,0,0.013358248483609891
RT @TweetLikeAGirI: wow so the dolphin asked her to marry him and she kisses the other guy right in front of her rude ass bitch http://t.co&#8230;,rt wow so the dolphin asked her to marry him and she kisses the other guy right in front of her rude ass bitch,0,0,0.019968806764557947
Only retards retweet fuckry,only retards retweet fuckry,1,0,0.12412643978451235
"RT @Likea_BOSS_x3: After a long day at work, bitch wunna rest her feet on me lol &#128514;&#128129;&#128524;&#128176; http://t.co/2rhN5HpASb",rt after a long day at work bitch wunna rest her feet on me lol,0,0,0.005656514265214983
These hoes gotta pay for my company!,these hoes gotta pay for my company,0,0,0.012235530697844756
these bitches climb on me climb on me &#128523;&#128524;,these bitches climb on me climb on me,0,0,0.012213734167958035
@wodaeeex3 bitch i ainn hiden i go str8 to class my teacher lame af,bitch i ainn hiden i go str8 to class my teacher lame af,0,0,0.026436677561236414
@nerissaloren not home. Headed to work sorry ho,not home headed to work sorry ho,0,0,0.07911484739820818
RT @Shakilaahh: - LOOOOOOL&#128557; 2nd best tweaking hoe vine&#128557; https://t.co/m6Anq9CQS9,rt looooool 2nd best tweaking hoe vine,0,0,0.006364485343777803
@hadley106 @zimm16 bailey is gettin pussy,bailey is gettin pussy,0,0,0.03979298881521175
"&#8220;@TreMelvin: hoes be like ""omg i love my new comb &#10084;&#65039;"" http://t.co/nuYjUx1SK3&#8221; thought this was Perro",hoes be like omg i love my new comb thought this was perro,0,0,0.012477648015096212
@Mattyfatass pussy shit,pussy shit,0,0,0.00977059961610492
@BillPeriman Or as I like to put it 'looking through race colored glasses' @Kel_Antoinette8,or as i like to put it looking through race colored glasses,0,0,0.18306568547278604
&#8220;@jjusmaxx: Thot bitches wanna be wined &amp; dined like a wife but don't know how to earn it &#128564;&#8221;,thot bitches wanna be wined amp dined like a wife but dont know how to earn it,0,0,0.003821065411326734
@2sassymom so glad you did this! I'm still trying to figure out emoticons on this damn Motorola to give that bitch the finger.,so glad you did this im still trying to figure out emoticons on this damn motorola to give that bitch the finger,0,0,0.004523130571992664
@kieffer_jason sorry don't know what to tell you but to get your pussy ass off my twitter,sorry dont know what to tell you but to get your pussy ass off my twitter,0,0,0.01565780048506194
@cb_marie bitch yessssssss&#128586;&#128551; omg I jus saw one of em yesterday I'm in disbelief I rode by like oh that's court bro now I'm lost,bitch yessssssss omg i jus saw one of em yesterday im in disbelief i rode by like oh thats court bro now im lost,0,0,0.003108169938167623
@Buckm00se @LEXXX_RUGER @ivanrabago_ the kikes want to charge you &#128175; dollaz for the complete version http://t.co/ZJDLwiAjEo,the kikes want to charge you dollaz for the complete version,0,0,0.03234978336356612
RT @ErikaWCVB: @marthacoakley called Charlie Baker to concede around 8:15 this morning. She plans to address supporters at 11am. #wcvb,rt called charlie baker to concede around 815 this morning she plans to address supporters at 11am,0,0,0.005752179499979984
@MIKEB_IN_THE_D free world bitch,free world bitch,0,0,0.010399886611813859
@FRANKTHEFOB ok u hav gun. I love you and you are my superior at fighting games and you probably get more bitches too. peace &#9996;,ok u hav gun i love you and you are my superior at fighting games and you probably get more bitches too peace,0,0,0.0016561856720339887
RT @BleacherReport: VIDEO: CFL LB Solomon Elimimian trash talks an opponent during a halftime interview http://t.co/EYjinwIWwE http://t.co/&#8230;,rt video cfl lb solomon elimimian trash talks an opponent during a halftime interview,0,0,0.05942214575769387
lmaooooo RT @SirAsshole: when you sit in a ghetto girls seat at lunch https://t.co/HaSLMb1Dzj,lmaooooo rt when you sit in a ghetto girls seat at lunch,0,0,0.023884442973028556
&#8220;@CommonManKFAN: And that's why mock drafts are a joke my friends.....&#8221;Anyone???,and thats why mock drafts are a joke my friends anyone,0,0,0.02404677964450845
@doctorhawrse SLUT BUCKETS. especially Dan. He a hoe.,slut buckets especially dan he a hoe,0,0,0.01849201201588919
@luvvida You're right.. I be around my nig....,youre right i be around my nig,1,0,0.14414012735603732
Lmaoo RT @De_La_David: @JaeTips bruh make a song called uber and the hook can be that uber make that pussy wet,lmaoo rt bruh make a song called uber and the hook can be that uber make that pussy wet,0,0,0.046850133261244695
Sometimes u gotta knock a nicca out tho #IJS #FreeCB,sometimes u gotta knock a nicca out tho,0,0,0.045344200036852335
RT @ayoooitsjelly: some niggas act like straight up bitches,rt some niggas act like straight up bitches,0,0,0.010776572090815513
RT @daliasza: &#8220;@NoChillPaz: Me when somebody says Childish Gambino is trash http://t.co/8ejOHDLdD9&#8221;,rt me when somebody says childish gambino is trash,0,0,0.045399062780853525
"At this rate, I'd cheer for the awful New York Yankees over the St. Louis Cardinals.",at this rate id cheer for the awful new york yankees over the st louis cardinals,0,0,0.04711781839013016
The most beautiful women be havin' the most retarded captions on their pics! Sh*t be extra dumb...,the most beautiful women be havin the most retarded captions on their pics sht be extra dumb,0,0,0.1356029493580694
"@Liveitupjersey yeah, I seen you tweet about bitch &amp; block. I used it...it fits!",yeah i seen you tweet about bitch amp block i used itit fits,0,0,0.01138387358445492
@BloggerBoxing @rianscalia pass the Fosters faggot,pass the fosters faggot,1,0,0.2929809261770769
Jazz jumbo dick corporations. Making bitches tap out since 1999,jazz jumbo dick corporations making bitches tap out since 1999,0,0,0.017887322819543094
Lol ike Turner http://t.co/8yNqYYaOjo,lol ike turner,0,0,0.0348685134014357
@ThatBoyACE71 @BrunswickBeCooo Okay and Melo bitch ?,okay and melo bitch,0,0,0.008288303337519797
@j_co69 he is a pussy an wouldn't show up bro,he is a pussy an wouldnt show up bro,0,0,0.02457505821947469
"Dudes stay trying to hit on someone elses bitch, knowing they already taken.",dudes stay trying to hit on someone elses bitch knowing they already taken,0,0,0.014509492126666416
"RT @theyLOVEblaq_: joseline did not sneak athea , if a bitch you dont like coming at you like that &amp; you still sit yo ass onnat couch THATS&#8230;",rt joseline did not sneak athea if a bitch you dont like coming at you like that amp you still sit yo ass onnat couch thats,0,0,0.06647320116594099
Why are people saying don't let guys treat you like a yellow starburst? That's my favorite.,why are people saying dont let guys treat you like a yellow starburst thats my favorite,0,0,0.0018851281600218489
these hoes be lying to us nigga,these hoes be lying to us nigga,0,0,0.09353207752324554
Haven't talked to my bitch in a while lol. @RynoLewis,havent talked to my bitch in a while lol,0,0,0.008020473077914975
"@KHShan @VictorB123 Oh but those last few that did.. Charlie, Wilma, Jeanne...",oh but those last few that did charlie wilma jeanne,0,0,0.007012563684259834
Why you shouldn't eat pussy unless you love her http://t.co/BkpLT6D9ax,why you shouldnt eat pussy unless you love her,0,0,0.004798001419198305
RT @LifeNewsHQ: BREAKING: Florida Pro-Life Gov. Rick Scott Defeats Pro-Abortion Challenger Charlie Crist http://t.co/GpR1hQlEN2 #tcot http:&#8230;,rt breaking florida prolife gov rick scott defeats proabortion challenger charlie crist,0,0,0.0011176520648211782
@SoWavyTee hey Hun!,hey hun,0,0,0.028943204645030935
you can't cuff a hoe lmao,you cant cuff a hoe lmao,0,0,0.013674372560737913
Gettin bitches was never hard I just settled down cause that start got corny an my girl thurl &#128175;,gettin bitches was never hard i just settled down cause that start got corny an my girl thurl,0,0,0.00103953463033577
"Photo: Rest in peace to these bad boys , some bad advise made me let some old asian dude re glue the sole... http://t.co/uPRjY6n48K",photo rest in peace to these bad boys some bad advise made me let some old asian dude re glue the sole,0,0,0.004933932668350349
#drunk #trash #trashed #wasted @ The Draught Horse http://t.co/UvWkhpEswh,the draught horse,0,0,0.04427544235117746
@Swagner_813 thanks ya fucking hoser,thanks ya fucking hoser,0,0,0.023165230256676102
&#128514;&#9995;&#8220;@iSell_Pussy4EBT &#8220;@Sco_ForIt bucket RT &#8220;@iSell_Pussy4EBT: Trash &#8220;@_manlookaKeedY: All you bitches is my SONS &#128520; http://t.co/LrMBWFPMaE,bucket rt trash all you bitches is my sons,0,0,0.04119726235364381
@ryancruz_ brandy wanna b down ass bitches &#128533;,brandy wanna b down ass bitches,0,0,0.025775811631521435
"@freddurst shut up faggot, no one cares",shut up faggot no one cares,0,0,0.2966197110577854
I just wanna get lifted &amp; fuck exotic bitches!,i just wanna get lifted amp fuck exotic bitches,0,0,0.030462599859777097
@DeArionBASEDGOD nigga fuck you. Some plano schools go hard then a bitch way better than Richardson.,nigga fuck you some plano schools go hard then a bitch way better than richardson,0,0,0.030345298536901242
"RT @Harryslaststand: On this #ArmisticeDay the cry ""Never Again"" is absent and mocks our pledge to #NeverForget the fallen from ancient an&#8230;",rt on this the cry never again is absent and mocks our pledge to the fallen from ancient an,0,0,0.021843613142786825
@piersmorgan @JeremyClarkson You two need to stop acting like two little bitches.,you two need to stop acting like two little bitches,0,0,0.010896151339443556
Delusional #teabagger thinks he can stop #gay marriage in #Wisconsin http://t.co/Sp6o6vOyDw #lgbt #teaparty #gaymarriage #ssm,delusional thinks he can stop marriage in,0,0,0.06689649945449865
lol unfaithful hoes,lol unfaithful hoes,0,0,0.014028460505825487
@_SiNCERE18 ; LMAO! . hoes extra sensitive via text.. They swear they hear your tone in every letter. I start using PUNCTUATION'S .,lmao hoes extra sensitive via text they swear they hear your tone in every letter i start using punctuations,0,0,0.002048338148628761
I'll NEVER let a broke bitch influence me &#128564;,ill never let a broke bitch influence me,0,0,0.003594990907120239
@Vexda go jerk off to lollis faggot.,go jerk off to lollis faggot,1,0,0.42632796440691967
RT @xPoppinWheelies: Lol the thirst be so real on dis bitch &#128514;,rt lol the thirst be so real on dis bitch,0,0,0.0015280719602579606
@Horsepower_Will naw nigga I got yo bitch tip toeing on my wooden floor !,naw nigga i got yo bitch tip toeing on my wooden floor,0,0,0.023350362347221806
@SamFeistCNN @CNNPolitics your opinion plz. When election over will there be any improvement or will BO still be allowed to trash America?,your opinion plz when election over will there be any improvement or will bo still be allowed to trash america,0,0,0.20225362462305443
"' On twitter say she ridin for a niggah &#1041219;&#1043215; . That's why I really fuck with her , she down to pull the trigger &#1041653;&#1043359; .",on twitter say she ridin for a niggah thats why i really fuck with her she down to pull the trigger,0,0,0.07038530876950563
"@joeylattime Ill fucking merk a bitch dude, dont fuck with me",ill fucking merk a bitch dude dont fuck with me,0,0,0.039993414192503844
I can't stand to see my ex with another ugly bitch &#128514;,i cant stand to see my ex with another ugly bitch,0,0,0.020877884198090765
"Never take a bitch where you stay 

Never keep work where you lay",never take a bitch where you stay never keep work where you lay,0,0,0.016027115209672153
"I'm sorry but if your costume is a ""naughty school girl"" this yr I will forever consider u a basic bitch. #becreative #followers",im sorry but if your costume is a naughty school girl this yr i will forever consider u a basic bitch,0,0,0.006923999063132318
&#8220;@OGBEARD: Some of y'all bios are trash.&#8221; Mine pretty good,some of yall bios are trash mine pretty good,0,0,0.01661340193166955
@heydenbunsyolo really u use in another nigga name and u follow a nigga who doesn't fucking like you your a faggot kok eyed mother fucker,really u use in another nigga name and u follow a nigga who doesnt fucking like you your a faggot kok eyed mother fucker,0,1,0.9341766777121303
Can we bomb the selfie-monkey out of my timeline?,can we bomb the selfiemonkey out of my timeline,0,0,0.028784892043464284
All these bitches wanna be like Kim K and fuck their way into being rich but it don't work like that. Get a degree &amp; work a desk job you hoe,all these bitches wanna be like kim k and fuck their way into being rich but it dont work like that get a degree amp work a desk job you hoe,0,0,0.01607063982402197
@JAYREIDOFFICIAL a nicca anxious to hear that shit my g,a nicca anxious to hear that shit my g,0,0,0.09909016301730132
@WyattNuckels then learn to read bitch,then learn to read bitch,0,0,0.04094109624002086
"@ItsOnlyJess @LukeFriendyy @J_CATS_RULE she's a right twat, I'd tell you, honestly Sky! Honestly &#128520;&#127829;",shes a right twat id tell you honestly sky honestly,0,0,0.006156749550551371
@ronniecaine no in the instrumental I'm not retarded -_-,no in the instrumental im not retarded,0,0,0.05797027919010636
You still that nigga b don't trip. They just hatin cause they got no bitches RT @THEOilogy: Nigga stole on me... Princess punch.,you still that nigga b dont trip they just hatin cause they got no bitches rt nigga stole on me princess punch,0,0,0.09396408937678134
@littlecball @AustinMahone just Robert bc he was the one cussing like no tomorrow bc he's a pussy,just robert bc he was the one cussing like no tomorrow bc hes a pussy,0,0,0.03174685239706926
no hoe shit or roxy shit but dawggg I swear I ain't knw Kia no how to fight...,no hoe shit or roxy shit but dawggg i swear i aint knw kia no how to fight,0,0,0.01661339836433303
Sweet innocent teen clothes ripped and pussy fingered&#160;hard http://t.co/SiGRlukdaa,sweet innocent teen clothes ripped and pussy fingered hard,0,0,0.009277456973654202
These bitches dont want no boyfriend ... They want a pimp,these bitches dont want no boyfriend they want a pimp,0,0,0.010575178253487978
Karma's a bitch huh,karmas a bitch huh,0,0,0.05700679923747516
Ewww bitch #canunot #fuckoff,ewww bitch,0,0,0.015965330716316832
RT @LeBronVuitton: Joe changed her life and went back to his old bitch&#128514;&#128514; &#8220;@1stName_Bravo: @LeBronVuitton ha.. she got them bitches worked o&#8230;,rt joe changed her life and went back to his old bitch ha she got them bitches worked o,0,0,0.001073826002582872
Just posted a photo @ Yankee Stadium http://t.co/yFLU32Xh,just posted a photo yankee stadium,0,0,0.04511609477156329
RT @TheBloodShow: Why all these hoes be wearin flowers around they head. I hope a bee Sting they ASS,rt why all these hoes be wearin flowers around they head i hope a bee sting they ass,0,0,0.011418471122507502
I like it when you call me McSully I like when bad bitches pour honey on my silky body it's not even the 90s,i like it when you call me mcsully i like when bad bitches pour honey on my silky body its not even the 90s,0,0,0.005746388962889489
#Yankees Pineda needed that 6'7. Great play!,pineda needed that 67 great play,0,0,0.014187011209431777
"She must not know I got over 3,000 followers breh this bitch gotta get the fuck up outta this VIP section dawg she decreasing my value",she must not know i got over 3000 followers breh this bitch gotta get the fuck up outta this vip section dawg she decreasing my value,0,0,0.02331368448010921
"Want to go get this brownie, I'm stuck doe.",want to go get this brownie im stuck doe,0,0,0.02350005467328095
RT @neiltyson: Just to settle it once and for all: Which came first the Chicken or the Egg? The Egg -- laid by a bird that was not a Chicken,rt just to settle it once and for all which came first the chicken or the egg the egg laid by a bird that was not a chicken,0,0,0.007927336649894656
"""@GagaTom1: &#8220;@MaleFoot: 3 | Amo los pies http://t.co/4QE1hDkK8i&#8221;"" fuck yeah",3 amo los pies fuck yeah,0,0,0.050448838109929554
"Cruising in my go kart at walmart selling cupcakes, go ahead admit faggot, this shit is tighter than butt rape~",cruising in my go kart at walmart selling cupcakes go ahead admit faggot this shit is tighter than butt rape,0,1,0.6006796356766314
my mom tried to get me to buy beaner boots bc they were on sale like I'm not in a mariachi band please stop.,my mom tried to get me to buy beaner boots bc they were on sale like im not in a mariachi band please stop,1,0,0.2807379023067206
&#8220;@Queendev_: My leave out is trash &#128552;&#8221;&#128557;&#128557;&#128557; u sick,my leave out is trash u sick,0,0,0.0303878433063502
"&#8220;@_4ever_slim: U look like a cotton picker tho 

RT @KB_Three: About to put in field work &#127944;&#8221; damn dee got all the jokes",u look like a cotton picker tho rt about to put in field work damn dee got all the jokes,0,0,0.024941358450203795
RT @LoveMe_AshMarie: I wish it was appropriate to go around slapping bitches when they say stupid shit,rt i wish it was appropriate to go around slapping bitches when they say stupid shit,0,0,0.015642691631846457
@SeauxCocoa you getting new pussy and not sharing??,you getting new pussy and not sharing,0,0,0.010383328797757633
RT @BigNorton: I tweet like a nigger,rt i tweet like a nigger,0,0,0.29676902115790244
@Alejandro_Bihhh @CapoDaAssHole I'm on this hoe like this every night just be tweeting bullshit,im on this hoe like this every night just be tweeting bullshit,0,0,0.016219719491030935
You little dumb ass bitch I dont fuck with you!,you little dumb ass bitch i dont fuck with you,0,0,0.040779466238913493
hell would freeze over before I ever let any bitch kick me in the fuckin face,hell would freeze over before i ever let any bitch kick me in the fuckin face,0,0,0.004351554492810641
You can't put anything past a New York bitch. Or a Detroit bitch. Or a Chicago bitch.,you cant put anything past a new york bitch or a detroit bitch or a chicago bitch,0,0,0.0017447279040476674
Why is Baltimore so damn ghetto &#128514;,why is baltimore so damn ghetto,0,0,0.042702194875101136
I'm literally about to scream and throw a bitch fit if people don't hurry the fuck up.,im literally about to scream and throw a bitch fit if people dont hurry the fuck up,0,0,0.01462898377263128
Hmm RT @IceJJFish: Every bitch i fucked wit is a hoe never met a real female in my life,hmm rt every bitch i fucked wit is a hoe never met a real female in my life,0,0,0.00023103254443054028
Stop rt'ing Celtics trash please,stop rting celtics trash please,0,0,0.0402026414944575
RT @kg4hunnid: Bruh you trash take yo ass back to college @GenoSmith7,rt bruh you trash take yo ass back to college,0,0,0.0627642628502093
&#8220;@Officialzyon777: When the pussy stank http://t.co/D6iRWMInqo&#8221;,when the pussy stank,0,0,0.021177569743666913
Apparently not wanting to trade your Nitro M4 in CSGO makes you a collossal faggot.,apparently not wanting to trade your nitro m4 in csgo makes you a collossal faggot,0,0,0.2243688709096115
I spend my money on weed clothes n food not hoes,i spend my money on weed clothes n food not hoes,0,0,0.009160632760798508
"RT @Cloudy_goldrush: #In2014 ladies please start being grown women. All These ""bad bitches"" gotta grow up.",rt ladies please start being grown women all these bad bitches gotta grow up,0,0,0.0005608900192188278
@JStarrTweets my pops is from New York. My family is Yankee obsessed. My sister literally cried when she heard he was gonna,my pops is from new york my family is yankee obsessed my sister literally cried when she heard he was gonna,0,0,0.0513751080924932
@jballinbutts420 sameeee bitch asss lol,sameeee bitch asss lol,0,0,0.012751687544699176
@_DRACHEOFFICIAL I've tried. I always hit ALT+F4 and eat Mega Stuffed Oreos because I can't figure out those programs. lol,ive tried i always hit altf4 and eat mega stuffed oreos because i cant figure out those programs lol,0,0,0.00873232047850168
Ask the governor how we are supposed to pay for this? Typical #teabagger mentality. Government is EVIL until we need them LOL #morningjoe,ask the governor how we are supposed to pay for this typical mentality government is evil until we need them lol,0,0,0.11418965476263493
"RT @xSALUTE_BADDAZZ: Well I just got conformation that is your body count is five or above, it's high and you a hoe &#128514;&#128514;&#128514;",rt well i just got conformation that is your body count is five or above its high and you a hoe,0,0,0.0020193460181791158
@samzbikowski chug ranch,chug ranch,0,0,0.03077529018767391
my nigguh wtf,my nigguh wtf,0,0,0.041924573896928295
@MissBrionline @LanipopChicago @RealYdotGdot My mfn BIRTHDAY!!! Pink Champaign in dat bitch!!!,my mfn birthday pink champaign in dat bitch,0,0,0.017135207705692188
Zach Huggins tell yo bitch to leave me tf alone,zach huggins tell yo bitch to leave me tf alone,0,0,0.008258182937338699
Famous women be the biggest hoes.,famous women be the biggest hoes,0,0,0.061367877623077695
"RT @0hallis0n: ""This is J Cole you fucking queer""",rt this is j cole you fucking queer,0,0,0.3988099551993441
RT @Adrian1_knowsu: @0124jessi haha lml wrd no nah de pussy shit lol &#128514;&#128514;,rt haha lml wrd no nah de pussy shit lol,0,0,0.0010894339810204284
@DarkLiquaNigga_ nigga grow some balls and concentrate pussy!!,nigga grow some balls and concentrate pussy,0,0,0.0969296024601432
RT @FriendlyAssh0le: Hoes will be hoes.,rt hoes will be hoes,0,0,0.018518647147300126
Kinda RT @Peachpapayya: U mad friend?? RT @viaNAWF: Fat fucking funky nasty ass hoes,kinda rt u mad friend rt fat fucking funky nasty ass hoes,0,0,0.1425562888950501
Omg!!! You won't say it to my face! Stupid ass hoes talkin shit!!! Imma whoop her ass!!! *over dramatic teenage girls*,omg you wont say it to my face stupid ass hoes talkin shit imma whoop her ass over dramatic teenage girls,1,0,0.0663589049321507
Ain't this a bitch---&gt; Clock mistake in Alabama-Arkansas - via @ESPN Champ Drive http://t.co/Go1XTsuv6O,aint this a bitchgt clock mistake in alabamaarkansas via champ drive,0,0,0.025123856202201582
Ruby is not ugly #bunga bunga,ruby is not ugly bunga,0,0,0.12793020564747784
RT @RIPvuhsace: Mayweather a lil bitch this nigga out here dancing,rt mayweather a lil bitch this nigga out here dancing,0,0,0.03145594738049811
"when you're stupid, you don't know it. life is so easy. have you ever seen a depressed retard? i envy that.",when youre stupid you dont know it life is so easy have you ever seen a depressed retard i envy that,0,0,0.14630114645693865
"RT @_ItsUpWitPc: Gotta eat her pussy so good she forget dick coming next. Have her talking to herself like ""he brought dick with him too"""" &#8230;",rt gotta eat her pussy so good she forget dick coming next have her talking to herself like he brought dick with him too,0,0,0.003574115259170826
Freaky bitch eat the dick while I'm playing madden,freaky bitch eat the dick while im playing madden,0,0,0.003325476559729331
"RT @exjon: Before covering up #IRS misdeeds, creepy little leprechaun John Koskinen cooked the books for Teamsters &amp; Freddie Mac http://t.c&#8230;",rt before covering up misdeeds creepy little leprechaun john koskinen cooked the books for teamsters amp freddie mac,0,0,0.04742512640016972
@xiibyte just watched your video good stuff thought I'd let you in on the new boss boon says old character but will be surprise. It's Argus,just watched your video good stuff thought id let you in on the new boss boon says old character but will be surprise its argus,0,0,0.019179948135987737
"RT @papigabs: where's the girl I could pack this bowl with? I know u out there hoe, quit playing",rt wheres the girl i could pack this bowl with i know u out there hoe quit playing,0,0,0.0038808464320778586
@iamadamg_ fuckin bitches talkin shit bout to get hit.,fuckin bitches talkin shit bout to get hit,0,0,0.02166196394943318
RT @BeeMsPerfect: Why y'all ain't tell me young thug nails look better then mine ? lol fckin faggot,rt why yall aint tell me young thug nails look better then mine lol fckin faggot,0,0,0.24182448986364188
smh RT @_sirhampton_: That shit trash rap RT @WaymoTheGod: legend. he gonna replace cudi with joints like this http://t.co/FgAQF7Qlw3,smh rt that shit trash rap rt legend he gonna replace cudi with joints like this,0,0,0.057837209847658576
@GrizzboAdams @wyattnuckels this Friday at the c burg mall you gettin whipped like the bitches I fuck,this friday at the c burg mall you gettin whipped like the bitches i fuck,0,0,0.04780335649556449
"Im trying to take the word ""bitch"" outta my vocabulary , hardest shit ever",im trying to take the word bitch outta my vocabulary hardest shit ever,0,0,0.017125501267055938
killers don't pillow talk.. wit dey bitches,killers dont pillow talk wit dey bitches,0,0,0.010071144774326817
RT @JaclynDeeter: Well maybe you're a whore you stupid ugly homeless bitch,rt well maybe youre a whore you stupid ugly homeless bitch,1,0,0.13669991165069886
"My lil bitch just called me, said she needa break. But you can leave.. Cuz bitch I'm doin GREAT!",my lil bitch just called me said she needa break but you can leave cuz bitch im doin great,0,0,0.0015959635214152655
If only I dated a girl that lived off Mack Road I could just get the holy trinity of Sacramento ghettos on a daily basis,if only i dated a girl that lived off mack road i could just get the holy trinity of sacramento ghettos on a daily basis,0,0,0.015733194106452134
@M_A_Larson @SteveStreza You're saying zebras are goth?,youre saying zebras are goth,0,0,0.0159104181065389
Took Uber to &amp; from thr shakey club last weekend. $12 total. Cheaper than the $20 parking. Had $8 extra to throw at the hoes.,took uber to amp from thr shakey club last weekend 12 total cheaper than the 20 parking had 8 extra to throw at the hoes,0,0,0.0006273608794855
@Herfarm @SteveWorks4You @TheDemocrats your low info redneck dumbasses vote for these corporate shills that idiots like you believe #dummies,your low info redneck dumbasses vote for these corporate shills that idiots like you believe,1,0,0.02847330665874886
Best rider? That goes to a blaxican.,best rider that goes to a blaxican,0,0,0.034574167531321566
Young bitches talk about their new man ALLLL DAY....as if anyone is really intrested in that shit lol,young bitches talk about their new man allll dayas if anyone is really intrested in that shit lol,0,0,0.007517493753856594
"RT @WhyVee: @georgegalloway A Muslim wmn covers the yellow star of Jewish neighbour with her veil to protect her, Sarajevo,1941. http://t.c&#8230;",rt a muslim wmn covers the yellow star of jewish neighbour with her veil to protect her sarajevo1941,0,0,0.04680049565678772
almightydavehunna's photo http://t.co/QFK2jhStc4 haha bitch ass Shmedium hit that hoe with that caption &#128557;&#128514;,almightydavehunnas photo haha bitch ass shmedium hit that hoe with that caption,0,0,0.0045300657673286
"@TheREALJB1RD @winchstrracin @wyatt11w Maybe he can call Hootie back up, he don't answer me anymore but still have crows.",maybe he can call hootie back up he dont answer me anymore but still have crows,0,0,0.023679115763811532
RT @DiandraSaysSo: &#8220;@itzbreak: like you have to be borderline retarded not to see andre 3000's elite skill level for example.&#8221; Yep! This go&#8230;,rt like you have to be borderline retarded not to see andre 3000s elite skill level for example yep this go,0,0,0.02164428844679958
"RT @ChaBoyLilBill: Lightup Sketchers,

Definition: kick your feet together and watch the bitches flock.

Sentence: blinding bitches when yo&#8230;",rt lightup sketchers definition kick your feet together and watch the bitches flock sentence blinding bitches when yo,0,0,0.009250577460488829
"bitches that dont eat meat are likely to develop mental illness
http://t.co/7J0Hm1lP97",bitches that dont eat meat are likely to develop mental illness,0,0,0.003877185937040241
RT @ChicoFlicoFlame: Every super hero a bitch except iron man Peter Parker the biggest hoe loser ass nigga no bitches no cribs no whips,rt every super hero a bitch except iron man peter parker the biggest hoe loser ass nigga no bitches no cribs no whips,0,0,0.011920153216845236
Put a b&#299;tch pussy on first 48,put a b tch pussy on first 48,0,0,0.016788265662320907
Annoying yelling bint next door has locked herself out.,annoying yelling bint next door has locked herself out,0,0,0.03180793481109493
People on this site are fucking retarded sometimes,people on this site are fucking retarded sometimes,1,0,0.20655536121904972
Basic bitch no chill &#128514;,basic bitch no chill,0,0,0.014284312125494962
Goodnight pretty bitches n real niggas fuck da rest,goodnight pretty bitches n real niggas fuck da rest,0,0,0.02877139751341639
"@Black_Angelo25 chill cuz you'll regret it bro, your hitting that hoe rn why quit?",chill cuz youll regret it bro your hitting that hoe rn why quit,0,0,0.026666469562779387
If this bitch new the amount of shit I spoke bout her on my twittah lol,if this bitch new the amount of shit i spoke bout her on my twittah lol,0,0,0.004948089556079761
RT @Sexualgif: when u go through bae's phone &amp; there's no hoes on there http://t.co/CYEJV5l608,rt when u go through baes phone amp theres no hoes on there,0,0,0.021141941385033933
It's funny how girls are crying over their nudes being on IG like bitch why you sending nudes to begin with?,its funny how girls are crying over their nudes being on ig like bitch why you sending nudes to begin with,0,0,0.02190253058019071
I got more private tracks than public on my soundcloud. I needa finish these joints so i can sick em on yall hoes,i got more private tracks than public on my soundcloud i needa finish these joints so i can sick em on yall hoes,0,0,0.011693631670702337
@DaveSwerve lmaoooo middle school knocking down all the pussy with the earrings on my shirt and no French toast,lmaoooo middle school knocking down all the pussy with the earrings on my shirt and no french toast,0,0,0.00981425023194635
@daydaaaaaa hay pussy cat &#128539;&#128541;&#128075;&#128075;,hay pussy cat,0,0,0.008957454545448693
@holyh00ker he looks like a pretty dyke&#128129;&#10024;,he looks like a pretty dyke,1,0,0.2927295631213058
RT @FreddieGibbs: It's cold as penguin pussy.,rt its cold as penguin pussy,0,0,0.01142589583100084
@Taste_My_Lips57 Ain't say it's wrong but it's just as stupid as hoes showing up to get attention from dudes.No one is bigger than the game.,aint say its wrong but its just as stupid as hoes showing up to get attention from dudesno one is bigger than the game,0,0,0.12293718017967685
&#8220;@chloeonvine: im just a sarcastic lil bitch who loves to sleep and eat&#8221;,im just a sarcastic lil bitch who loves to sleep and eat,0,0,0.0052760532867973916
These hoes want love so bad &#128514;&#128514;&#128078;&#128581;,these hoes want love so bad,0,0,0.008280954932708914
If you ain't ma bro you better watch yo bitch &#128514;&#128514;&#128514;&#128076; borrow yo hoe introduce ma pimp !,if you aint ma bro you better watch yo bitch borrow yo hoe introduce ma pimp,0,0,0.005741107950532367
RT @BluntsNextDoor: When a bitch get you fucked up https://t.co/CnlV5nwnxZ,rt when a bitch get you fucked up,0,0,0.0035694521169471905
"I ain't going to movies, hoe we straight sexing.",i aint going to movies hoe we straight sexing,0,0,0.0033220466495979236
Designer belt with a trash fit is still trash..,designer belt with a trash fit is still trash,0,0,0.014412796419679515
We need to start having a fantasy team of UT hoes lol,we need to start having a fantasy team of ut hoes lol,0,0,0.002579437625174304
"RT @_kourtne: don't try nd play me, I'll hoe u harder &#128514;&#128076;",rt dont try nd play me ill hoe u harder,0,0,0.018012635889533248
Members of non-traditional religions are all sub-human trash.,members of nontraditional religions are all subhuman trash,1,0,0.03682260412861692
RT @matt_sliwinski: Fuck @CARefree_liviin she's a basic bitch,rt fuck shes a basic bitch,0,0,0.012248402823369184
Here some kimora boobies for you &#128139; &#128298; this is how unlock before I slice a bitch. #kimorablac&#8230; http://t.co/xGb0Th91LJ,here some kimora boobies for you this is how unlock before i slice a bitch,0,0,0.015965330716316832
@01TakesTheLead no bitch I had to use my whipers!!,no bitch i had to use my whipers,0,0,0.008350657883404063
Raunchy ass to pussy action with Sakurako offering up her holes for&#160;use http://t.co/9elp4XyE9D,raunchy ass to pussy action with sakurako offering up her holes for use,0,0,0.015659396571830485
"@jacqueline_2015 I don't care if it's a ""saying"" calling someone a bitch is still calling someone a name.",i dont care if its a saying calling someone a bitch is still calling someone a name,0,0,0.0028274854331487367
Man I'm tryna give Chief Keef's mixtape a chance but this shit trash,man im tryna give chief keefs mixtape a chance but this shit trash,0,0,0.011442402365482449
RT @WatDaFckYouMean: Can't give these hoes a inch cuz they'll try to take mile,rt cant give these hoes a inch cuz theyll try to take mile,0,0,0.007792321467528485
&#8220;@_CocaKoula: Oomf a fake bitch ass nigga point blank period. Smh&#8221; AWWWW SHITTTTTTT,oomf a fake bitch ass nigga point blank period smh awwww shittttttt,0,0,0.09368820258257285
"Hey if I stir a Spider, Rockstar, and Monster together and chug it, would I /definitely/ be hospitalized or just maybe? Asking for a friend",hey if i stir a spider rockstar and monster together and chug it would i definitely be hospitalized or just maybe asking for a friend,0,0,0.004409827665569166
@trix2343 I have something that you don't bitch. Always remember that.,i have something that you dont bitch always remember that,0,0,0.00912565306314896
"@MSoltan18 @KoredeB9 I don't suck tho, you're just mad because you're trash and I carried you. you always had 0 points",i dont suck tho youre just mad because youre trash and i carried you you always had 0 points,0,0,0.04051170752973604
RT @zFearless: @Fadeaway_4s fuck a bitch and think of me,rt fuck a bitch and think of me,0,0,0.025670039364291145
RT @HawkinsUSA: Party of Racists just elected a black dude in the South. The party of War on Women just elected first ever woman in redneck&#8230;,rt party of racists just elected a black dude in the south the party of war on women just elected first ever woman in redneck,0,0,0.04207922985845339
@JonJanke @Deadspin @jtrimbl3 You sound like you're pussy whooped. #freelikeabird,you sound like youre pussy whooped,0,0,0.013939044988920405
"I really don't be pressed for bitches on social media...

Do I talk to them? yes. 

Do I want them..... http://t.co/6wKvVpsXqP",i really dont be pressed for bitches on social media do i talk to them yes do i want them,0,0,0.01338019334760955
Lol I never understood retards who use the atm and pay a $2 fee to get $20 and put it in gas so the don't pay the credit price -_-,lol i never understood retards who use the atm and pay a 2 fee to get 20 and put it in gas so the dont pay the credit price,0,0,0.02316208466335898
"""@JAYten9: In every cartoon theirs alway a @_nuffsaid15 saving these hoes lmao. http://t.co/9uKD8wtZ6x"" lmao damn captain SaveAHoe",in every cartoon theirs alway a saving these hoes lmao lmao damn captain saveahoe,0,0,0.009796874869747983
RT @KxRxSxB: Sometimes I turn my phone on loud to tweet just to hear the bird chirp. #TrueStory #TeamiPhone,rt sometimes i turn my phone on loud to tweet just to hear the bird chirp,0,0,0.02635605033622721
RT @curlyhairkilla: You gotta be a really weak bitch to let somebody's tweets offend you ...especially if you never met the person,rt you gotta be a really weak bitch to let somebodys tweets offend you especially if you never met the person,0,0,0.0011401939252965241
"What an amazing, proud day it was today for @NKOTB and #blockheads! Time for bed! Good knight!",what an amazing proud day it was today for and time for bed good knight,0,0,0.0415009843571016
"' Ima kill that pussy straight murder that shit , and Ima eat it , eat it , eat it &#1043291;&#1040788; And lick it till it slaps . Aye &#1041237;&#1041191; .",ima kill that pussy straight murder that shit and ima eat it eat it eat it and lick it till it slaps aye,0,0,0.009275959417732831
"@ambitiousBree trueee, but I can't wait til the day a bitch try me!!!!",trueee but i cant wait til the day a bitch try me,0,0,0.008132403586545111
@BloodOfJupiter yeah...bitch!,yeahbitch,0,0,0.05020372358796218
RT @DAiiNUH: girls with six packs are scary..... just have a flat stomach that's hot enough.... ripped bitches are scary looking.,rt girls with six packs are scary just have a flat stomach thats hot enough ripped bitches are scary looking,0,0,0.003651586381419188
RT @AskWhy05: I hat that I paint my beard shit... Just eat some pussy and grow you one dawg... Quit tryin to shortcut it,rt i hat that i paint my beard shit just eat some pussy and grow you one dawg quit tryin to shortcut it,0,0,0.002526293695049575
Lmaoooo nah I'm down here turning up RT @4TR0N3: Yah not gonna believe this but @ItsNotHarold being a bitch in BG being a bitch &#128514;&#128514;&#128514;&#128514;,lmaoooo nah im down here turning up rt yah not gonna believe this but being a bitch in bg being a bitch,0,0,0.0008617172901460603
@yeXystuSm8 @HeilSidious Because either way that makes you a bitch.,because either way that makes you a bitch,0,0,0.01240861560068065
@Fabulousjonna_ I need some red green &amp; yellow pants &amp; helly shirts express,i need some red green amp yellow pants amp helly shirts express,0,0,0.003076536485705162
"RT @thaboyrich: &#128073;&#128073;RT @NYSAnimal It used to be a shame to be hoe/prostitute, with social media they call it hustling lol",rt rt it used to be a shame to be hoeprostitute with social media they call it hustling lol,0,0,0.13663179160856115
"She says i act different, she thinks that its them bad bitches, Naw babe its just you and the thought of you being my misses..",she says i act different she thinks that its them bad bitches naw babe its just you and the thought of you being my misses,0,0,0.0023774991458331875
Why all the bitches fake gay now?,why all the bitches fake gay now,0,0,0.03469575987354634
"@MisterDimmadome 
spiked that bitch
damned nailed her down",spiked that bitch damned nailed her down,0,0,0.015965330716316832
&#8220;@OhShitItsRandy: Remember this bro? &#128514; @BrianLovesAss_ http://t.co/RAurUW7mY6&#8221;niggah don't show people this &#128514;&#128514;&#128557;&#128567;,remember this bro dont show people this,0,0,0.04006740907223773
@JoeDouglas1 I guess blaspheme to your Allah is ok if your pos muzzie huh? @JewJitsuGrl @efilnikcufecin7 @Darknight420,i guess blaspheme to your allah is ok if your pos muzzie huh,1,0,0.048525976171226365
Told my bitch I don't wanna eat I'm money hungry,told my bitch i dont wanna eat im money hungry,0,0,0.001370854935227334
&amp;&amp; when Tha bitches start hating &#128553;&#128553;&#128129; that's wen a bitch lost me &#128588;&#128168;&#128591;&#128175;&#9996;&#65039;&#128581;&#128064;,ampamp when tha bitches start hating thats wen a bitch lost me,0,0,0.0009512907091977401
That front flip was trash. That's how I front flip into the swimming pool and land on my back every time.,that front flip was trash thats how i front flip into the swimming pool and land on my back every time,0,0,0.031404221231898934
Best behaved kids ever at mommy's commercial audition. Oreo McFlurries for everybody! #proudmom&#8230; http://t.co/9HFNSmaLcU,best behaved kids ever at mommys commercial audition oreo mcflurries for everybody,0,0,0.01044992669089133
"Let her be a hoe, why you stopping her?",let her be a hoe why you stopping her,0,0,0.007346862064256516
real nigga shit she wanna be a righteous young rich nigga bitch,real nigga shit she wanna be a righteous young rich nigga bitch,0,0,0.13164827495943715
RT @Lady_BlahBlah: furrybah *in my PayPay voice* RT @80sbaby4life: The hoes are for EVERYBODY my nigga!,rt furrybah in my paypay voice rt the hoes are for everybody my nigga,1,0,0.011170575528782015
"RT @_reathie: ""@1inkkofrosess: Any bitch that has ever had a ""problem"" with me ain't checked shit but my twitter &#128541;""NBS !!",rt any bitch that has ever had a problem with me aint checked shit but my twitter nbs,0,0,0.0017692603547372753
RT @DARKSKlNDRAKE: How yall hoes do instagram rates http://t.co/UUjeAXZByW,rt how yall hoes do instagram rates,0,0,0.010009098875062423
Yea randy that white 745 changed my whole mind that hoe nice,yea randy that white 745 changed my whole mind that hoe nice,0,0,0.024808037249183474
@ALaQuannD what you laughing at hoe,what you laughing at hoe,0,0,0.02313858434504239
RT @Papa_Woodall: I hate bitches who be laughing with they teeth. That shit is scary as fuck to witness. Like cover your mouth hoe.,rt i hate bitches who be laughing with they teeth that shit is scary as fuck to witness like cover your mouth hoe,0,0,0.02240719875909196
@truckpartstores Intended to get pics but didn't have time.. Must be a mud race/event here this weekend.. Is like a redneck convoy out there,intended to get pics but didnt have time must be a mud raceevent here this weekend is like a redneck convoy out there,0,0,0.01898116465289499
Funnie watching my nig interview on ESPN,funnie watching my nig interview on espn,0,0,0.21325417406713285
"@Tom_Morehart @cjc_is_alive @JoshuaTyl0r 9 of 15 BCS titles, $314 mil in revenue. It's great being in a redneck conference. And not in Ohio.",9 of 15 bcs titles 314 mil in revenue its great being in a redneck conference and not in ohio,0,0,0.03595857287785705
"One thing I hate more than Lightskin niggas, is a Confused bitch like either you go fwm or you gon fw these niggas. &#9995;&#128564;",one thing i hate more than lightskin niggas is a confused bitch like either you go fwm or you gon fw these niggas,0,0,0.20056721211195772
"Lot of my peeps playing 2nite, G playing against the heat, my nig Louie playing against Rutgers, and my girl tif playing in the WNBA finals",lot of my peeps playing 2nite g playing against the heat my nig louie playing against rutgers and my girl tif playing in the wnba finals,0,0,0.012147562990330023
"RT @Rockprincess818: Go fight against the IDF if you progressive trash hate them so much, you don't have the guts to do it. 
#IStandWithIsr&#8230;",rt go fight against the idf if you progressive trash hate them so much you dont have the guts to do it,0,0,0.05723828584849052
@longbongchris same here nigga the minute it dropped I got it. Fuck with our team bitch,same here nigga the minute it dropped i got it fuck with our team bitch,0,0,0.06298237659442117
RT @WayneL_Jr: LMAOOOOOOO RT @Take_My_Advicee: What dum bitch made this http://t.co/siuxrh5Sms,rt lmaooooooo rt what dum bitch made this,0,0,0.01078683341990513
RT @DJ_Leezy: @TheKaosYatti @JMuggaaa bitch ya mom take it in the ass for the light bill bitch &#128514;,rt bitch ya mom take it in the ass for the light bill bitch,0,0,0.0005504273228110986
"Any man even considering plastic surgery is gay gay gay imagine ya boy say ""I'd get more hoes then u after I get these new lips"" &#128514;&#128514;&#128514;",any man even considering plastic surgery is gay gay gay imagine ya boy say id get more hoes then u after i get these new lips,0,0,0.2734458130531579
"""@LUNAraps: shut yo bitch ass up! https://t.co/IemN1u0gm5"" &#128557;&#128514;",shut yo bitch ass up,0,0,0.023207097373960515
Moving is always a bitch.. I'm excited for Dallas though.,moving is always a bitch im excited for dallas though,0,0,0.01954788695031792
I just saw a man have a actual conversation with his bird haha,i just saw a man have a actual conversation with his bird haha,0,0,0.002917779852924112
RT @krystalschnutz: If I can eat some random bitches ass I can eat iggy's ass.. #randomthought #randomthot #shitiwouldneverdo,rt if i can eat some random bitches ass i can eat iggys ass,0,0,0.003135623253987832
RT @LevisNInk: &#8220;@iDocLyfe: When you ain't had pussy in a hot minute... http://t.co/uidvqXugE2&#8221; OMM &#128514;,rt when you aint had pussy in a hot minute omm,0,0,0.0045906836530666285
Chillin wit my bitch who never hesitates tonight.,chillin wit my bitch who never hesitates tonight,0,0,0.006858600112308968
How do I tell this cashier that I'm tryna fuck her right in the pussy,how do i tell this cashier that im tryna fuck her right in the pussy,0,0,0.011204560038667582
I want to paint but faggot won't paint with me...,i want to paint but faggot wont paint with me,0,1,0.6309621213695027
"Like literally after I'm done texting someone when I don't text back I slide the bitch to the left , I'd win that money",like literally after im done texting someone when i dont text back i slide the bitch to the left id win that money,0,0,0.00048765403814010334
My mom told me never use the word cunt... ITS MY FAVORITE WORD!!! Cunt cunt cunt cunt cunt cunt cunt cunt cunt cunt cunt cunt cunt cunt cunt,my mom told me never use the word cunt its my favorite word cunt cunt cunt cunt cunt cunt cunt cunt cunt cunt cunt cunt cunt cunt cunt,0,1,0.9156155576047078
"RT @BitchNiggaAlexx: ""Go talk to your other hoes""

 http://t.co/daithpoTw5",rt go talk to your other hoes,0,0,0.0058037007829952365
"If you enjoy hunting for sport, then you're trash. If you hunt for food, you deserve to starve.",if you enjoy hunting for sport then youre trash if you hunt for food you deserve to starve,0,0,0.03682493914061235
RT @BigJonBul: The stars wink knowingly and smile at each other when they see two lovers kissing on a secluded bridge on a balmy autumn nig&#8230;,rt the stars wink knowingly and smile at each other when they see two lovers kissing on a secluded bridge on a balmy autumn nig,0,0,0.07977445392909384
RT @FoodPornsx: Deep Fried Oreos &#128588;&#128069;&#128166; . http://t.co/dy7QT1Jtlg,rt deep fried oreos,0,0,0.0191252443662325
If a nigga is watching Love and HipHop instead of the playoffs he gay denna bitch,if a nigga is watching love and hiphop instead of the playoffs he gay denna bitch,0,0,0.11977740161334217
I hate when a bitch got fucked up teeth and she trynna smile in her pictures tf lmfao,i hate when a bitch got fucked up teeth and she trynna smile in her pictures tf lmfao,0,0,0.023934048120912876
RT @Noworriezzzz: Two hoes arguing bout who fucking who for x amount of money lol what,rt two hoes arguing bout who fucking who for x amount of money lol what,0,0,0.0029733774053029016
RT @Thee_MrWest: This bitch at work gone make me slap her head off her fuckin neck,rt this bitch at work gone make me slap her head off her fuckin neck,0,0,0.005231951881906205
my right ear is throbbing harder than a virgins pussy,my right ear is throbbing harder than a virgins pussy,0,0,0.010239789416298724
"""Remy Machiavelli send shots to ya belly"" &#128553; my bitch &#9994;",remy machiavelli send shots to ya belly my bitch,0,0,0.010635649542295055
RT @CashOutMolly: bitches is stupid .. they get cheated on BY THEY MAN and wanna go fight the girl . NO BITCH leave that nigga and move on &#8230;,rt bitches is stupid they get cheated on by they man and wanna go fight the girl no bitch leave that nigga and move on,0,0,0.025335855466456385
@SAMMI_boyden if we don't hang out until the concert smh ima kill a bitch,if we dont hang out until the concert smh ima kill a bitch,0,0,0.1514190497064994
&gt;_&lt;.. RT @ItsTheBOOMshow @FricknAwesome metal monkey balls!,gtlt rt metal monkey balls,0,0,0.06829774511775714
Photo: Giving you that trailer park trash. #transformthursday #ladykimora #vegasqueens #vegasshowgirls http://t.co/LjejFufULK,photo giving you that trailer park trash,0,0,0.14791529970602663
"@RacistNegro69 @MrMooncricket fuck you, punk ass racist lil dick bitch. I've reported you fool.",fuck you punk ass racist lil dick bitch ive reported you fool,0,0,0.1539699760106305
RT @Yankees: Were you expecting anything short of fireworks in his final homestand? #FarewellCaptain http://t.co/5nTacrQ43m,rt were you expecting anything short of fireworks in his final homestand,0,0,0.04811079842067967
&#8220;@hoppk92: @WCCORosen Sick of all the trash talk and cocky attitudes. #shutupandplay&#8221; Refs have to take control when needed,sick of all the trash talk and cocky attitudes refs have to take control when needed,0,0,0.005987355831098358
This nigglet &#10084;&#65039;,this nigglet,1,0,0.042430095121668523
@septemberTHA15 @CallMeRenee_ wuss up bitch,wuss up bitch,0,0,0.015965330716316832
@D_Palomino52 you a poop. :( see I'm going all ghetto talk. Wtf!,you a poop see im going all ghetto talk wtf,0,0,0.012658344469772964
Oh I forgot we lived in the ghetto....#hoodrats,oh i forgot we lived in the ghetto,0,0,0.044748069137709935
"RT @Hurricane_Dame: I never understood that whole pissin on a bitch trend that was going round...I like my bitches clean, mayne",rt i never understood that whole pissin on a bitch trend that was going roundi like my bitches clean mayne,0,0,0.0009943389354157089
"RT @TooRacist: What type of eye make-up do redneck women use?

 NASCARA.",rt what type of eye makeup do redneck women use nascara,0,0,0.06970558618833694
"RT @macktology101: ""I need a guy that can put me in my place"" bitches that think they're zoo animals",rt i need a guy that can put me in my place bitches that think theyre zoo animals,0,0,0.015770909990577866
I think all dem hoes on LAHHH regular....,i think all dem hoes on lahhh regular,0,0,0.027372017273617554
&#9733; BEST ASIAN MASSAGE ON THE park slope --TOP RATED SPA &#9733; 718-622-0221 - 24 http://t.co/1xTCOome3v,best asian massage on the park slope top rated spa 7186220221 24,0,0,0.007541374053464443
stupid bitch&#8230;&#8230; count to H and get off my phone,stupid bitch count to h and get off my phone,0,0,0.06420714529775133
Fresh out the gym but yet I'm bout to eat free birds.,fresh out the gym but yet im bout to eat free birds,0,0,0.0014279263283657345
Single like a dollar fucking bitches like im slater ..AWW MANE!,single like a dollar fucking bitches like im slater aww mane,0,0,0.008264730397327637
Stafford trash without Megatron #fantasyfootballproblems,stafford trash without megatron,0,0,0.03682260412861692
I swear a nicca sleep but im up .. Tired as fuk!,i swear a nicca sleep but im up tired as fuk,0,0,0.06603093098396669
How long are they going to let the fools in #Ferguson continue? Stop pussy footin' &amp; disperse them by WHATEVER means necessary!,how long are they going to let the fools in continue stop pussy footin amp disperse them by whatever means necessary,0,0,0.00568685315279831
@O3_Millz white bitch?,white bitch,0,0,0.07214041436270165
"@Bitterchick 
Dare be only one bag dat folks be suckin on what I comes to yo partayyyy! All da ofay be wantin to ride in my eldorato",dare be only one bag dat folks be suckin on what i comes to yo partayyyy all da ofay be wantin to ride in my eldorato,0,0,0.0773607481358654
You nigguhs glorifying pussies,you nigguhs glorifying pussies,0,0,0.023295617103456404
"Then they wanna ask you Maad questions, bitch just tell me what you need me to do and stop interrupting my playlist",then they wanna ask you maad questions bitch just tell me what you need me to do and stop interrupting my playlist,0,0,0.027804860743468635
pull up eat on that pussy and dip&#128166;&#128513;,pull up eat on that pussy and dip,0,0,0.003929631048313166
"Sometimes, even I gotta tell these hoes to grow up smh",sometimes even i gotta tell these hoes to grow up smh,0,0,0.025519648210335654
@flyyImpact Yo follow me back nigguh,yo follow me back nigguh,0,0,0.032068556255439834
"&#8220;@Nadixo__: ""@joelxmontoya: I'm dreaming &#128525;&#128525; http://t.co/Y21PyZ5rai"" ewwww&#8221;bitch you must be fucked up &#128514;&#128514;",im dreaming ewwww bitch you must be fucked up,0,0,0.011217387236597839
The nerve of this nicca .. Step on my crispy ass shoes wit them dusty ass timbs!,the nerve of this nicca step on my crispy ass shoes wit them dusty ass timbs,0,0,0.07442043866774053
RT @ahmiryoung Lakers on....I thought trash day was Monday,rt lakers oni thought trash day was monday,0,0,0.04234586938579927
RT @FunnyPicsDepot: These 5th grade hoes ain't loyal http://t.co/hhPruzXR0J,rt these 5th grade hoes aint loyal,0,0,0.0029892307534456833
Pretty mother fucker pull up in a bitch likee,pretty mother fucker pull up in a bitch likee,0,0,0.010012148249172164
"RT @RealSexNotes: Sex on 1st date dont mean you a hoe, waiting 90 days wont make you a wife, cute pics dont mean y'all happy, having a titl&#8230;",rt sex on 1st date dont mean you a hoe waiting 90 days wont make you a wife cute pics dont mean yall happy having a titl,0,0,0.0013732434183104868
@JZolly23 also is search of dirty white trash hookers for the weekends,also is search of dirty white trash hookers for the weekends,0,1,0.8060353801570039
@rachh_burkhart talkin bout the retard your sittin on,talkin bout the retard your sittin on,0,0,0.05906803518916331
I miss my monkey &#128533;,i miss my monkey,0,0,0.02145249895653641
Bad bitches is the only thing that I like!!!!!! #BBLU this Saturday #BBLU #SuedeLounge #RICHGIRLS,bad bitches is the only thing that i like this saturday,0,0,0.003002338461982342
RT @CrooklynxDodger: When @MeechIsDEAD said &#8220;Fast bitch I call her Bizzy (busy) cause she only bone thugs&#8221; http://t.co/qs9XUeu1VA,rt when said fast bitch i call her bizzy busy cause she only bone thugs,0,0,0.005272749551027495
RT @renegadecut: Video: Renegade Cut: Snowpiercer &#8212; An analysis of Bong Joon-ho&#8217;s sci-fi action film. Topics include... http://t.co/YNT9zS0&#8230;,rt video renegade cut snowpiercer an analysis of bong joonho s scifi action film topics include,0,0,0.03601008882016706
Like that bitch Ernest or somebody,like that bitch ernest or somebody,0,0,0.01896583829529916
@Buster_ESPN Sounds like they are holding back info.......Yankee shill,sounds like they are holding back infoyankee shill,0,0,0.22983403853478496
RT @GLODEH: Her shitty booty ass talm about its a prep rally. How bitch how? What y'all preparing for? &#128514;&#128514;&#128514;,rt her shitty booty ass talm about its a prep rally how bitch how what yall preparing for,0,0,0.006410664012337851
RT @ShitPussiesSay: What's with all these pussies turning themselves into Yu-Gi-Oh cards lately http://t.co/sfVcNdHWzV,rt whats with all these pussies turning themselves into yugioh cards lately,0,0,0.07060367157769531
It aint nuttin to cut that bitch off......thats why that shit my ring tone &#9995;,it aint nuttin to cut that bitch offthats why that shit my ring tone,0,0,0.02921476311050307
"""Who the fuck you callin jiggaboo, nigga?!""",who the fuck you callin jiggaboo nigga,1,0,0.3283630853798513
RT @wrongmusicvine: #MusicThatDoesntMatch These hoes aint loyal! http://t.co/prXCfleT2W,rt these hoes aint loyal,0,0,0.005930740709940179
"@realDonaldTrump he looks like reg. Memphis,tn. trash! we got them everywhere.",he looks like reg memphistn trash we got them everywhere,1,0,0.044420889410829674
"RT @funnyorfact: If I was stranded on an island and could only bring one thing, I would bring Dora. That bitch has everything in that fu ...",rt if i was stranded on an island and could only bring one thing i would bring dora that bitch has everything in that fu,0,0,0.002465194160940739
"""@ambitiousBree: @_1nonlykeisha u see the damn phone ringing? &#128547;&#128530;&#128542;"" when you married bitches makes demands!!!! You haven't called me",u see the damn phone ringing when you married bitches makes demands you havent called me,0,0,0.004901350075146039
"Fuck you faggot ""@Aloha_Hoesss: Grow up RT @80sbaby4life I'm gonna be an old ass man STILL playing video games""",fuck you faggot grow up rt im gonna be an old ass man still playing video games,1,0,0.45033475976616977
"Hugh Heffner gonna be on Life Support, STILL gettin pussy",hugh heffner gonna be on life support still gettin pussy,0,0,0.06878983838099623
"i love how when it was airing everyone loved kill la kill but i was like ""no its fucking trash"" and now everyone who loved it hates it",i love how when it was airing everyone loved kill la kill but i was like no its fucking trash and now everyone who loved it hates it,0,1,0.7714905138740081
I think I killed a chipmunk but that son of a bitch was fast. I need to check my tires.,i think i killed a chipmunk but that son of a bitch was fast i need to check my tires,0,0,0.00721110447250663
' It's just me ? Or do you NOT want nobody else Texting/Inboxing/Kiking/DMing/Snapchatting/Emailing/ Yo girl or niggah ?,its just me or do you not want nobody else textinginboxingkikingdmingsnapchattingemailing yo girl or niggah,0,0,0.02837183413155081
"""@GirlThatsVonte: These hoes be thinking Meat won't slap they ass &#128564;&#128075;"" ainna bruh",these hoes be thinking meat wont slap they ass ainna bruh,0,0,0.004314255203035302
Whoops bought snuggly hideous fuzzy boots because it's cold as balls all of a sudden,whoops bought snuggly hideous fuzzy boots because its cold as balls all of a sudden,0,0,0.03926142049497715
"@OleanderPlume But no joke I will say NO IT IS NOT an Oleander and wife will say Son of a bitch.. Ron, yes the hell it is get out your book",but no joke i will say no it is not an oleander and wife will say son of a bitch ron yes the hell it is get out your book,0,0,0.00630996493978179
@MANIAC3X buck beaners &amp; security started pushing him &amp; that jetsgreen faggot around,buck beaners amp security started pushing him amp that jetsgreen faggot around,0,1,0.6040702175097957
Dis be one sexy bitch http://t.co/lVCNeDp4PT,dis be one sexy bitch,0,0,0.011398454868844105
fuck her rite in the pussy,fuck her rite in the pussy,0,0,0.026995519141970736
RT @skyereyes_: &#8220;@GinaSanabria_: I have no hoes man. I don't need those though &#128564;&#8221;&#128557;&#128557; I need to pick mines back up &#128553;,rt i have no hoes man i dont need those though i need to pick mines back up,0,0,0.00667421651063533
RT @LivingLegend10: &#8220;@_herLIPStho: &#8220;@keepupwithle: She got the body of a faggot . http://t.co/XkyO6DrMsH&#8221; &#128553;&#128557;&#8221;&#128557;&#128557;&#128557;&#128557;&#128557;&#128557;,rt she got the body of a faggot,0,0,0.19235054377955393
&#8220;@lifeof_brandon: &#8220;@100046729: @lifeof_brandon bitch I called yu back&#8221; the lies&#128564;&#8221;&#127797;,bitch i called yu back the lies,0,0,0.010414369856474589
@christianvansly haha I'm shocked barca got more yellow cards this time,haha im shocked barca got more yellow cards this time,0,0,0.011780530218541444
"LA is the only place where you will see some of the baddest bitches in the world ...

At the bus stop",la is the only place where you will see some of the baddest bitches in the world at the bus stop,0,0,0.0040406774063690065
RT @RabehChararah1: Wack ass hoes,rt wack ass hoes,0,0,0.03567805511207502
"I hate bitches that wear those fake ass ray bans, they're only $100 stop being cheap.",i hate bitches that wear those fake ass ray bans theyre only 100 stop being cheap,0,0,0.014716047548369093
Hella hoes,hella hoes,0,0,0.00692612069579465
RT @walshnyc: Which World Cup Teams Are Jihadis Rooting For? http://t.co/ecU754zHKk @versharma @vocativ http://t.co/8z0B7ocMqP,rt which world cup teams are jihadis rooting for,0,0,0.02362112274681154
"&#128518;""@QbF150: On a leash &#128555;RT @80sbaby4life: Just pussy &#128553;""",on a leash rt just pussy,0,0,0.009290405863572592
@mrfoolycooly bitch ass scaring me! Lol you don't keep up with the new ones yet?,bitch ass scaring me lol you dont keep up with the new ones yet,0,0,0.025415646940465185
Every spic cop should be killed. Those pigs only got their job to 'get even' but white people never did anything to them.,every spic cop should be killed those pigs only got their job to get even but white people never did anything to them,1,1,0.8357708677344506
fat dykes make me want to vomit,fat dykes make me want to vomit,1,0,0.10099421907041198
"I try to pass him up, get in carpool passing him he's just looking at me like I'm playing a game do I waved hi idgaf don't fuck w/ me bitch",i try to pass him up get in carpool passing him hes just looking at me like im playing a game do i waved hi idgaf dont fuck w me bitch,0,0,0.007656203676613715
I'm always dumb too a extra slow ass bitch &#128574;&#128530;&#128514;&#128584;&#128553;&#128175;&#128074;,im always dumb too a extra slow ass bitch,0,0,0.01434268457784184
&#128514;&#128514; maaaaannnn i hope so! RT @ABrown252: @VonshayeB did we get rid of John Legend looking Charlie Batch?,maaaaannnn i hope so rt did we get rid of john legend looking charlie batch,0,0,0.02079411917759857
"RT @TheDrugTribe: New Years resolution: smoke more weed, make more money, fuck more bitches",rt new years resolution smoke more weed make more money fuck more bitches,0,0,0.0013977251858462863
Denzie boutta be takin erry body bitch now!,denzie boutta be takin erry body bitch now,0,0,0.007919793308516927
Forgot how good I am at NHL13. Too bad @ChiefGaming is a pussy and wont buy it. Scared to get fuckin scraped.,forgot how good i am at nhl13 too bad is a pussy and wont buy it scared to get fuckin scraped,0,0,0.012847153623084535
@Gutierrez_Alf legit retard,legit retard,1,0,0.14253825054278996
@Barbod6FCB. Wigga wigga wigga wigga wigga,wigga wigga wigga wigga wigga,0,0,0.009403844054619467
"bitch idc if you like me, but you will respect me",bitch idc if you like me but you will respect me,0,0,0.011357924787499706
@KingCuh @TEE_JONEZ io.. lol osi tangi! Haha a tuku ho tangible Terryn! Atunga ho fie lea lahi mai!,io lol osi tangi haha a tuku ho tangible terryn atunga ho fie lea lahi mai,0,0,0.008853334678183807
&#8220;@Leelucas_: @100046729 fuck you ugly lol show them teeth&#8221;&#128514;&#128514;&#128514;&#128128;&#128128;&#128128; bitch fuck u,fuck you ugly lol show them teeth bitch fuck u,0,0,0.07689357995190882
In yo bitch dm like.. http://t.co/OuJU8LaXr1,in yo bitch dm like,0,0,0.02186265882938307
Never will we be an item. Psycho bitch!,never will we be an item psycho bitch,0,0,0.015210583565598481
These hoes out here be GOIN UP !!!!!!!! But we not at you bitches that's what hoes do !,these hoes out here be goin up but we not at you bitches thats what hoes do,0,0,0.0005242939171162381
@Yankees isn't that kind of saying the #Braves won't make it to the World Series? LOL,isnt that kind of saying the wont make it to the world series lol,0,0,0.001021293918349388
"Can't tell me shit, cuz ion care bitch.",cant tell me shit cuz ion care bitch,0,0,0.00690386223464682
RT @EarthPix: Up with the birds to fish on the Li River http://t.co/XnrAlT1PHM,rt up with the birds to fish on the li river,0,0,0.0187330481517838
RT @VillageBae: Don't block me because you think a post is about you...just ask me. Like a boss. You employee ass bitch.,rt dont block me because you think a post is about youjust ask me like a boss you employee ass bitch,0,0,0.04335291083524
2 #iubb games when im in #bloomington #btown how good is that?! #ncaa #basketball #college #Indiana #iu #hoosiers,2 games when im in how good is that,0,0,0.013401126575671702
I live for two-bite brownies,i live for twobite brownies,0,0,0.030507920560960165
&#8220;@BillieBoyMitch: @VSamone man I was bouta text all the bitches that ever told me that &#128514;&#8221;lmao you should,man i was bouta text all the bitches that ever told me that lmao you should,0,0,0.003109341186713255
Cuffin these hoes man that's where you went bad at. You prolly gettin laughed at Cuz everybody smashed that &#128564;,cuffin these hoes man thats where you went bad at you prolly gettin laughed at cuz everybody smashed that,0,0,0.04931318327534864
i hate ah dirty house!!! foul living bitches,i hate ah dirty house foul living bitches,0,0,0.011545593587272612
"""@MileyCyrus: bitch couldn't kill my vibe if ya tried. &#127752;&#127752;&#127752;"" dis why i love miley :*",bitch couldnt kill my vibe if ya tried dis why i love miley,0,0,0.06038761577648059
#realtalk if you a hoe an try to get serious with someone don't expect to be anything more then a piece of meat to them,if you a hoe an try to get serious with someone dont expect to be anything more then a piece of meat to them,0,0,0.014746635724262092
"@GiftedHussle94 @DallyJackson @TreFreedawg ""babe it's the thought that counts""..""bitch you a thot""",babe its the thought that countsbitch you a thot,0,0,0.02405064078363108
@hwkj01 @PushinWeight @dmankow69 @AstroPatriot Somebody who's that much of a moron and a pussy doesn't belong on the force.,somebody whos that much of a moron and a pussy doesnt belong on the force,0,0,0.05285485358933523
Ohmygod please don't be a bitch to me today.,ohmygod please dont be a bitch to me today,0,0,0.01059530300666046
"&#8220;@tabatha__b: Never worried about the next bitch. Always worryin about the next meal. I'm tryna fuckin eat, fuck what you talkin bout&#8221; &#128525;&#128175;&#128175;",never worried about the next bitch always worryin about the next meal im tryna fuckin eat fuck what you talkin bout,0,0,0.005624799779150651
RT @SteeloBrim: Captain Kirk hoe!,rt captain kirk hoe,0,0,0.01439691090274765
love females but hate bitches,love females but hate bitches,0,0,0.0038361650232775807
"@kuczaaaK @Tyg235 Kris, griff is too ghetto to know anything about sperrys or vans",kris griff is too ghetto to know anything about sperrys or vans,0,0,0.04366841170159911
bitch you better not disappoint me. madonna and britney and xtima have RT @gwenstefani: My new single #BabyDontLie is coming Monday!!,bitch you better not disappoint me madonna and britney and xtima have rt my new single is coming monday,0,0,0.015795322344744088
"' Get some head off Twitter now niggahs that's bracken &#1041204;&#1041204; ima baby momma killa , yo bitch she can get it &#1043359; You... http://t.co/FAkEs1z2Wl",get some head off twitter now niggahs thats bracken ima baby momma killa yo bitch she can get it you,0,0,0.003277892880898298
&#8220;@blyth33s: &#8220;@chaserojo: .. where the fuck is your top lip http://t.co/iZBPn0Pms9&#8221; in my pussy&#8221; @lilshwenda,where the fuck is your top lip in my pussy,0,0,0.022769475203958642
RT @SpankxBoogey: Ultimate bitch &#128591;,rt ultimate bitch,0,0,0.030001001188574652
"RT @SuziDodt: Science, bitch! #TheWalkingDead",rt science bitch,0,0,0.013535701151256335
""" momma said no pussy cats inside my doghouse """,momma said no pussy cats inside my doghouse,0,0,0.011472607629096722
@SteveStockmanTX bullshit..i guess the poor have all the money..tax money movers at same rate as working people..you teabaggers are traitors,bullshiti guess the poor have all the moneytax money movers at same rate as working peopleyou teabaggers are traitors,0,0,0.044751384090160426
@TheRealSaigon that explains you cause all you do is bitch and whine.,that explains you cause all you do is bitch and whine,0,0,0.012821395383688492
loves how Day Timers always come with coloured maps and distance charts. It makes me feel far more important then I actually am.,loves how day timers always come with coloured maps and distance charts it makes me feel far more important then i actually am,0,0,0.005189828048290945
RT @HBCUfessions: My body count went from 1 to 9 in one semester... I'm not a hoe just love sex -FAMU,rt my body count went from 1 to 9 in one semester im not a hoe just love sex famu,0,0,0.000878431456058149
@emilysteers WASP EGGS,wasp eggs,0,0,0.04287123415429276
RT @arigold_88: Jordan wearing bitches need to grow tf up,rt jordan wearing bitches need to grow tf up,0,0,0.003136295336762069
I'm so mad cause hoes think it's funny,im so mad cause hoes think its funny,0,0,0.01645914937751433
Why do bitches come to school wearing stripper heels to school &#128563;&#128530; makes no sense!! &#128096;&#128581;,why do bitches come to school wearing stripper heels to school makes no sense,0,0,0.009980043899223
"RT @AndyMilonakis: You give these bitches the Amex once, they gonna act like a chilly snob and try to go get that cardigan",rt you give these bitches the amex once they gonna act like a chilly snob and try to go get that cardigan,0,0,0.0069195122198655755
RT @49ant: down ass bitch RT @NewsBreaker: Aaron Hernandez's girlfriend lied to grand jury 29 times http://t.co/k6x3dUKhtf,rt down ass bitch rt aaron hernandezs girlfriend lied to grand jury 29 times,0,0,0.010465388230374535
RT @Swizzzy: I know she a hoe if she believe in astrology.. Ima make a sign for that.,rt i know she a hoe if she believe in astrology ima make a sign for that,0,0,0.008847075348385176
I aint never had a prob with no other bitch over a nigga if thts yo nigga cool im older enough too go find me another &#128527;,i aint never had a prob with no other bitch over a nigga if thts yo nigga cool im older enough too go find me another,0,0,0.04989258009399768
&#8220;@nhalegood: When hoes feel like their photo didnt get enough favorites http://t.co/ZDf98BpF94&#8221;,when hoes feel like their photo didnt get enough favorites,0,0,0.0023836220407859373
#FACT RT @KeyshBeChillin Kanye is best when a good piece of pussy fucks him over,rt kanye is best when a good piece of pussy fucks him over,0,0,0.005299038032757241
"RT @KyleKallgren: You know how in superhero stories the best insult for superheroes dumb mooks can come up with is ""do-gooder?"" #whiteknight",rt you know how in superhero stories the best insult for superheroes dumb mooks can come up with is dogooder,0,0,0.02475304314927751
"I was eating &amp; my mom gon say ""damn calm down"" TF bitch I am CALM",i was eating amp my mom gon say damn calm down tf bitch i am calm,0,0,0.004940843158669147
I dont hide bitch im high when im in public,i dont hide bitch im high when im in public,0,0,0.008550376316700494
"RT @agonyquotez: If i had a dollar for every bobby pin I've lost, I'd be one rich bitch",rt if i had a dollar for every bobby pin ive lost id be one rich bitch,0,0,0.0019051924749335053
RT @ClassClownKJL: Those 2014 NBA All Star Jerseys look retarded...They look like the combo of a NFL jersey &amp; a FUBU jersey,rt those 2014 nba all star jerseys look retardedthey look like the combo of a nfl jersey amp a fubu jersey,0,0,0.024689624881403482
Damn bitch you nosey please don't touch my phone please,damn bitch you nosey please dont touch my phone please,0,0,0.008462533072460364
RT @DaCoolestLame: Yo BCU band made UCF band look like trash,rt yo bcu band made ucf band look like trash,0,0,0.010119552333088533
@ColeMcDowell2 Waco is ghetto hahaha. Wait til we go pick up nat in Austin tomorrow,waco is ghetto hahaha wait til we go pick up nat in austin tomorrow,0,0,0.009471838312639308
"...you're white, aren't you? *rolls eyes* RT @DidntDoNuffin: @DreaaaLove RIP to my NIGGA Trayvon, a worthless spear chucker",youre white arent you rolls eyes rt rip to my nigga trayvon a worthless spear chucker,1,0,0.4237454089512348
@Yankees Scores don't matter in Spring Training man!,scores dont matter in spring training man,0,0,0.028371964936100426
&#8220;@CMRE24 &#8220;Sum wrong with the pussy&#8221;- Sweets&#8221;smh,sum wrong with the pussy sweets smh,0,0,0.07217547938839224
@AlexisDiamond_ bitch stop fucking playin with me you know wtf I'm talkin about,bitch stop fucking playin with me you know wtf im talkin about,0,0,0.018338982358402575
Lmao shorty twitter name is pussy 2 chubby...lmfao im dead,lmao shorty twitter name is pussy 2 chubbylmfao im dead,0,0,0.019629905272548275
When I see a fine bitch I don't get excited,when i see a fine bitch i dont get excited,0,0,0.014350281084683234
@moneydriven LOL such a nig,lol such a nig,0,0,0.12380777553573082
@b_scheich &#128072;&#128166; salute a bad bitch,salute a bad bitch,0,0,0.006693132782564541
RT @ZayZillaaa: &#8220;@ArchieLacombe: @ZayZillaaa @Thompson_Era long as my bitches love me &#128527;&#8221; &#128514;&#128076;,rt long as my bitches love me,0,0,0.005206562928541485
"""@KyraNadiya_: These hoes ain't loyal ; no they ain't http://t.co/h1UBsVbkGl""

Smfh &amp; wonder why nobody decent wants them",these hoes aint loyal no they aint smfh amp wonder why nobody decent wants them,0,0,0.0013647110276602333
RT @GhettoViine: Dumb bitch https://t.co/JdSvCGQFQn,rt dumb bitch,0,0,0.015593427497310478
YES!! RT @Merky__: NO!!! RT @HuffPostTaste Will YOU buy the new Caramel Apple flavor of Oreos? http://t.co/K8zUp4Ynzf http://t.co/AMuZaTglx8,yes rt no rt will you buy the new caramel apple flavor of oreos,0,0,0.048794804173250786
&#8220;@thrillamickilla: @JoeDeLaWolfPack &#128514;&#128514;&#128514;&#128514;&#128514;&#128514;&#128514;&#128514; this is me so badly hahahah omg&#8221; yall some pussies,this is me so badly hahahah omg yall some pussies,0,0,0.021738406035575274
RT @Saint_Jeremy: She right RT @2Girls1Richard: You spam RT @TheReaIPinkyxxx: If you eating the pussy you might as well eat the ASS. http:&#8230;,rt she right rt you spam rt if you eating the pussy you might as well eat the ass,0,0,0.002987537881176073
You want a smart educated dumb bitch you can date. #Lol #drunktalk,you want a smart educated dumb bitch you can date,0,0,0.019789362648070057
RT @Annnna_dav69: I hate trailer trash &#128567;,rt i hate trailer trash,1,0,0.37135202190059236
A lot of I fucked up call me back this bitch is tripping .. Lol,a lot of i fucked up call me back this bitch is tripping lol,0,0,0.007961357180620245
5SOS is trash,5sos is trash,0,0,0.03682260412861692
@Cesar_K_Garcia text me niggah!,text me niggah,0,0,0.031621403777588056
RT @40oz_VAN: Don't be that frontin' ass bitch.,rt dont be that frontin ass bitch,0,0,0.0296183824622507
"Fuccn yo bitch last night she say ""you the nigga!!'",fuccn yo bitch last night she say you the nigga,0,0,0.04330853813669131
RT @TylerCarter4L: Hell yea bitch!!!,rt hell yea bitch,0,0,0.0035530910144414085
Elizabeth is a stupid hoe,elizabeth is a stupid hoe,0,0,0.040798389264066745
Appropriately this guy wears the WV yellow Rick James on his face. @BarkingCarnival http://t.co/SGb9rYvdmb,appropriately this guy wears the wv yellow rick james on his face,0,0,0.016076518582018296
"@grinand http://www.youtube.com/watch?v=LRtKAQJUc3g Stay safe out there, Charlie.",stay safe out there charlie,0,0,0.01683146784789301
"@_CaliStrong - lol just think about it, there is a right way &amp; a wrong way to love someone. a hoe may just love you for what you got.",lol just think about it there is a right way amp a wrong way to love someone a hoe may just love you for what you got,0,0,0.0034802705228918996
"I really just did some hoe shyt, but just so u know im only a hoe for mr.",i really just did some hoe shyt but just so u know im only a hoe for mr,0,0,0.001990061135168902
"RT @kelseyreneee_: Bet you won't @ em' doe &#8220;@Jakelewis44_: ""Hoes gon be hoes"" shut up. You a hoe&#128514;&#128514;&#128064;&#8221;",rt bet you wont em doe hoes gon be hoes shut up you a hoe,0,0,0.00034466278897485905
"RT @larryelder: Holder asks, ""What AG has had to deal with that kind of treatment?&#8221; Tell the whiny little bitch to call Alberto Gonzales an&#8230;",rt holder asks what ag has had to deal with that kind of treatment tell the whiny little bitch to call alberto gonzales an,0,0,0.0181185842396529
"RT: Thank you, Captain. It'll never be the same. @Yankees #Jeter#2 http://t.co/EIe8D8C5cj&#8221;",rt thank you captain itll never be the same,0,0,0.034708095121944435
&#8220;@_mahoganylov3 Right RT @KingDominicus: Idk which one was selling pussy for $65 but that&#8217;s way too high for them http://t.co/jSDmSuCDm0&#8221;hm,right rt idk which one was selling pussy for 65 but that s way too high for them,0,0,0.004875196673558426
Text your bitch some lyrics from that new Ty Dolla $ign tape before she wake up so she'll nag you a little less today,text your bitch some lyrics from that new ty dolla ign tape before she wake up so shell nag you a little less today,0,0,0.005422573834620113
"""These hoes ain't loyal""",these hoes aint loyal,0,0,0.008400578694383924
"If I ever committ a crime, you can cite LVL as being the sole influence.",if i ever committ a crime you can cite lvl as being the sole influence,0,0,0.030886741302474558
Pullout game trash... &#171;@arigold_88 Iyanla having an intrrvention with a man who has 34 kids with 17 women. I have other questions.&#187;,pullout game trash iyanla having an intrrvention with a man who has 34 kids with 17 women i have other questions,0,0,0.020342361307528218
This bitch in 7-11 wit hella face tats. She a female duddy &#128527;,this bitch in 711 wit hella face tats she a female duddy,0,0,0.0053010153375521495
"RT @trevso_electric: You want a hot body? You want a Bugatti? You better be born into wealth, bitch.",rt you want a hot body you want a bugatti you better be born into wealth bitch,0,0,0.014964960389142279
@youknowmaxwell @CiscoAllDay name that hoe (I'm 6'1) on my license tho,name that hoe im 61 on my license tho,0,0,0.01668663824453669
Truth is you're about as smelly as a barn bitch.,truth is youre about as smelly as a barn bitch,0,0,0.029054288902279138
I well fuck yu too bitch !,i well fuck yu too bitch,0,0,0.021326861225117785
RT @_xchaazelle: most of the bitches he fw not old enough to get a ID &#128514;&#128514;so what that tell you &#128129;,rt most of the bitches he fw not old enough to get a id so what that tell you,0,0,0.005264928679291867
RT @LouieVRee: Weed louder than a Darkskin bitch in the club,rt weed louder than a darkskin bitch in the club,0,0,0.009291483083788715
RT @juliebenz: I drink unicorn tears... RT @thecarnage07: @juliebenz And they say blondes don't age well :) You look like you're 20 :) ho&#8230;,rt i drink unicorn tears rt and they say blondes dont age well you look like youre 20 ho,0,0,0.013333501428656986
RT @ryancruz_: Want me to stamp bitches be saying anything to be down &#128564;,rt want me to stamp bitches be saying anything to be down,0,0,0.0024466279906408
"RT @iamMaliachigh: Every bitch with her ass out on Instagram bio be like 

deleted at 100k for booking email backpagepussy@gmail.com",rt every bitch with her ass out on instagram bio be like deleted at 100k for booking email backpagepussy com,0,0,0.0035106334335550837
It's out b day bitches!!!&#128540;&#128540; @koleworld4 http://t.co/IuKRTw2icw,its out b day bitches,0,0,0.01251980936141665
"@CDNBallJunkie Spurs bitch that's the team, you dont want no problems",spurs bitch thats the team you dont want no problems,0,0,0.02360887466425006
@NCPostGrad bitch please.,bitch please,0,0,0.015965330716316832
This bitch backed into my car TWICE.. Not once but 2 times.,this bitch backed into my car twice not once but 2 times,0,0,0.01093541547991182
&#8220;@vivaalakatyy: I just punched @victoriaaokk in the nose on accident because she just shocked the crap out of me &#128514;&#128514;&#128514;&#128514;&#8221; bitch that hurt!! &#128557;,i just punched in the nose on accident because she just shocked the crap out of me bitch that hurt,0,0,0.0030550940556322865
"""I went to jail for a flock, &amp; came home wit a strike.. You went to jail as a bitch, came home as a dike""- @YG",i went to jail for a flock amp came home wit a strike you went to jail as a bitch came home as a dike,0,0,0.03875953570939413
"My Moor friends,no not black friends,but Moor friends said Nigger came from Nigeria...You are so lost..Stop tagging me...",my moor friendsno not black friendsbut moor friends said nigger came from nigeriayou are so loststop tagging me,0,0,0.464768648202359
My niggah,my niggah,0,0,0.0572285928964893
&#8220;@Untouchable_T: Ion care about none of these bitches&#8221;&#128175;&#128175;&#128175;,ion care about none of these bitches,0,0,0.010128650580148552
"&#8220;@KinggKI Im drunk, I'm bout to bitch.&#8221;need a ride?",im drunk im bout to bitch need a ride,0,0,0.004988567779876235
If Dj Khaled eats Nicki Minaj's pussy he finna taste everyone in the rap industry,if dj khaled eats nicki minajs pussy he finna taste everyone in the rap industry,0,0,0.009333536247115942
RT @xx_lowkeychayy: I let these bitches talk. that's just free promotion &#128079;.,rt i let these bitches talk thats just free promotion,0,0,0.0032431719012926343
"RT @antijokeapple: ""mom i&#8217;ve had it. i&#8217;m dropping out""

""excuse me""

""i&#8217;m done with fake bitches. the hw. all of it. done""

""ur in 2nd grad&#8230;",rt mom i ve had it i m dropping out excuse me i m done with fake bitches the hw all of it done ur in 2nd grad,0,0,0.006017135433929025
"RT @Coolie_GBE300: It's 2014 &amp; you niggas still runnin round sayin ""Yall don't eat pussy"". Y'all must be suckin dick.",rt its 2014 amp you niggas still runnin round sayin yall dont eat pussy yall must be suckin dick,1,0,0.00607279437765979
"Just bought @Godsmack_Music new release, and to all of you pussies whining about it...STFU. #TurnThatShitUpLouder #Godsmack",just bought new release and to all of you pussies whining about itstfu,0,0,0.038275217550603154
Little bitty bumble bee&#128029;&#128029; #bumblebee http://t.co/WgYL5UpjQq,little bitty bumble bee,0,0,0.040106062321356106
I should've fought you when I was over there if only I was myself and I haven't popped that talking about u only need two hits bitch please,i shouldve fought you when i was over there if only i was myself and i havent popped that talking about u only need two hits bitch please,0,0,0.004440925672622944
"lmfaooo &#8220;@officialSmith_ Whenever you take selfies at work, it's always one hatin ass bitch in the comments talmbout ""you ain't workin""&#8221;",lmfaooo whenever you take selfies at work its always one hatin ass bitch in the comments talmbout you aint workin,0,0,0.027256767303350343
RT @tiaramescudi: I hate when bitter bitches try to take away someone's happiness.,rt i hate when bitter bitches try to take away someones happiness,0,0,0.11711959216191842
RT @LuaBoo: &#8220;@uce_INA: Hazel e looks like a bird... Her and kaep prolly related by nose and shit&#8221; thats why Berg wont ever make her DAT BIT&#8230;,rt hazel e looks like a bird her and kaep prolly related by nose and shit thats why berg wont ever make her dat bit,0,0,0.002678634011732761
I eats the pussy.,i eats the pussy,0,0,0.014045850640905612
RT @ASillyPsycho: Don't be a bitch to me. I'll be a bigger one and I'll win.,rt dont be a bitch to me ill be a bigger one and ill win,0,0,0.014988900437113456
Amanda is a bitch omg I would beat her ass lol,amanda is a bitch omg i would beat her ass lol,0,0,0.022364535957583524
@eze12373 I'll come rape your wife bitch boy,ill come rape your wife bitch boy,0,0,0.026502077477415977
"&#8220;@truuuchains: If you already out of school, fuck you I hate you and I hope you trip on the stage at graduation hoe&#8221;",if you already out of school fuck you i hate you and i hope you trip on the stage at graduation hoe,0,0,0.1369065900704089
@Ari_Tweetz lol na bitches like crazy if the D good &#128064;,lol na bitches like crazy if the d good,0,0,0.0020078781028585752
RT @SenorSteez: Fuck wit us and then we tweakin hoe,rt fuck wit us and then we tweakin hoe,0,0,0.019527603668875994
Today was just joints on joints on joints of some Reserve wit my niggah @BlakkHoodie_562 #SmokinDrankin,today was just joints on joints on joints of some reserve wit my niggah,0,0,0.0387077074461468
Or I'm vibing and they ask to see the aux cord knowing they bout to play some trash &#128530;,or im vibing and they ask to see the aux cord knowing they bout to play some trash,0,0,0.007210443661926459
Omm this bitch dumb ass fuck,omm this bitch dumb ass fuck,0,0,0.029967884734804353
RT @marvelmaliks: @1D_NIPPLES_ you little stupid ass bitch i aint fucking with you,rt you little stupid ass bitch i aint fucking with you,0,0,0.020880995977258354
"@KuntaKayne I have never seen such ignorant, illiterate pieces of shit in my life. Bring in Natl Guard &amp; disperse this trash. @bassem_masri",i have never seen such ignorant illiterate pieces of shit in my life bring in natl guard amp disperse this trash,1,0,0.012301968004236328
RT @Z_MEGA: @Im_Yung_Jay grab me some bitches while u up there lmao oh and a belt ( fendi ),rt grab me some bitches while u up there lmao oh and a belt fendi,0,0,0.006239016624195292
"Like lex so fine she can have all my hoes, imma make my husband by her a Lamborghini",like lex so fine she can have all my hoes imma make my husband by her a lamborghini,0,0,0.007198129005879086
Kids a bitch,kids a bitch,0,0,0.017646836753804344
RT @YungRetweet: @Versharky bitch,rt bitch,0,0,0.0041493828698305575
When you gotta boomin ass voice all you have to do is look at bitches and scream NOW. Den ya in da pussy,when you gotta boomin ass voice all you have to do is look at bitches and scream now den ya in da pussy,0,0,0.0008823910349340587
Better keep ya shit n line nicca ...,better keep ya shit n line nicca,0,0,0.03328514644851027
&#128514;&#128514;&#128514; RT @A2daO: When a dyke get pregnant by mistake &gt;&gt;&gt;&gt;&gt;,rt when a dyke get pregnant by mistake gtgtgtgtgt,0,0,0.23757957390442672
"RT @donthypeme: &#8220;@VSamone: &#8220;@donthypeme: any favorites off yellow album ?&#8221;all of it&#8221;

#theperfectanswer &#127942;",rt any favorites off yellow album all of it,0,0,0.014177974555828678
RT @pppssshhh_: I be hatin when hoes be comin to me like I'm finna save them #aintnobread bitch u better get out here and get it,rt i be hatin when hoes be comin to me like im finna save them bitch u better get out here and get it,0,0,0.04412882186079531
Charlie looking like he's the one that made that 3.,charlie looking like hes the one that made that 3,0,0,0.01142227416035815
RT @uhfrocircus: This is the life nigger,rt this is the life nigger,0,0,0.29525121982465546
@RickiRoma shut the fuck up. You guys a mediocre washed basura juice. Sit down and win close games against raiders and jets faggot,shut the fuck up you guys a mediocre washed basura juice sit down and win close games against raiders and jets faggot,0,0,0.3598036558284734
"@iamSHIRAQ ion have a FB, niggas on twitter ain't worried about me, &amp; them IG nigga foe EVERYBODY so try again &#128514; my BFFL got the hoes",ion have a fb niggas on twitter aint worried about me amp them ig nigga foe everybody so try again my bffl got the hoes,0,0,0.07140498718433175
don't be on that ho shit,dont be on that ho shit,0,0,0.024178994877361425
@denytheprophecy because you're a weak bitch. Listen to Cruel Hand because the singer fell on face last night.,because youre a weak bitch listen to cruel hand because the singer fell on face last night,0,0,0.004347845252616502
tom ford probably fucking all these hoes,tom ford probably fucking all these hoes,0,0,0.045901352861240995
http://t.co/bPU86qzYFt Evilyn Fierce &#8211; Naughty girl next door pummels her pussy with a purple&#160;toy http://t.co/EtBMz8EzAO,evilyn fierce naughty girl next door pummels her pussy with a purple toy,0,0,0.008356226376650205
@mlvassallo Oh really? fags are gross You aids infected sick fuckers,oh really fags are gross you aids infected sick fuckers,1,1,0.5676242642945057
I'll get so much pussy. http://t.co/2plTXgQiqE,ill get so much pussy,0,0,0.018361449019261056
Man that bad bitches/broke niggaz tweet was a trap.I feed bullshit negativity and niggaz line up for a plate.,man that bad bitchesbroke niggaz tweet was a trapi feed bullshit negativity and niggaz line up for a plate,0,0,0.2341530454394946
@sowhatsides I am funny bitch,i am funny bitch,0,0,0.009365623033988694
My two main wiggas and I @chloetarantino http://t.co/oAyBFEJh54,my two main wiggas and i,0,0,0.04994472377775862
@dantoomey2 forgot someone niglet,forgot someone niglet,0,0,0.12319661094521567
How about a Charles in Charge movie with Shia LeBouf as Charlie and Ryan Gosling as Buddy. #WhyNot.,how about a charles in charge movie with shia lebouf as charlie and ryan gosling as buddy,0,0,0.02480754456235938
@ashleyypat17 if im trash ur trash since we baes now,if im trash ur trash since we baes now,0,0,0.02139124196464747
I like the Yankees toinight -107 http://t.co/J4rhaMBu,i like the yankees toinight 107,0,0,0.029644832772712414
@Zhugstubble meet up so I can Molly whoop yo bitch ass,meet up so i can molly whoop yo bitch ass,0,0,0.01536867782064616
RT @Big_Jim777: @2014Alyssa hahaha look at you tryin to be a bitch lol nice try though haha,rt hahaha look at you tryin to be a bitch lol nice try though haha,0,0,0.0026913106328244956
Let me text my hoes gm or sumpin,let me text my hoes gm or sumpin,0,0,0.0035749269075453483
I wish a bitch COULD,i wish a bitch could,0,0,0.012178303210494464
Ladies... LMaooo. . &#171;@cthagod RT if your pussy better than your personality.&#187;,ladies lmaooo rt if your pussy better than your personality,0,0,0.006489048280664865
"RT @TheRoot: Don Lemon gets called an Uncle Tom, doesn't like it: http://t.co/eV4xgI5Pgc http://t.co/i6Xs8HCnrb",rt don lemon gets called an uncle tom doesnt like it,0,0,0.20110536617935945
@mckinley719 bitch I will kill yo vibe,bitch i will kill yo vibe,0,0,0.04356101847971568
Literally just got shit on by a seagull..... You're gonna fuckin die bird,literally just got shit on by a seagull youre gonna fuckin die bird,0,0,0.0038641649815884214
"Libs trash Saira Blair, an 18-year-old Republican who won a seat in the West Virginia legislature 
http://t.co/V01w8UamJy",libs trash saira blair an 18yearold republican who won a seat in the west virginia legislature,0,0,0.03614994577516858
"Hello American people, my name is Eric Cantor and I am a lying piece of bird poo http://t.co/qJyuw4ox0O",hello american people my name is eric cantor and i am a lying piece of bird poo,0,0,0.03519260085104368
RT @J_Kwest: @HarveyWordman b in da pussy 2 mins like http://t.co/dnrCMkg5oo,rt b in da pussy 2 mins like,0,0,0.01839837750035029
Catch up with the Lingo itty bitty bitch,catch up with the lingo itty bitty bitch,0,0,0.01060766538525522
@Fru_Iam I seen sum of it but I'm tryin see lox n mook,i seen sum of it but im tryin see lox n mook,0,0,0.04874158780182298
@NICKjSPADA @EnxadasFelipe @Lindsey711xoxo ik he felt like a bad bitch. Take it down a notch dex,ik he felt like a bad bitch take it down a notch dex,0,0,0.02307400685463848
"#DegenerateArtist Can't do it ALL on CARD&gt; I'm not a French Muslim retard&gt; I don't expect or demand a child bride yard, cuz I got MAN DICK&gt;",cant do it all on cardgt im not a french muslim retardgt i dont expect or demand a child bride yard cuz i got man dickgt,0,0,0.08666298623692745
"RT @ColIegeprobs: Liquor before beer you're in the clear, beer before liquor you'll be fine don't be a bitch",rt liquor before beer youre in the clear beer before liquor youll be fine dont be a bitch,0,0,0.07086503657578996
You a hoe if you like gettin drunk,you a hoe if you like gettin drunk,0,0,0.06446604169687942
You hoes give me more and more reasons everyday to stay my ass single for another 2 years,you hoes give me more and more reasons everyday to stay my ass single for another 2 years,0,0,0.00839634561636535
"@The_Red_Sea @shetheTRUTHtho bitch, yo muthafukin ass reacting off that vain females' tweet &amp; dont no the context, her dumb ass dont neither",bitch yo muthafukin ass reacting off that vain females tweet amp dont no the context her dumb ass dont neither,0,0,0.004179984158297679
Few Instagram likes a bitch swear dat she on,few instagram likes a bitch swear dat she on,0,0,0.01775078781876561
"RT @DamnitCorn: This bitch does so begrudgingly as fuck. Was like""man up you a big bad man crying like a bitch.""",rt this bitch does so begrudgingly as fuck was likeman up you a big bad man crying like a bitch,0,0,0.0010613167093208636
@justezzzee your so fucking ignorant u talk a lot shit for someone who don't wanna fight your mama raised u as bitch huh?,your so fucking ignorant u talk a lot shit for someone who dont wanna fight your mama raised u as bitch huh,0,0,0.005440542625312768
All these so called real niggas and they hoes aint nuttin but some massah luvin uncle toms &amp; aunt jamammi's fakin da funk.,all these so called real niggas and they hoes aint nuttin but some massah luvin uncle toms amp aunt jamammis fakin da funk,0,0,0.16016944119073526
Dirty hoe,dirty hoe,0,0,0.034250959836725506
"As a girlfriend, you gotta accept the fact hoes gone be all up in his face. But as a boyfriend, he better let them hoes know wassup.",as a girlfriend you gotta accept the fact hoes gone be all up in his face but as a boyfriend he better let them hoes know wassup,0,0,0.006117050161045091
"#porn,#android,#iphone,#ipad,#sex,#xxx, | #Lingerie | Bitch in lingerie getting her wet cunt pounded http://t.co/Jp4r2vPyCb",bitch in lingerie getting her wet cunt pounded,0,0,0.03261894917022409
"RT @Oh_My_Nina: Amen. RT @IgnorantLesbian: Overall bitches, do better and stop being so stupid cause yall hoes are stupider than ya realize.",rt amen rt overall bitches do better and stop being so stupid cause yall hoes are stupider than ya realize,0,0,0.003958227949310018
I love this ho @nerissaloren http://t.co/I5obSnjj,i love this ho,0,0,0.027364256351331707
The John Cantlie video issued by Al Furqan media is a new level of the Jihadi propaganda: promises more episodes &amp; wages ideological warfare,the john cantlie video issued by al furqan media is a new level of the jihadi propaganda promises more episodes amp wages ideological warfare,0,0,0.018750447964551928
When guys throw stupid bitch fits its like whyyyyy? Grow some balls please. I have bigger balls than you.,when guys throw stupid bitch fits its like whyyyyy grow some balls please i have bigger balls than you,0,0,0.19810939131055527
Need some Hispanic pussy,need some hispanic pussy,0,0,0.012854853754387658
"I be waiting for a bitch to sneak diss , I'm @-ing IDC &#128514;&#128581;",i be waiting for a bitch to sneak diss im ing idc,0,0,0.003618618352630022
If my friends don't wanna hangout my automatic response is to call them a bitch. Whoops.,if my friends dont wanna hangout my automatic response is to call them a bitch whoops,0,0,0.014771886491860182
"@Steve_wojtkiw @EmmaLouisaSuttl Wise decision,this Alfie must be a right mong.",wise decisionthis alfie must be a right mong,0,0,0.060309751638668585
"RT @iSoldYoDadDrugs: I hate when people take a picture&#128247; and be like "" don't mind the background "" &#9995; nah bitch imma mind &#128563;",rt i hate when people take a picture and be like dont mind the background nah bitch imma mind,0,0,0.011148515112010808
@SteveStockmanTX @toddstarnes oh I see. Part of a giant govt take over eh. Stockboy you are a joke of a representative. #dumb teabagger,oh i see part of a giant govt take over eh stockboy you are a joke of a representative teabagger,0,0,0.19344650674372257
S/O to flowing wells varsity soccer tomorrow yall are playing ironwood Kick their asses. I'm pretty sure this fag is playing @SamJAlexander,so to flowing wells varsity soccer tomorrow yall are playing ironwood kick their asses im pretty sure this fag is playing,0,0,0.13085868378170812
@OVOmar23 thanks for the invite tho bitch,thanks for the invite tho bitch,0,0,0.0036008146441162204
RT @EvanBecker513: @whattheflocka omg you're a nigger.,rt omg youre a nigger,0,0,0.3379827209238849
life to great to be mad all day... bitch I'm bless move ur negativity dat way&#128073;,life to great to be mad all day bitch im bless move ur negativity dat way,0,0,0.007822136293128801
@jrsmith12 @jaynovel let these hoes be great,let these hoes be great,0,0,0.007316541983149665
@Swishas_Erbs No bitch Linda over KOD,no bitch linda over kod,0,0,0.015965330716316832
"@JPantsdotcom @Todd__Kincannon @the__realtony naaaaa, just popped across my TL, so I commented. But nice try faggot!",naaaaa just popped across my tl so i commented but nice try faggot,0,0,0.35143676644286054
"RT @cyb3rvibes: &#8220;@SejlaSmajlovic: Funniest one lmfaoooo https://t.co/1WT6BBlIdp&#8221; ""swag bitch""",rt funniest one lmfaoooo swag bitch,0,0,0.004802776690302637
That Principal shld be ashamed 'Look at these poor colored kids who WE made smart' They are not your props. #disgusted #morningjoe,that principal shld be ashamed look at these poor colored kids who we made smart they are not your props,0,0,0.06298277149492743
Why are there so many hoes?,why are there so many hoes,0,0,0.01755814964753596
it's gotten to the point where I literally don't care and I'm gonna start punching bitches if they don't move in the hallway,its gotten to the point where i literally dont care and im gonna start punching bitches if they dont move in the hallway,0,0,0.001001310080473054
"RT @AzlanTheGoat: ""These hoe ain't loyal""

- a nigga who cheated on his girl 7 times and just broke up with him.",rt these hoe aint loyal a nigga who cheated on his girl 7 times and just broke up with him,0,0,0.0029662172868925247
What time jamboree start Thursday. So I ca smile for the ugly hoes. &#128514;&#128128;,what time jamboree start thursday so i ca smile for the ugly hoes,0,0,0.01535642540193328
"Lol I make hoes madd hahhaha, @No_FAKINGG. ;)",lol i make hoes madd hahhaha,0,0,0.01457361202134136
And my bitch gon' blast and she got the ass like... http://t.co/yzJVcu77nF,and my bitch gon blast and she got the ass like,0,0,0.0042264353480578895
Aye the part be treating the bitches too good &#128514;,aye the part be treating the bitches too good,0,0,0.005034174250608342
@iiAK lmaoo boy how you think Benny heard it lol i was blasting that bitch,lmaoo boy how you think benny heard it lol i was blasting that bitch,0,0,0.024189095130998987
"@WhatTheFFacts this some bullshit, bitch. Show Lana Kane.",this some bullshit bitch show lana kane,0,0,0.020254810166215
I ont like that game wit that retarded ass bird &#128530;,i ont like that game wit that retarded ass bird,0,0,0.013697375135797421
I can hear birds outside!!!,i can hear birds outside,0,0,0.024665645503964915
Dese niggaz on Dat guala shit....... http://t.co/qcrTA7H80x,dese niggaz on dat guala shit,0,0,0.156656345509679
I got some bitch ass coworkers. I stay late every day last week I don't complain about them mfs. They stay late they send emails that I left,i got some bitch ass coworkers i stay late every day last week i dont complain about them mfs they stay late they send emails that i left,0,0,0.02807944853621043
Time to start listing to il spook,time to start listing to il spook,0,0,0.010878268414500788
"Nile... RT @JosephBananas I'm really sad that I don't have enough friends to ever be called ""a pack of niggers"" with. That's my fuckin dream",nile rt im really sad that i dont have enough friends to ever be called a pack of niggers with thats my fuckin dream,0,0,0.37052144150163985
I got these 5 dominican hoes that randomly hit me up every so often &amp; can't tell if they like me or tryna rob me.,i got these 5 dominican hoes that randomly hit me up every so often amp cant tell if they like me or tryna rob me,0,0,0.012223573650183554
"Palin mocks Obama, on Russia rhetorically asks ""who could have seen this coming,"" the crowd goes wild #CPAC2014",palin mocks obama on russia rhetorically asks who could have seen this coming the crowd goes wild,0,0,0.14085106522109583
&#8220;@FunnyPicsDepot: how black bitches drive when they song come on https://t.co/u50OmK2JY6&#8221;@KellieNehls @smichellelo,how black bitches drive when they song come on,0,0,0.020550803979607197
@Mathanugg You mean the one I colored with crayons isn't copacetic?,you mean the one i colored with crayons isnt copacetic,0,0,0.01627747143125582
@vinyldanyl @BleedingLSD hes a lyin ass bitch lmao http://t.co/1YiMFtRTZw,hes a lyin ass bitch lmao,0,0,0.013449592771255984
"""@rugbysocklad: Helping out a mate!! http://t.co/eMNAdO1QOj"" I love scally play. Fuck yeah",helping out a mate i love scally play fuck yeah,0,0,0.012551949770153871
@efethegoddess The shirt trash &#128546; and I'm leaving your room a mess &#128522;,the shirt trash and im leaving your room a mess,0,0,0.024428861032547745
RT @I_Dnt_Giv3A_Fuk: Good pussy will make a nigga cum quick shit be over faster than a vine video,rt good pussy will make a nigga cum quick shit be over faster than a vine video,0,0,0.02381587179172082
WATCH: Excited ISIS Jihadis Getting Their Yezidi Sex Slaves On 'Distribution Day' http://t.co/n9ExnuVhKs #tcot #lnyhbt #pjnet #tgdn #gop,watch excited isis jihadis getting their yezidi sex slaves on distribution day,0,0,0.010474457460785418
RT @ThottyGlo: How quick your bitch will text another nigga whens shes mad at you http://t.co/uRSI7AjUMP,rt how quick your bitch will text another nigga whens shes mad at you,0,0,0.026085373837531158
"RT @IAmNiaRich: Nigga screamed like a Lil bitch lol 

https://t.co/b1qBnDPxdv",rt nigga screamed like a lil bitch lol,1,0,0.03703227399857079
@BetoDavidThomas @JesseCanon lmfaooo oh well fuck that bitch,lmfaooo oh well fuck that bitch,0,0,0.039317818082141597
@Christian_ESEM you don't know what your talking about retarded faggot,you dont know what your talking about retarded faggot,1,1,0.5079989691729625
Hoe bitches act up i turn chris breezy,hoe bitches act up i turn chris breezy,0,0,0.0019806718330633
too bad ur a pussy,too bad ur a pussy,0,0,0.02298587906827789
RT @HeidiL_RN: Fuck Islam you pigfucking trash troll. @ItsJustMe7o7 @MzKeriEvans @ctbauza,rt fuck islam you pigfucking trash troll,1,0,0.041599273837308666
Stevie J my nigga &#128175;&#128175; bitch be on ten,stevie j my nigga bitch be on ten,0,0,0.1603536774069333
"""@King_Shawn_6: @white_thunduh that's where I get my yellow flags for being amazing &#128079;&#128524;"" HELL YEAH NIGGY",thats where i get my yellow flags for being amazing hell yeah niggy,0,0,0.004220316977921815
"Get some H&#228;agen-Dazs ice cream bars, a whole lot, make sure chocolate, gotta have chocolate, man. Some popcorn, red popcorn, graham crackers",get some h agendazs ice cream bars a whole lot make sure chocolate gotta have chocolate man some popcorn red popcorn graham crackers,0,0,0.0028571640729397846
"@pragathiguru , i'm viswa moulie. I wanna be ur friend.. Please, shall i ?",im viswa moulie i wanna be ur friend please shall i,0,0,0.04408909247884279
"""U got my 200K bitch nigga""--Al Haymon to Antonio Tarver",u got my 200k bitch niggaal haymon to antonio tarver,0,0,0.013444425474631897
"&#8220;@lakeshow73: @WCCORosen Too bad the optimism I have for the Royals, you don't have for the Twins!! Take those ""Rose(ie) colored glasses off",too bad the optimism i have for the royals you dont have for the twins take those roseie colored glasses off,0,0,0.029458012323046918
Ima start friend zoning these hoes &#128514;&#128514;&#128514;,ima start friend zoning these hoes,0,0,0.0045388938266327
Shot out to my main bitches and my side bitches&#128526;,shot out to my main bitches and my side bitches,0,0,0.00299525058266468
y'all I'm so mad I wasted them calories on that honey bun.. that ho was dry as hell &#128553;,yall im so mad i wasted them calories on that honey bun that ho was dry as hell,0,0,0.004067164074309916
"RT @cotydankh: ""are these hoes loyal?""

&#12288; N
&#12288;&#12288; O
&#12288;&#12288;&#12288; O
&#12288;&#12288;&#12288;&#12288; o
&#12288;&#12288;&#12288;&#12288;&#12288;o
&#12288;&#12288;&#12288;&#12288;&#12288; o
&#12288;&#12288;&#12288;&#12288;&#12288;o
&#12288;&#12288;&#12288;&#12288; &#12290;
&#12288;&#12288;&#12288; &#12290;
&#12288;&#12288;&#12288;.
&#12288;&#12288;&#12288;.
&#12288;&#12288;&#12288; .
&#12288;&#12288;&#12288;&#12288;.",rt are these hoes loyal n o o o o o o,0,0,0.006725726266215635
@Cotton_Candy9 hell Idk who did but that pussy better be golden,hell idk who did but that pussy better be golden,0,0,0.0036960690500483315
Lmaooo RT @Handsomeesco_55 She a tranny if she can open a jar of pickles by herself,lmaooo rt she a tranny if she can open a jar of pickles by herself,1,0,0.01309468250888782
That old lassie in greggs is a total bitch man,that old lassie in greggs is a total bitch man,0,0,0.009154169044411993
RT @CauseWereGuys: How to get unlimited pussy in high school http://t.co/0yaDezrREr,rt how to get unlimited pussy in high school,0,0,0.020235452842689836
Slide in the pussy like a surfboard,slide in the pussy like a surfboard,0,0,0.00771131428641471
@BlakeAnderson21 Rollin coal bitches ready to blow ready set GO!,rollin coal bitches ready to blow ready set go,0,0,0.0032450178186606477
&#8220;@NiggaImTatted: Niggas want a good girl but still wanna fuck with hoes but that ain't gone work. Gotta pick one&#8221;&#128514;&#128514;&#128514; boy stfu,niggas want a good girl but still wanna fuck with hoes but that aint gone work gotta pick one boy stfu,0,0,0.04138421280419766
"RT @_AD4: Why all ghetto chicks gotta smell like love-spell. Or that cucumber shit, bath &amp; body works!",rt why all ghetto chicks gotta smell like lovespell or that cucumber shit bath amp body works,0,0,0.012842653418152727
@DoeMostDope @mattrbennett209 @JohnnieGoings ha booner has that twitter @boone_boone5356 ha,ha booner has that twitter ha,0,0,0.06195046071343691
"Somebody toss this bitch a Dasani or something, gurl is #THIRSTY",somebody toss this bitch a dasani or something gurl is,0,0,0.015655588465147835
@CrackerJhak Because you're a fag,because youre a fag,1,0,0.405889391175529
"RT @ImNotTwitFamous: How to deal with cyber bulling:

1:log out

2:go outside 

3:that's it,stop being a pussy",rt how to deal with cyber bulling 1log out 2go outside 3thats itstop being a pussy,0,0,0.01854455403392909
"#porn,#android,#iphone,#ipad,#sex,#xxx, | #Masturbation | A very hot black tranny is mastu http://t.co/OfGGMLXQAj",a very hot black tranny is mastu,0,0,0.08179674118486735
@GrizzboAdams @wyattnuckels haha ight nig calm yoself,haha ight nig calm yoself,1,0,0.06200858217474437
Tonight I gotta take a dope ass picture wit a bad bitch while I'm drunk so I can change my avi. I'm tired of seeing this one already,tonight i gotta take a dope ass picture wit a bad bitch while im drunk so i can change my avi im tired of seeing this one already,0,0,0.005901138280744614
I beat that pussy up up up up,i beat that pussy up up up up,0,0,0.018634857276174848
I slam duunkk hoes cuz I can't lay up,i slam duunkk hoes cuz i cant lay up,0,0,0.008939391667503687
If you don't fuck with @ChrisWebby your either A) slackin B) a turd burgular C) a pussy face. or D) all of the above #WhichIsIt ?,if you dont fuck with your either a slackin b a turd burgular c a pussy face or d all of the above,0,0,0.03150257761690033
dealing with your bitch ass is so annoying,dealing with your bitch ass is so annoying,0,0,0.009706516998442242
RT @Manstagram_: When your trying to resist the urge to smack a bitch http://t.co/8eQ3xB8Cjb,rt when your trying to resist the urge to smack a bitch,0,0,0.030369686288478366
Padre /Yankee/Angel fans need to stfu,padre yankeeangel fans need to stfu,0,0,0.07677870033406196
RT @YepillPosts: If I had a dollar for every time I died on flappy bird http://t.co/pj8QSBTe2L,rt if i had a dollar for every time i died on flappy bird,0,0,0.005989692947431694
Ain't nothing funnier then watching a woman try to hide her inner hoe &#128514;&#128514;&#128514; know she like to get hit from the back and have a finger...nvm,aint nothing funnier then watching a woman try to hide her inner hoe know she like to get hit from the back and have a fingernvm,0,0,0.013799389825201553
@Alejandro_Bihhh lol I was bout to say. Shit income tax in I'm Tryna find me a bitch for a couple weeks,lol i was bout to say shit income tax in im tryna find me a bitch for a couple weeks,0,0,0.004546085239945409
"ima beast dese niggas food so ima jus eat dat, if dat pussy bad big poppa gon beat dat",ima beast dese niggas food so ima jus eat dat if dat pussy bad big poppa gon beat dat,0,0,0.010411930991652964
@Fapplebee dude tell me why that's so true my mom has this friends from Texas trying to hype redskin football and shit,dude tell me why thats so true my mom has this friends from texas trying to hype redskin football and shit,0,0,0.051438979082319265
Michigan is a big state. The hoes on Twitter and Instagram make just it smaller.,michigan is a big state the hoes on twitter and instagram make just it smaller,0,0,0.007872609774079952
Basically saying that the pound doesn't belong to us and it's English... Greedy cunts,basically saying that the pound doesnt belong to us and its english greedy cunts,0,0,0.07519481204818693
Twitter pic flossin hoes talkin @Papa_Woodall @fatstinker,twitter pic flossin hoes talkin,0,0,0.025791660806521732
RT @littlemspaige_: All my bitches bigger than me they where sizes 9-11&#128514;&#128514;&#128514; so I can't fit they shit I'd looked dumb af,rt all my bitches bigger than me they where sizes 911 so i cant fit they shit id looked dumb af,0,0,0.004912604950483396
RT @YoungCon1266: Listen to Charlie Daniels speak the truth &amp; then enlist in the U.S. FREEDOM ARMY at http://t.co/cxzfajqUfV. http://t.co/k&#8230;,rt listen to charlie daniels speak the truth amp then enlist in the us freedom army at,0,0,0.08778694227978186
Niggas gossip like hoes man I ain't wid that shit,niggas gossip like hoes man i aint wid that shit,0,0,0.033642529320115196
That's a legal tackle faggot RT @PP_Rich_Hill: Seriously? http://t.co/lMyhrBKxZX,thats a legal tackle faggot rt seriously,0,0,0.2483707751171569
Wish I would let you dig in my pockets ... God bless you w/ breath in your body... Lazy ass bitch get up &amp; start grinding,wish i would let you dig in my pockets god bless you w breath in your body lazy ass bitch get up amp start grinding,0,0,0.0008286496589299039
@baileymw22 you're the sole reason I come to that chipotle incase you didn't know. Keep up the good work babe,youre the sole reason i come to that chipotle incase you didnt know keep up the good work babe,0,0,0.012395536672001443
"""@Poetic_Success: I hate when strippers tell you they're ""dancers"". Hoe, ballet dancers don't pop their pussy to Beethoven. You a STRIPPER!""",i hate when strippers tell you theyre dancers hoe ballet dancers dont pop their pussy to beethoven you a stripper,0,0,0.016396314725177507
"' Make a niggah buy a ring for ya finger &#1042469; , Jimmies for ya feet &#1043353; Jeans for that back &#1041191; lingerie for the... http://t.co/MxwTT9H4nc",make a niggah buy a ring for ya finger jimmies for ya feet jeans for that back lingerie for the,0,0,0.017517232264573693
Fuck them kids bitch,fuck them kids bitch,0,0,0.028361043285494894
&#9733; BEST ASIAN MASSAGE ON THE park slope --TOP RATED SPA &#9733; 718-622-0221 - 24 http://t.co/pxwlZkWaCs,best asian massage on the park slope top rated spa 7186220221 24,0,0,0.007541374053464443
#philhughes @Yankees #nyy better then UR whole team,better then ur whole team,0,0,0.09221219127284208
&#128514;&#128557; I have to explore the pussy out there @Austin__321 http://t.co/GER0IPaBPA,i have to explore the pussy out there,0,0,0.016788265662320907
I will beat a bitch ass tf,i will beat a bitch ass tf,0,0,0.021854372133737865
"My sister is a bitch. My nephew got his first haircut, and he's bald &#128557;",my sister is a bitch my nephew got his first haircut and hes bald,0,0,0.027891529384870717
How could you do this to me bitch!!!,how could you do this to me bitch,0,0,0.015965330716316832
"@BillPeriman Send all the fucking muzzies home, now doj come and get me motherfuckers",send all the fucking muzzies home now doj come and get me motherfuckers,0,0,0.1248750904359651
Like bitch that aint even attractive Smh,like bitch that aint even attractive smh,0,0,0.005261396739237522
If u got yo shit pulled Upp past yo bellybutton YOU ARE TOO OLD FOR YOGA PANTS bitch it aint 1983,if u got yo shit pulled upp past yo bellybutton you are too old for yoga pants bitch it aint 1983,0,0,0.00721617430871121
@TheOneMiss_Luu This is true. That bitch has two accounts @PoniesForever7,this is true that bitch has two accounts,0,0,0.032476255248910325
"RT @Rockprincess818: Obama is Allowing millions of illegal aliens, drug cartels, and terrorists to enter our open borders...Liberal retards&#8230;",rt obama is allowing millions of illegal aliens drug cartels and terrorists to enter our open bordersliberal retards,0,0,0.40177803819449237
Sweet Jesus #morningjoe are you going to split screen Rep James Clyburn &amp; Charlie Daniels at the same time? #morningjoe,sweet jesus are you going to split screen rep james clyburn amp charlie daniels at the same time,0,0,0.007314949009024411
Niggas killin the same nigga's they grew up with &amp;&amp; these bitches fuckin the same nigga's they homegirl was inlove with.,niggas killin the same niggas they grew up with ampamp these bitches fuckin the same niggas they homegirl was inlove with,0,0,0.23889246787376803
RT @Erikaj00: &#8220;@Treslyon: &#8220;@Erikaj00: I saw a girl scratch her private today.. What that mean?&#8221; Don't fuck her right in the pussy&#8221; lmaoooo,rt i saw a girl scratch her private today what that mean dont fuck her right in the pussy lmaoooo,0,0,0.002969600822964765
This new avi trash or nah,this new avi trash or nah,0,0,0.031890884259981635
RT @EastSideKris: Lebron a bitch.....Drake performed with a torn ACL at the MTV Awards....,rt lebron a bitchdrake performed with a torn acl at the mtv awards,0,0,0.08018542535614802
"RT @petertrvjillo: Listen here you beautiful bitch, I'm about to fuck you up with some truth.",rt listen here you beautiful bitch im about to fuck you up with some truth,0,0,0.06214348224399049
Lord RT @Bbbnnnnnnas: @cocainemodel just shut up you pathetic ass bitch you're so worthless,lord rt just shut up you pathetic ass bitch youre so worthless,0,0,0.10617040114305344
Up too early the damn birds are still chirping smh.,up too early the damn birds are still chirping smh,0,0,0.01098555237177623
@rachel_gautreau @babyydrey hey Rachel G my name isint Kenneth ok let's just get that straight &#128070; you best be backing off before I go ghetto,hey rachel g my name isint kenneth ok lets just get that straight you best be backing off before i go ghetto,0,0,0.006608137369945118
RT @AugustAlsina: &#8220;@SharaPlus2: #AskAugust How Tall are you? I keep getting different answers from different people &#127806;&#128064;&#127806; @AugustAlsina&#8221;&lt; abo&#8230;,rt how tall are you i keep getting different answers from different people lt abo,0,0,0.07382611421266526
Alibaba / Jack Ma: Gotta love a guy who beat Meg Whitman's albino ass back to the US. Freakin' commie genius.,alibaba jack ma gotta love a guy who beat meg whitmans albino ass back to the us freakin commie genius,0,0,0.04237764476930027
@TheJustinnn @toddkincannon @realbrother0003 He's a pussy,hes a pussy,0,0,0.016328061597515205
"RT @SportsNation: So, Yanks have signed Brian McCann &amp; Jacoby Ellsbury. Rumor has it, they still want Robinson Cano, Babe Ruth, Miguel Cabr&#8230;",rt so yanks have signed brian mccann amp jacoby ellsbury rumor has it they still want robinson cano babe ruth miguel cabr,0,0,0.016144534582221138
"I""M THE MOTHER FUCKIN"" #UGLY&gt; #badguy&gt; #bitches&gt; #EliWallach TYPE SHIT #BreakingBad is a joke about #noose RIGS #LeeVanCleef #sports&gt;",im the mother fuckin gt gt gt type shit is a joke about rigs gt,0,1,0.9372078773306637
"RT @vodkapapixo: Black girls have never been into me. I guess cause I don't call them hoes, sell drug's or shoot niggas o well.",rt black girls have never been into me i guess cause i dont call them hoes sell drugs or shoot niggas o well,1,0,0.002889372557467856
jig levitating for lousiville,jig levitating for lousiville,0,0,0.030971731183676
Man I can't stop looking at this hoe twerking on my Facebook,man i cant stop looking at this hoe twerking on my facebook,0,0,0.008878582751936785
Let those bitches keep loving sosa,let those bitches keep loving sosa,0,0,0.0036751753474604807
"No these are only whites pies.
Well do you have any negro pies?",no these are only whites pies well do you have any negro pies,1,0,0.07407257525242956
"""@El_Grillo1: Pit Bulls Photographed As Lovely Fairy Tale Creatures http://t.co/Q0Sm89oOLh&#8221;

They *are* fairy tale creatures.",pit bulls photographed as lovely fairy tale creatures they are fairy tale creatures,0,0,0.026394880179231424
"This ""Deb"" women at my eye appointment.. bitch",this deb women at my eye appointment bitch,0,0,0.0245449750230726
I know righttt RT @dta_87: I hate fat loud bitches,i know righttt rt i hate fat loud bitches,1,0,0.14516513046584642
"RT @YABOYTOSH: Dad: Why are your eyes so red?Son: I smoked weed, Dad.Dad: Don't lie to me, you were crying because you are a faggot.",rt dad why are your eyes so redson i smoked weed daddad dont lie to me you were crying because you are a faggot,0,0,0.2594757096310445
RT @ireland_roseee: @savanigga half of it will be about how you became ghetto in Compton.,rt half of it will be about how you became ghetto in compton,0,0,0.032863138585929826
pussy ppppoppin on my poppers so the cops see bitcheZzz,pussy ppppoppin on my poppers so the cops see bitchezzz,0,0,0.014981036882490795
RT @O_tunj: Dance monkey dance,rt dance monkey dance,0,0,0.05531733001733478
Your bitch only wanna fuck when you doing something that has nothing to do with her.Like playing video games or watching the game.,your bitch only wanna fuck when you doing something that has nothing to do with herlike playing video games or watching the game,0,0,0.014165106516339076
@selenalinn_ the jets are trash my bad i see what you meant &#128514;,the jets are trash my bad i see what you meant,0,0,0.029121393454427238
"RT @DaRealKha: ""I'm sorry but side bitches better than a wife in this era...check the stats B lol""",rt im sorry but side bitches better than a wife in this eracheck the stats b lol,0,0,0.0037537175569689546
"RT @iAmKilo_Bae: Its 2 things in this world that I aint seen, thats a UFO &amp; a bitch that I need !!",rt its 2 things in this world that i aint seen thats a ufo amp a bitch that i need,0,0,0.0010121076439789203
@Carxlito PS3 and case is still in the trash can. idgaf anymore,ps3 and case is still in the trash can idgaf anymore,0,0,0.031058989708022917
Fuck that bitch,fuck that bitch,0,0,0.04530017553654269
Lmaoooooo lil Dave you a hoe for that,lmaoooooo lil dave you a hoe for that,0,0,0.011772813622954575
I think every bitch wit a tongue piercing suck dick im just being real,i think every bitch wit a tongue piercing suck dick im just being real,0,0,0.009393224660654297
"RT @dontesydnor: when kanye said ""mayonnaise colored benz, i push miracle whips"" http://t.co/iizYdfbZCg",rt when kanye said mayonnaise colored benz i push miracle whips,0,0,0.0835680724400829
@Fardousaa becuz no man should celebrate his bday at a drreams #faggot,becuz no man should celebrate his bday at a drreams,1,0,0.07551017497305461
RT @thereal_EMandM: Yankee Doodle had a farm. Cotton farm,rt yankee doodle had a farm cotton farm,0,0,0.030378905908438763
Oscar Taveras went yardie in his 2nd career MLB at bat. What a stud.,oscar taveras went yardie in his 2nd career mlb at bat what a stud,0,0,0.024958660556054484
Delete this! Lmao RT @SedSince81: bruno mars and el debarge both cop blow from the same nicca....but don't mind me tho,delete this lmao rt bruno mars and el debarge both cop blow from the same niccabut dont mind me tho,0,0,0.05200185902069178
RT @Annnna_dav69: Ima make you my bitch &#128521;,rt ima make you my bitch,0,0,0.009436288009534598
".@reddroostermann 's love of Obama is unrequited, however. Obama is clearly Putin's bitch.",s love of obama is unrequited however obama is clearly putins bitch,0,0,0.041664081677454445
"RT @AlmightyVinny_: ""I'm a soft more""&#128514;&#128514;&#128557; hoes dumb man",rt im a soft more hoes dumb man,0,0,0.01578021237632076
shitting on these crusty hoes http://t.co/1oOHx1y6Xt,shitting on these crusty hoes,0,0,0.013735114726745852
@Rawker8 @Ronnie2K @NBA2K get some money and stop playing that old trash.,get some money and stop playing that old trash,0,0,0.0116575867311297
@_C_Parris69_ your picture makes you look like a serious fag. #justsayin lol,your picture makes you look like a serious fag lol,1,0,0.3584416947450172
Can't neva be a sucka for no bitch.. That ain't me,cant neva be a sucka for no bitch that aint me,0,0,0.0035698563959958274
"If she aint talkin to you , then who she talking to ? Cus you know bitches cant stop talking #TrustIssues",if she aint talkin to you then who she talking to cus you know bitches cant stop talking,0,0,0.016575716975405278
@seanlo10s bitch you look like a deformed version of rocky,bitch you look like a deformed version of rocky,0,0,0.007914162397121787
Come back hoe @kati_dupree843 http://t.co/1UPxvDJJNa,come back hoe,0,0,0.02188514143448231
"just saw the words ""tinker tailor soldier spy"" and muttered ""no"" aloud @jennyyhernandez @chellyhernandez",just saw the words tinker tailor soldier spy and muttered no aloud,0,0,0.009078587041714456
@YellabeautyKC home coon,home coon,0,0,0.3744544664569877
&#8220;@verkannt__: &#8220;@what_evaittakes: Nasty pay the bills bitch&#128540;&#8221;&#128524;&#128524;&#8221;&#128514;&#128514;&#128514;,nasty pay the bills bitch,0,0,0.018848374615701838
"HOT #ISIS SOCIAL MEDIA PHOTO: Laughing Jihadis Get Baby To Kick Severed Head &#8211; ***warning, graphic*** http://t.co/XdpSzwj6sK #lnyhbt #tgdn",hot social media photo laughing jihadis get baby to kick severed head warning graphic,0,0,0.03770535286131218
How come I won't pray but find time for a bitch,how come i wont pray but find time for a bitch,0,0,0.04761784825593238
@TinnyTimm taylor wack ass bitch nigga,taylor wack ass bitch nigga,0,0,0.035135769493111514
"Twice divorced teabagger Florida Attorney General says marriage is reserved for 'stable, enduring family units' http://t.co/9ZWr3O33iu #wtf",twice divorced teabagger florida attorney general says marriage is reserved for stable enduring family units,1,0,0.056305249472713766
RT @o_youmad: You a hoe &#8220;@VillageBae: I just thought you were cute that&#8217;s why I kissed you&#8230;&#8221;,rt you a hoe i just thought you were cute that s why i kissed you,0,0,0.01678543650113412
Did we just become best friends with these hoes on the boat? Well probably so but we don't love em tho,did we just become best friends with these hoes on the boat well probably so but we dont love em tho,0,0,0.0009161312763459698
"@Mr2damngood4u ....you tink u done made a funny? nigga come #lookatathehood&gt; I got nightclubs, trannies, crackheads, dealers, COME AT ME&gt;",you tink u done made a funny nigga come gt i got nightclubs trannies crackheads dealers come at megt,0,0,0.27833988872056487
@AbstractLife yeah. can't lie tho spitting on a cop car right with their bitch ass in it feels damn good.,yeah cant lie tho spitting on a cop car right with their bitch ass in it feels damn good,0,0,0.0021444684013792073
Idk what's worse then a broke hoe with potential,idk whats worse then a broke hoe with potential,0,0,0.01855656607423538
"Bitch ass nigga, be hating on black women... Uncle Tom bitch punk.",bitch ass nigga be hating on black women uncle tom bitch punk,1,1,0.5956687098798761
u lucky he holdin me back bitch http://t.co/HanER6B9Ts,u lucky he holdin me back bitch,0,0,0.008492206139030564
It ain't nothing to cut that bitch off,it aint nothing to cut that bitch off,0,0,0.012125825871822787
&#8220;@Sair____: you lucky ashit if you got the shawty you want .. &#128527;&#128175;&#8221; a niggah just tryna keep her,you lucky ashit if you got the shawty you want a niggah just tryna keep her,0,0,0.021058026950289816
"1. Pretty close &#8220;@Rosegoldracks: 0 trash ass nigga
@07Cannon: &#8220;@Rosegoldracks: Quote this and I'll guess your body count&#8221;&#8221;",1 pretty close 0 trash ass nigga quote this and ill guess your body count,0,0,0.010390619051472698
Where the hoes at...,where the hoes at,0,0,0.01755814964753596
"@piersmorgan shut up with your arsenal already, you bitch!",shut up with your arsenal already you bitch,0,0,0.03218416792914937
Why you gotta be such a hoe smh I ain't captain save a hoe !!,why you gotta be such a hoe smh i aint captain save a hoe,0,0,0.005241026360874898
RT @thecoreyholcomb: Long finger dike hoes be pulling off their gloves instead of winking at bitches they trying to suck,rt long finger dike hoes be pulling off their gloves instead of winking at bitches they trying to suck,0,0,0.0037846175188094803
I'm saying though!! &#128514;&#128514;&#128553;&#128553; RT @___bria: all my panties be vs. ion look like these bitches tho,im saying though rt all my panties be vs ion look like these bitches tho,0,0,0.0008905264727598486
@Reed8608 My nigga know he a bitch,my nigga know he a bitch,0,0,0.04076538351321438
A man will cheat on his woman.. Fuck 20 different bitches in 1 year.,a man will cheat on his woman fuck 20 different bitches in 1 year,0,0,0.007922954398310257
Stop whacking off in the shower queer boy! @Ilovebamf,stop whacking off in the shower queer boy,0,0,0.19680208673759272
@bbhairs when you get famous I'm buyin yo art so me and my bitch can have dat shit all in da crib,when you get famous im buyin yo art so me and my bitch can have dat shit all in da crib,0,0,0.047655006324543656
@Ms_Marrie I'm so tipsy... I just tried to relate hoes to mild sauce and make it relevant lol,im so tipsy i just tried to relate hoes to mild sauce and make it relevant lol,0,0,0.014669144167361429
If her mom was/is a hoe then she's most likely a hoe too. Where do you think she learned it from?,if her mom wasis a hoe then shes most likely a hoe too where do you think she learned it from,0,0,0.026297212523441953
"RT @JohnnyFootbalI: Yeah start me as your flex player next week. Trick plays, catching passes, flipping the bird, smashing asses, should al&#8230;",rt yeah start me as your flex player next week trick plays catching passes flipping the bird smashing asses should al,0,0,0.00023685852518516925
@Rachijuana I popped a Molly every day last year #beat#that#bitch,i popped a molly every day last year,0,0,0.031043085014204067
"""@CB_Baby24: @white_thunduh alsarabsss"" hes a beaner smh you can tell hes a mexican",alsarabsss hes a beaner smh you can tell hes a mexican,1,0,0.29718201838335134
@Yankees Only good thing about this season. #FireCashman .,only good thing about this season,0,0,0.02477562736720845
"""@PatrickQuelo: If yo girl cant have homeboys you a ol weak bitch ass nigga!""",if yo girl cant have homeboys you a ol weak bitch ass nigga,0,0,0.05145826823892848
RT @MANIAC3X: Lmaooo The Cleveland G00n sent DRose to hell last night in his own home and this faggot @NotoriousBM95 disappeared,rt lmaooo the cleveland g00n sent drose to hell last night in his own home and this faggot disappeared,0,0,0.13813376213912434
"Preparing to be called a ""nigger"" all night.. I mean play COD all night. #AdvancedWarfareDayZERO",preparing to be called a nigger all night i mean play cod all night,0,0,0.1651257248117548
"@edwards_cait ghetto, driving a nice car, and not having to pay a lot for rent. I drive a Lexus, and pay little rent. Just saying.",ghetto driving a nice car and not having to pay a lot for rent i drive a lexus and pay little rent just saying,0,0,0.0012848662917735083
Honestly at this point I doubt I'd fuck Miley Cyrus anymore that bitch is a mess.,honestly at this point i doubt id fuck miley cyrus anymore that bitch is a mess,0,0,0.05785627581076751
RT @LikeJordanGAF: Pity parties are trash &amp; I don't throw them .,rt pity parties are trash amp i dont throw them,0,0,0.021138473860769058
"RT @ThePartyCodes: If my jokes offend you: 

1. I'm sorry 
2. It won't happen again 
3. 1 &amp; 2 are lies 
4. You're a pussy",rt if my jokes offend you 1 im sorry 2 it wont happen again 3 1 amp 2 are lies 4 youre a pussy,0,0,0.002733633938662046
@CinWicked Did you just call My Sweet Baboo a ho?!?!,did you just call my sweet baboo a ho,0,0,0.01936342657782183
pimps up hoes down!!! http://t.co/NuI9uJvfA2,pimps up hoes down,0,0,0.01634070231517961
RT @manchild1077: Oreo Speedwagon #FatBands,rt oreo speedwagon,0,0,0.015117715021967749
@TheNudesGod can fucking a fat bitch be considered a threesome ?,can fucking a fat bitch be considered a threesome,0,0,0.05398868492752391
"&#8220;@DrakeTakeCare12: You don&#8217;t listen when I talk, maybe you&#8217;ll listen when I walk.&#8221; That bitch still won't listen",you don t listen when i talk maybe you ll listen when i walk that bitch still wont listen,0,0,0.005601796837708057
RT @_honeysays: &#8220;@NipseyHussle: Sometime u gotta shut down all tha fun and get tha $ rite. get ugly on these hoes and EAT!&#8221;,rt sometime u gotta shut down all tha fun and get tha rite get ugly on these hoes and eat,0,0,0.006087567620716404
This ain't no mf http://t.co/dOOeogiROg bitch ass.,this aint no mf bitch ass,0,0,0.01680914763680008
&#128583;&#128583;&#128583;&#128583; can y'all females let this sink in for min? Moment of silence to get y'all bitches thinking right? http://t.co/cDN0dEYCkO,can yall females let this sink in for min moment of silence to get yall bitches thinking right,0,0,0.0003933088669434412
@kieffer_jason wtf u think u ole pussy ass nigga,wtf u think u ole pussy ass nigga,0,0,0.09419074089563087
I feel like slapping a bitch,i feel like slapping a bitch,0,0,0.010028375411362787
@lcxancilleri faggot,faggot,1,0,0.42632796440691967
This one for dem hipster bitches that shop at value village,this one for dem hipster bitches that shop at value village,0,0,0.020707790204283663
"&#8220;@concretesledge_: Gwyneth Paltrow you ugly ass big bird looking bitch, shut the fuck up.&#8221; &lt;&lt;That's pretty much IN YOUR FACE!
Bravo!",gwyneth paltrow you ugly ass big bird looking bitch shut the fuck up ltltthats pretty much in your face bravo,0,0,0.020304895721005776
RT @Durags4Eva: Bulls still not winning the title with this bland ass offense. Pau still a pussy. No darkskin niggas in the starting line u&#8230;,rt bulls still not winning the title with this bland ass offense pau still a pussy no darkskin niggas in the starting line u,0,0,0.27765570885663177
Karma is a bitch,karma is a bitch,0,0,0.009447223084002013
"""@xoxoclauudia: YASSSSSS, ORDERED CHINESE &#128079;"" bitch you just ate tacos you fat fuck",yassssss ordered chinese bitch you just ate tacos you fat fuck,0,0,0.08043646737227854
@Coley_Cee didn't I just say I thought u told me to delete them so I deleted them bitch,didnt i just say i thought u told me to delete them so i deleted them bitch,0,0,0.015704037287221216
@EatMyTattoos that was real nicca shit tho lol,that was real nicca shit tho lol,0,0,0.020956595766467478
"Forget ""resting bitch face,"" the next hot new trend will be ""resting drunk face.""",forget resting bitch face the next hot new trend will be resting drunk face,0,0,0.04247640238947531
"RT @taylorrDiane: When a sideline hoe gets mad, BITCH SHUT UP! You was okay with being second ALL this time, now all of sudden it's a probl&#8230;",rt when a sideline hoe gets mad bitch shut up you was okay with being second all this time now all of sudden its a probl,0,0,0.0033983081855833656
drake needs to make up his mind. Be a rapper or a bitch? haha,drake needs to make up his mind be a rapper or a bitch haha,0,0,0.02068817655964117
"Re: Alexander Skarsgard, my roommate has declared: ""He's a sexy albino lizard. i dont know how that's sexy, but it kinda is.""",re alexander skarsgard my roommate has declared hes a sexy albino lizard i dont know how thats sexy but it kinda is,0,0,0.005278384730699455
"RT @RedTvvitter: ""Does my Mewtwo make your pussy wet?"" http://t.co/W4zzHr6Kum",rt does my mewtwo make your pussy wet,0,0,0.00927693933445997
"Sit on my face, M U A H, before i eat da pussy, i say my grace &#128591;",sit on my face m u a h before i eat da pussy i say my grace,0,0,0.0371751345100191
"When niggas wanna cheat they start an argument with their girl... ""bitch i told you i hate ketchup on my hotdogs, fuck this im out""",when niggas wanna cheat they start an argument with their girl bitch i told you i hate ketchup on my hotdogs fuck this im out,0,0,0.04211959822948788
Mann.. Jada Pickett was a badddddd bitch #Lawd,mann jada pickett was a badddddd bitch,0,0,0.012281502862483574
@davidly62793584 how many fuckin fags did a even get? Shouldnt be allowed into my wallet whilst under the influence haha,how many fuckin fags did a even get shouldnt be allowed into my wallet whilst under the influence haha,1,0,0.31515910736330105
RT @cpSqueak: each time I do it for ya I make that bad pussy behave,rt each time i do it for ya i make that bad pussy behave,0,0,0.006213349236671288
DMV nigguh dress funny as hell,dmv nigguh dress funny as hell,0,0,0.0061581425145258864
"2Pac was real af on ""Temptations"". Thats exactly how it be for niggas getting money and bitches",2pac was real af on temptations thats exactly how it be for niggas getting money and bitches,0,0,0.029251458652977198
"RT @GOPBlackChick: The racists are @msnbc and its crew of anchors. Not ""right wing "" folks. @MHarrisPerry mocks mixed GOP kids.
http://t.co&#8230;",rt the racists are and its crew of anchors not right wing folks mocks mixed gop kids,0,0,0.035159395792281625
"Especially dem souf niccas, dat shit was outrageous",especially dem souf niccas dat shit was outrageous,0,0,0.052796390197924474
"""Wow you are a bitch"" 
 Yes that's already been established, anything else you have to say?",wow you are a bitch yes thats already been established anything else you have to say,0,0,0.018140391119866837
RT @LilReese300: @trippygalll @StoneCold__ bum ass bitch u look like a hype Thot ass u a hot ready dirty ho &#128514;,rt bum ass bitch u look like a hype thot ass u a hot ready dirty ho,0,0,0.009718892261556138
First key club trash pick up with the freshman! #tbt http://t.co/rpLXlaylOJ,first key club trash pick up with the freshman,0,0,0.016032910944889588
"RT @MindCertified: If you're a hoe, don't expect princess treatment...",rt if youre a hoe dont expect princess treatment,0,0,0.06246127872603026
A girl who getting it in school and work.... I applaud you! Y'all the real bitches! Y'all doing what you do and doing it well!,a girl who getting it in school and work i applaud you yall the real bitches yall doing what you do and doing it well,0,0,0.002415257720020468
This bitch so ratchet,this bitch so ratchet,0,0,0.008698014587225857
"@kade_melton he triesto cause drama between people, he said that you called me a bitch, and i know you didnt hahahaaha",he triesto cause drama between people he said that you called me a bitch and i know you didnt hahahaaha,0,0,0.007283549396931149
"Dawg, what the fuck happened to ""so and so"" where did they go? Too worried bout bitches and fashion they go missing in action..",dawg what the fuck happened to so and so where did they go too worried bout bitches and fashion they go missing in action,0,0,0.007418686489210172
RT @bniceloco: Charlie Sheen is the realest nigga alive http://t.co/pk0nEjIOVh,rt charlie sheen is the realest nigga alive,0,0,0.02306187361895512
&#8220;@saidtina: @uce_INA I really hate Poly bitches.&#8221; You and me both man,i really hate poly bitches you and me both man,0,0,0.05929615905709048
Sosa on the beat ho,sosa on the beat ho,0,0,0.04685846143954494
"RT @TooRacist: A black man asked me ""Hey white boy, do you like niggers?""

""Well I wouldn't use that word personally"" I said, ""Like is a st&#8230;",rt a black man asked me hey white boy do you like niggers well i wouldnt use that word personally i said like is a st,0,1,0.6493077692008685
RT @MikeDevrnja: &#8220;@SavannaaSanford: sucha hoe&#8221; @GAYD69,rt sucha hoe,0,0,0.015228315178795734
"@firemunky I said I'm a vagina, but not a fag. Who HASN'T seen that movie?",i said im a vagina but not a fag who hasnt seen that movie,0,1,0.56382439103091
@aurabogado el negro?,el negro,0,0,0.09923382423085544
"RT @Lauren_Fawx: &#8220;@ItsNotAdam: @ItsNotAdam Adam is a sexy bitch&#8221;

Conceded ass 

(Jk ilusm)",rt adam is a sexy bitch conceded ass jk ilusm,0,0,0.00996280702075039
I hate bitches that have attitudes all the time,i hate bitches that have attitudes all the time,0,0,0.011387312053808805
#Ebola Great and I thought the panic from bird flu was bad. I really ain't got time for that.,great and i thought the panic from bird flu was bad i really aint got time for that,0,0,0.002636893388665381
"RT @LariDodi: Seven grams in the blunt, almost drowned in her pussy so I swam to her butt RT @TryHardSilva: Quote this with a weezy verse",rt seven grams in the blunt almost drowned in her pussy so i swam to her butt rt quote this with a weezy verse,0,0,0.009413513557408631
@BitchImaStunna @VeshaaCouture lmao bitch shut up,lmao bitch shut up,0,0,0.058155619302464434
"RT @RMcElhenney: New to the game but as I understand it, the first rule of soccer is ""whichever team acts more like a bitch shall be awarde&#8230;",rt new to the game but as i understand it the first rule of soccer is whichever team acts more like a bitch shall be awarde,0,0,0.052268744851257924
@scronybitch @TryHardSilva no bitch,no bitch,0,0,0.015965330716316832
Wait What?! &#128557;&#128557;&#128564;&#128564;&#8220;@TaeCocky: You a faggot if you wear a seat beat&#8221;,wait what you a faggot if you wear a seat beat,0,0,0.3403441324344065
Many people claiming slippery slope is now absolute are same ones who said slippery slope is an argument for the paranoid delusional. #tcot,many people claiming slippery slope is now absolute are same ones who said slippery slope is an argument for the paranoid delusional,0,0,0.004696720205475748
There's gotta be like 20 white trash motherfuckers living in that house and I don't think any of them have a job,theres gotta be like 20 white trash motherfuckers living in that house and i dont think any of them have a job,0,0,0.23549689942680527
@GrizzboAdams ight nigga haha fucking queer has to clear his schedule,ight nigga haha fucking queer has to clear his schedule,1,0,0.4330326540166225
"RT @ImNeverChillin: When yo phone go off in class &amp; the teacher say ""turn that trash off"" but it's one of the songs on yo mixtape http://t.&#8230;",rt when yo phone go off in class amp the teacher say turn that trash off but its one of the songs on yo mixtape,0,0,0.009856764777575685
"Dem hoes more &#128686; &#8220;@LeanandCuisine: This nigga out here fucking retired widows &#8220;@Irsuns: New Race, fuck Black Woman http://t.co/tCSiJi6a0D&#8221;&#8221;",dem hoes more this nigga out here fucking retired widows new race fuck black woman,0,1,0.7110443075614783
You hoes ain't got no real friends cause the shit I be seeing boyyyyyyyy&#128563;&#128563;&#128563;&#128563;&#128563; my friends ah burry me 6 ft under oml if I'm ever slipping,you hoes aint got no real friends cause the shit i be seeing boyyyyyyyy my friends ah burry me 6 ft under oml if im ever slipping,0,0,0.0028555195943023104
Fuck what a bitch saying the hood love me,fuck what a bitch saying the hood love me,0,0,0.016340496014948972
Dear inconsiderate ghetto fuck on the train across from me: ya know your phone has options other than speaker phone right?!?,dear inconsiderate ghetto fuck on the train across from me ya know your phone has options other than speaker phone right,0,0,0.08387789058011182
I'm about to jog higher this stupid bitch ass hoe @mf saab1@t_jawad89 @,im about to jog higher this stupid bitch ass hoe saab1,0,0,0.05177094354299922
"Every time I play a Patapon game and hear the ""Ushishi Theme"", I think of a beatboxing monkey. ""YO YO YO GET UPPA!!!""",every time i play a patapon game and hear the ushishi theme i think of a beatboxing monkey yo yo yo get uppa,0,0,0.08035027755296208
"&#8220;@BigMamaaTee: There's a difference between being actually crazy &amp; aspiring crazy&#8221; real shit . I can't stand ""fake crazy"" bitches",theres a difference between being actually crazy amp aspiring crazy real shit i cant stand fake crazy bitches,0,0,3.913261582212742e-05
"RT @DFkinLopes: Me: You're a hoe
Hoe: You wasn't saying that August 12, 2014 at 7:22 PM
Me: Well you're a hoe today on October 1st 2014 at &#8230;",rt me youre a hoe hoe you wasnt saying that august 12 2014 at 722 pm me well youre a hoe today on october 1st 2014 at,0,0,0.00012526797034517414
RT @CommonWhiteGirI: hiding your favorite snacks from your family bc you're a selfish bitch,rt hiding your favorite snacks from your family bc youre a selfish bitch,0,0,0.061637853543973
"Bro's before hoes, not bro's over your girlfriend",bros before hoes not bros over your girlfriend,0,0,0.0034287651697398913
@MoenKiana I am working fag,i am working fag,0,1,0.5213142493381171
"Hey everybody,
The White Iron Band plays this Saturday(12-11-10) on the Slopes of Lutsen,MN at Papa Charlie&#8217;s(21+). Going to be a real...",hey everybody the white iron band plays this saturday121110 on the slopes of lutsenmn at papa charlie s21 going to be a real,0,0,0.004771016089449415
"RT @TheCockiestMan: ""She's really nice when you get to know her!"" = She's a bitch but you'll get used to it.",rt shes really nice when you get to know her shes a bitch but youll get used to it,0,0,0.057103811931248305
@GorgeousCamry_ ight bitch ima see u,ight bitch ima see u,0,0,0.030539348056004365
@_icantmiss send that hoe &#128514;&#128514;,send that hoe,0,0,0.018525040511106153
Niccas get a few dollars and start playing these roles tryna shit on yo niccas instead of playing these hoes &#128530;&#128530;,niccas get a few dollars and start playing these roles tryna shit on yo niccas instead of playing these hoes,0,0,0.002634819432229935
This white bitch tried to set me up for a racial war ... Lol bitch it's impossible I'm smarter then you,this white bitch tried to set me up for a racial war lol bitch its impossible im smarter then you,1,0,0.020051344565675325
If this bitch don't turn Crash in &#128545;&#128074;&#128299;,if this bitch dont turn crash in,0,0,0.019306331147339817
RT @NickSwardson: If Yoda had a pussy. That's what I look like in the morning.,rt if yoda had a pussy thats what i look like in the morning,0,0,0.010204367781171423
"RT @DanielMtz1997: 20 rts I'll go down there and say ""fuck er right in the pussy"" &#128514;&#128514;&#128514;&#128514;&#128514; http://t.co/RZFhAbWTSv",rt 20 rts ill go down there and say fuck er right in the pussy,0,0,0.01877246859596243
Play these hoes like the lottery,play these hoes like the lottery,0,0,0.008856328048264498
&#128553;&#128553;&#128514; damn roaches got dicks n pussy to be doing this lol??? http://t.co/OiIxcfos3m,damn roaches got dicks n pussy to be doing this lol,0,0,0.007747998016068426
I shot a stripper because hoes keep stealing my tacos. http://t.co/tq1iEs1JLg,i shot a stripper because hoes keep stealing my tacos,0,0,0.07217578789711511
This bitch is tryna start shit at Denny's asking us if we took a picture of them lmfao BITCH WHUT,this bitch is tryna start shit at dennys asking us if we took a picture of them lmfao bitch whut,0,0,0.0005843765892826579
@kittygurl9714 I highly doubt you're a real woman. You're prolly a fat ass man. Who fuckin cares?!? Let me do me ho,i highly doubt youre a real woman youre prolly a fat ass man who fuckin cares let me do me ho,0,0,0.0934416210113333
"RT @MontagKeys: Jeff Fisher saved by the refs. That was karma, but the zebras messed with it.",rt jeff fisher saved by the refs that was karma but the zebras messed with it,0,0,0.04894796168035736
"This fat bitch is wearing these ugly ass jesus sandals, and her big ass feet are overlapping the damn things.",this fat bitch is wearing these ugly ass jesus sandals and her big ass feet are overlapping the damn things,0,0,0.028254494392177112
"RT @HandsomeAssDada: majority of these females yall gassing selling pussy , prostituting , escorting , tricks all that ... don't be fooled &#8230;",rt majority of these females yall gassing selling pussy prostituting escorting tricks all that dont be fooled,0,0,0.002092628418384623
@bocgeogaddi @anepicname lmaooooo epic bird wins.,lmaooooo epic bird wins,0,0,0.005986022072328352
@_YdotM really thou im looking like Hulk Hogan in this bitch,really thou im looking like hulk hogan in this bitch,0,0,0.014655865067178156
"@05proFESSOR Charlie Sheen could coach better than Crusty Dusty. Yeah they hired Bryan Price, the pitching coach",charlie sheen could coach better than crusty dusty yeah they hired bryan price the pitching coach,0,0,0.010335563276464843
"@JusDahl gross, ill stick with my galaxy, it will still receive those nips",gross ill stick with my galaxy it will still receive those nips,0,0,0.04014136620545624
Yo bitch go wild more miles on her pussy then my car do,yo bitch go wild more miles on her pussy then my car do,0,0,0.002130385652322133
@kieffer_jason lmao why ur dad raised u to be a bitch made nigga,lmao why ur dad raised u to be a bitch made nigga,1,0,0.062340418187102245
Rap bitches prolly scared of Remy ma lol,rap bitches prolly scared of remy ma lol,0,0,0.010203668903790535
Hoes will be hoes nd ratchets will be........well u know,hoes will be hoes nd ratchets will bewell u know,0,0,0.02133769067590196
Fly nicca no parachute,fly nicca no parachute,0,0,0.046049016917277315
"why tf is this bitch in my class wearing all brewers shit it's football season,,,,",why tf is this bitch in my class wearing all brewers shit its football season,0,0,0.003294860401784217
"&#8220;@Jaime_915: @Thompson_Era @HannahAlisee null bruh they both alive thats hans bitch who died&#8221;

Oh well FBD &#128514;",null bruh they both alive thats hans bitch who died oh well fbd,0,0,0.016209234576992287
Or get swept in MoTown LOL #Yankees #Tigers #MLB,or get swept in motown lol,0,0,0.040381087325494225
"Is you ready bitch , cause my hair laid. Yours? @__baabyshaay http://t.co/n0gu5j7dqx",is you ready bitch cause my hair laid yours,0,0,0.003193007961583935
@mikeoe7765 That talentless skag IS a wardrobe malfunction.,that talentless skag is a wardrobe malfunction,0,0,0.05020372358796218
"#porn,#android,#iphone,#ipad,#sex,#xxx, | #Erotic | Erotic and wild tits and pussy fucking http://t.co/8HkC56j7c9",erotic and wild tits and pussy fucking,0,0,0.022737004044891047
It's my main bitches 21st ayyyeeee @nikkiconner13 happy birthday babbbyyy!!,its my main bitches 21st ayyyeeee happy birthday babbbyyy,0,0,0.012174086360396373
I'm back bitches 3d back in effect it's on tonite http://t.co/dpYLQzG1,im back bitches 3d back in effect its on tonite,0,0,0.0071266540079416305
RT @MrPOONsoaker: Foh RT @Thotcho: @MrPOONsoaker lmao 6&#8242;0 but I&#8217;m hella skinny so bitches don&#8217;t like me,rt foh rt lmao 6 0 but i m hella skinny so bitches don t like me,0,0,0.0003715245988716756
RT @HeMightBeJason: Someone at the building next door is taunting me by having a grill going at 8:30. I think I'd cut a bitch for a sausage&#8230;,rt someone at the building next door is taunting me by having a grill going at 830 i think id cut a bitch for a sausage,0,0,0.0027798399528638756
Your retarded.,your retarded,1,0,0.09733826656371854
the gullible ones do. RT @reaganchanel: So people go to college with intentions of being a hoe? K.,the gullible ones do rt so people go to college with intentions of being a hoe k,0,0,0.008288102515579371
She the reason I'm quick to dip out on a bitch.,she the reason im quick to dip out on a bitch,0,0,0.025482126937794777
Still confused why King ordered two tranny hookers to the party last night..,still confused why king ordered two tranny hookers to the party last night,0,0,0.016758496442854418
All y'all bitches corny lol,all yall bitches corny lol,0,0,0.0033215501234017627
RT @Maxicat: Charlie Rangel Re-Writes History: On GOP &#8220;They Think They Won The Civil War&#8221; http://t.co/moCeUBRUTf,rt charlie rangel rewrites history on gop they think they won the civil war,0,0,0.008937437674360286
@vampirrrra thats right niggah Netherlands!!!,thats right niggah netherlands,0,0,0.03446099521574759
"""IBS"" irritable bitch syndrome.",ibs irritable bitch syndrome,0,0,0.015965330716316832
"RT @Nachumlist: Charlie Rangel: &#180;The Things We
Believe in Are Spiritual Damn Things&#180; http://t.co/NwgiJ1mjia",rt charlie rangel the things we believe in are spiritual damn things,0,0,0.0017412756922270747
RT @Lipe_the_Great: Is everyone on the redskins lathered in oil? What the fuck?,rt is everyone on the redskins lathered in oil what the fuck,0,0,0.032183505547197004
@kieffer_jason u made me drive all the way to Plano then wanna bitch out,u made me drive all the way to plano then wanna bitch out,0,0,0.02109753827847683
"@pistol_pete96 @ZP3_ fuck y'all if you doubt me, I'm a piece of white trash I say it proudly",fuck yall if you doubt me im a piece of white trash i say it proudly,0,1,0.7313946434608108
RT @VainHumility: Naming my son Caesar. Dawn of the apes is the absolute best movie I've ever seen in my entire life.,rt naming my son caesar dawn of the apes is the absolute best movie ive ever seen in my entire life,0,0,0.019139142395636265
A MESSAGE FOR ALL OF HUMANITY ~ Charlie Chaplin @mobengalfan @DISL_Automatic @mikehoho http://t.co/itDIRcNt7y,a message for all of humanity charlie chaplin,0,0,0.004771167631846386
Chicks be mad at me for tweetin about hoes like I'm talkin about a specific someone lol sorry ladies if the shoe fits then wear it,chicks be mad at me for tweetin about hoes like im talkin about a specific someone lol sorry ladies if the shoe fits then wear it,0,0,0.004443909301933749
@Coley_Cee @_xpriceless_lmaoo bitch dat was a low blow,bitch dat was a low blow,0,0,0.025843604508266338
RT @fatguythe: *sings Careless Whisper to broken 7 year old flip flop on the way to the trash,rt sings careless whisper to broken 7 year old flip flop on the way to the trash,0,0,0.07141584818613363
"@PimpBillClinton @tareksaadmisr that's Arabic for ""you one pussy gettin motha fucka""",thats arabic for you one pussy gettin motha fucka,0,0,0.028461689578839405
RT @_MykalaJ: @whitakerc54 blame it on the yellow chucks lmfao,rt blame it on the yellow chucks lmfao,0,0,0.051835100364047516
RT @AngelGuapo23: @wigga32 can't dm wigga cause I can't even get a follow back &#128528;,rt cant dm wigga cause i cant even get a follow back,0,0,0.025499995153441864
@jaureguisturnt them bitches smell like my farts i been holdin in since 5th grade,them bitches smell like my farts i been holdin in since 5th grade,0,0,0.006509327768387357
For all you psychology bitches on your periods.. Do this to chill tf out http://t.co/W2n19vgBv3,for all you psychology bitches on your periods do this to chill tf out,0,0,0.0164489075205417
@Yankees go away already @Frizzle18,go away already,0,0,0.07321703144524282
young buck wanna eat!!.. dat nigguh like I aint fuckin dis up again,young buck wanna eat dat nigguh like i aint fuckin dis up again,0,0,0.02231019350713857
"RT @Theprinceofnj: &#8220;@SMCo71: "" if you aint bout that Murder Game pussy nigga shut up ""&#8221;252 GANG &#128514;&#128514;&#128514;&#128514;&#128514;",rt if you aint bout that murder game pussy nigga shut up 252 gang,1,0,0.026551315985433276
"RT @degg: *slow rap voice* that bitch can suck my dick
*faster rapping voice* that bitch can suck my dick",rt slow rap voice that bitch can suck my dick faster rapping voice that bitch can suck my dick,0,0,0.002261509414552041
Sone of y'all bitches need morning glory milk baths &#128514;&#128514;&#128514;,sone of yall bitches need morning glory milk baths,0,0,0.0036772138022944235
Life aint shit but bitches and money,life aint shit but bitches and money,0,0,0.002122108925032525
RT @Rene_gadeCowboy: I have to agree with Charlie he's spot on... http://t.co/9lcmVE9i1m,rt i have to agree with charlie hes spot on,0,0,0.039986038508768855
"Females never understand that guys dont give af about females that they dont like liking them. Stop trippin, he dont know that hoe",females never understand that guys dont give af about females that they dont like liking them stop trippin he dont know that hoe,0,0,0.0031623178389471335
"RT @She2Foreign: I don't want yo bitch, she gotta be foreign. &#128564;",rt i dont want yo bitch she gotta be foreign,0,0,0.013340880954196466
Almost got in a fight with a southwest faggot at the carnival lol,almost got in a fight with a southwest faggot at the carnival lol,0,0,0.36597957623538596
"@santagati that's bc I deleted ""visionary"" once I saw your subtweet. next time just @ me tho. (and I do love jail bird dresses.&#128513;)",thats bc i deleted visionary once i saw your subtweet next time just me tho and i do love jail bird dresses,0,0,0.0044264371257121205
&#8220;@sc_waters: &#8220;@what_evaittakes: Ya niggas play to fuck my niggas play for keeps&#128526;&#8221;&#8252;&#65039;&#128514;&#128526;&#8221;these bitches can't fuck wit me &#128553;&#128553;,ya niggas play to fuck my niggas play for keeps these bitches cant fuck wit me,0,0,0.26385827422238345
"MoNique made a whole fucking career offa call slim girls ""Skinny bitches"". She lost the weight (BECAUSE IT WAS UNHEALTHY) and now she's done",monique made a whole fucking career offa call slim girls skinny bitches she lost the weight because it was unhealthy and now shes done,0,0,0.0011084385727205604
&#8220;@arrogantori: Scrappy always on the reunion with hella hoes &#128514;&#8221;real nigga lmao,scrappy always on the reunion with hella hoes real nigga lmao,0,0,0.009193740963070978
"""Nah girl I ain't gon be able to make it, it's been tight since Russ loss his job"" you in the back like ""damn bitch really""",nah girl i aint gon be able to make it its been tight since russ loss his job you in the back like damn bitch really,0,0,0.0004604144161825449
What the hell are we doing with pussy rules that soldiers don't carry weapons 24/7 on base? They are trained. Liberal crap &amp; people die.,what the hell are we doing with pussy rules that soldiers dont carry weapons 247 on base they are trained liberal crap amp people die,0,0,0.021455250952120232
RT @LongestMonday: I aint got no problem chicks goin on vacay to the states to be hoes. Just declare ya AIDS at the border when ya come back,rt i aint got no problem chicks goin on vacay to the states to be hoes just declare ya aids at the border when ya come back,0,0,0.008439148318458444
"#porn,#android,#iphone,#ipad,#sex,#xxx, | #Anal | BBC Anal creampie bitch http://t.co/3XNeG5mnRk",bbc anal creampie bitch,0,0,0.012474747483740424
RT @Comp10Tx: Lowkey called that faggot a faggot.,rt lowkey called that faggot a faggot,1,1,0.880754180318152
RT @FREECEV: bitch get off twitter and text me back I love u,rt bitch get off twitter and text me back i love u,0,0,0.0014787413624499394
"""@LCisTJ: Bruh, you studs keep thinking I'm soft as hell. Ask ya girl how many times she screamed she was my bitch. Oh okay. STFU."" BYE HOE!",bruh you studs keep thinking im soft as hell ask ya girl how many times she screamed she was my bitch oh okay stfu bye hoe,0,0,0.0021648413541085925
ISIS Supporters in America: The Jihadis Next Door http://t.co/u0YHWkD34c http://t.co/0XHPbRL9EQ,isis supporters in america the jihadis next door,0,0,0.13049629070604019
"RT @aekulze: In Hopes of Recruiting More Women, ISIS Opens Jihadi Finishing School http://t.co/xlxdfZxS9s @vocativ http://t.co/E3hhzNThrk",rt in hopes of recruiting more women isis opens jihadi finishing school,0,0,0.016041897600857658
RT @Yankees: You may cry after watching the Derek Jeter @Gatorade ad: http://t.co/hMO9Bxol0x http://t.co/0xdlxToci8,rt you may cry after watching the derek jeter ad,0,0,0.014783972514422098
"RT @Fant4stic63: Can kids say much when their parents pay for everything? RT @Andrea_Michele: If he paying every bill, I can't complain abo&#8230;",rt can kids say much when their parents pay for everything rt if he paying every bill i cant complain abo,0,0,0.04689195057095469
"SMH Maybe they don't wanna be actual whores. RT @LaLaGeminiLand: ""If you have wet pussy, you shouldn't have a dry purse""",smh maybe they dont wanna be actual whores rt if you have wet pussy you shouldnt have a dry purse,0,0,0.06600769072628816
@jokersupdates please no more like that SNOB elissa. rich bitches suck!,please no more like that snob elissa rich bitches suck,0,0,0.020211119195134068
"#real RT @ImTooMuch: RT @d_lac: RT @WeavusChrist: RT @Tone314: Don't tell me if my gf was a hoe before me, if I'm happy.",rt rt rt rt dont tell me if my gf was a hoe before me if im happy,0,0,0.044489450560053385
"RT @ASAP_Ford: I hate when a nigga ask me ""Where the hoes?"" .... Nigga idfk !",rt i hate when a nigga ask me where the hoes nigga idfk,1,1,0.5324271437091884
Greinke you sneaky son of a bitch you,greinke you sneaky son of a bitch you,0,0,0.008832785522704495
One of the best #faggot #jokes of all time is #StephenKing's #IT&gt; Anybody seen that #faggot lately? I believe he's dressed as #Obama .,one of the best of all time is s gt anybody seen that lately i believe hes dressed as,0,0,0.29692681874335797
"Laughing at my deck that they gave me, yellow and jesus stencils all over it",laughing at my deck that they gave me yellow and jesus stencils all over it,0,0,0.03136956343210063
RT @queenc_nt: &#8220;@_100d: 90% of niggas goofy and act like bitches&#8221; YOU AINT LYIN,rt 90 of niggas goofy and act like bitches you aint lyin,0,0,0.004376346141066007
"RT @thatsryann: If you think your mans cheating, you take him to that bitches house and see if his wifi connects&#128074;",rt if you think your mans cheating you take him to that bitches house and see if his wifi connects,0,0,0.002727694807874624
' Mannnnn wake y'all bitch asses up Blood !,mannnnn wake yall bitch asses up blood,0,0,0.038964437704808313
RT @NevaWhoDat: wet pussy is the best pussy &#128588;&#128527;&#128540;&#128069;&#128166;&#128572;&#128175;,rt wet pussy is the best pussy,0,0,0.004605564652481554
My mom's younger brothers gonna come disrespect my mom &amp; call her a bitch &amp; my cousins gonna tell my mom to STFU! Wth..,my moms younger brothers gonna come disrespect my mom amp call her a bitch amp my cousins gonna tell my mom to stfu wth,0,0,0.16855242260574477
"RT @kreptplaydirty: Jammer just said to me he thought ""mustard on the beat ho"" was saying ""Abdullah on the beat"" this whole time LOOOOOOOL",rt jammer just said to me he thought mustard on the beat ho was saying abdullah on the beat this whole time loooooool,0,0,0.029143229087736394
Damn some Oreos would be so fucking clutch right now!!!,damn some oreos would be so fucking clutch right now,0,0,0.05292349072723092
Switcheroo on yo main hoe hell naw me and my Nigggas don't save hoes,switcheroo on yo main hoe hell naw me and my nigggas dont save hoes,0,0,0.0068079358343138595
"#porn,#android,#iphone,#ipad,#sex,#xxx, | #XXX | Hairy Alicia Silver &amp; Tinslee Reagan hairy pussy &#65533; | http://t.co/ToljqdXEE3",hairy alicia silver amp tinslee reagan hairy pussy,0,0,0.018606255792905355
Fairy Tale Hat - free crochet pattern for child and adult at http://t.co/0lRaBLMHB2 http://t.co/99zVbmYVe9,fairy tale hat free crochet pattern for child and adult at,0,0,0.03549687111243029
It's throw it in her throat thursdays so make a ghetto gaggler out of her,its throw it in her throat thursdays so make a ghetto gaggler out of her,0,0,0.15775086818873302
They make sure they have these reality shows lined up for you hoes.They won't leave you high and dry.,they make sure they have these reality shows lined up for you hoesthey wont leave you high and dry,0,0,0.01083087121670348
"RT @KinkyGoose: Eat mangos, get bitches.

To be honest, I don't do either of these.&#128514;",rt eat mangos get bitches to be honest i dont do either of these,0,0,0.0030242395602609233
I jus wanna watch this last episode of orange is the new black but Netflix jus wants to be a bitch &#128530;,i jus wanna watch this last episode of orange is the new black but netflix jus wants to be a bitch,0,0,0.017922818427990334
@rachh_burkhart grow a pair pussy,grow a pair pussy,0,0,0.024399151499307173
loner.. stoner.. tell yo bitch to bite da boner,loner stoner tell yo bitch to bite da boner,0,0,0.025699230317029836
Bitches get on twitter an turn to saints like they not hoes that shit kill a nigga,bitches get on twitter an turn to saints like they not hoes that shit kill a nigga,0,0,0.09135416613265802
"I told that chick tell the truth, if you the realest bitch i ever met then show me some proof",i told that chick tell the truth if you the realest bitch i ever met then show me some proof,0,0,0.02290312530209022
"RT @BestSagittarius: #Sagittarius can be compassionate towards other people when they want to be, especially towards the ones they care abo&#8230;",rt can be compassionate towards other people when they want to be especially towards the ones they care abo,0,0,0.018879601803174537
Gay ass hillbilly intro song,gay ass hillbilly intro song,0,0,0.17209985059173236
@jstewcoolcat fag lol,fag lol,0,0,0.3329206434353614
"RT @_iGotHer: ""Her pussy fatter than ya dick"" lmao",rt her pussy fatter than ya dick lmao,0,0,0.006980097802506055
RT @The_Searcy: Happy cunt bags&#128076;,rt happy cunt bags,0,0,0.09755024993777027
@JuiciStrawberry Kik is for hoes.You either gone shit or get off the pot.,kik is for hoesyou either gone shit or get off the pot,0,0,0.03136292694129123
Yo can you guys stop being little bitches just know everything happens for a reason of your meant to be you will be &#128079;,yo can you guys stop being little bitches just know everything happens for a reason of your meant to be you will be,0,0,0.01272392013347746
RT @Dan_OSU_Hashtag: You ever look at a bitch and just be like... Bitch,rt you ever look at a bitch and just be like bitch,0,0,0.010351960304021851
Dumb bitches are one thing that'll never become extinct..,dumb bitches are one thing thatll never become extinct,0,0,0.01249347216764475
@Miseducated411: Your mind is free and your soul. satan will present to u in his kingdom the things that mock u. Stay strong in Yahshua...,your mind is free and your soul satan will present to u in his kingdom the things that mock u stay strong in yahshua,0,0,0.004562630532666979
"RT @WillMcAvoyACN: An ad for the Haitian charity ""Water Is Life"" mocks people who use #FirstWorldProblems hashtag through juxtaposition. ...",rt an ad for the haitian charity water is life mocks people who use hashtag through juxtaposition,0,0,0.008950701882147976
"Are you tired of the ""mock drafts""? Let's just do this: If Clowney is not the 1st pick, who thinks Round 1 becomes ""chaos""? #ShowOfHands",are you tired of the mock drafts lets just do this if clowney is not the 1st pick who thinks round 1 becomes chaos,0,0,0.014993948030204927
Yall black ass hoes aint east African,yall black ass hoes aint east african,0,0,0.10638795176342768
"@realffriends bitch I might be
**~aesthetic~** http://t.co/cYOpCv8oq8",bitch i might be aesthetic,0,0,0.015965330716316832
RT @JMK0728: Lmao...........poor pussy!!!!! http://t.co/URjNdmgdRJ,rt lmaopoor pussy,0,0,0.014235212219660837
"&#8220;@roach_nigga: yall niggas think i just hang around your crib doing nothing, bitch i be getting bread too http://t.co/6uZ9e9ZlvQ&#8221; &#128514;",yall niggas think i just hang around your crib doing nothing bitch i be getting bread too,0,0,0.09478071791861827
"@alexnolan1990 @claddos @takutaneka @regankelly91 ill give you a tip, beware of the ugly birds who hide behind massive lensed sunnies!",ill give you a tip beware of the ugly birds who hide behind massive lensed sunnies,0,0,0.03413010034581812
Let me delete that for the little bitch Reports me to Mr.Olsen &#128514;,let me delete that for the little bitch reports me to mrolsen,0,0,0.015484914923533556
&#128073; RT @OfficiallyIce: #GuiltyPleasure watching niggers fight on YouTube/Vine/IG,rt watching niggers fight on youtubevineig,0,0,0.4737790486947921
Gotta keep the sox down while they're down! #RedSox #Yankees #mlb,gotta keep the sox down while theyre down,0,0,0.03533984924839583
Wish they'd teach Tracee. RT @kanYeBreast: all chihuahuas do that squinty eye shit. I think it's hilarious.,wish theyd teach tracee rt all chihuahuas do that squinty eye shit i think its hilarious,0,0,0.0695840136704487
When it start raining bitches always wana get fucked bitch take a nap,when it start raining bitches always wana get fucked bitch take a nap,0,0,0.00030821661057783346
You only bully people you know you can. Why you ain't do this in the playoffs bitch? @KingJames,you only bully people you know you can why you aint do this in the playoffs bitch,0,0,0.024087293098004968
Fitted Girbuad straps? Them bitches would be raw as hell.,fitted girbuad straps them bitches would be raw as hell,0,0,0.0027829051036493205
"Me to @sarayeagley ""Caffenate me, bitch"" because I don't know how to use Dave's coffee maker #struggles #CLEadventures",me to caffenate me bitch because i dont know how to use daves coffee maker,0,0,0.008306608154278226
RT @JCSayre19: @HEELCastle that hoe over there.,rt that hoe over there,0,0,0.015721066127693018
@CellNBuu ewwww her nips are DEF more perfect than that,ewwww her nips are def more perfect than that,0,0,0.018551291457690175
RT @ThePlanetVenus_: I'm obviously Morello from OITNB cause crazy and jealous bitch.,rt im obviously morello from oitnb cause crazy and jealous bitch,0,0,0.00447711745607368
@suchy_monster you make me feel all warm and fuzzy inside &#128522; #youCANsitwithus,you make me feel all warm and fuzzy inside,0,0,0.0073879959882515054
@LoLDyrus It's retarded. Ignore the harlem shake fad and hope it goes away soon.,its retarded ignore the harlem shake fad and hope it goes away soon,0,0,0.17075707033459533
Experience Charlie. Married woman who loves hot phone sex with strangers. Can you get me off? - 27 http://t.co/jtsIjBULVC,experience charlie married woman who loves hot phone sex with strangers can you get me off 27,0,0,0.002263168596961474
U coons watching love and hip hop ain't you,u coons watching love and hip hop aint you,0,0,0.22725746130433588
&#8220;@bonnoxxx: @WebbMadeThis mane the skinny bitches was playin lol I had too take my weight class too another level&#8221; &#128557;&#128557;&#128557;&#128557;&#128557;&#128557;&#128557;&#128557;&#128557;&#128557;&#128557;&#128557;,mane the skinny bitches was playin lol i had too take my weight class too another level,0,0,0.0007594816992079431
"this bitch sounds like she's gettin raped by other.cats lmfaoo the.fuckkkk closing the window, whore cats",this bitch sounds like shes gettin raped by othercats lmfaoo thefuckkkk closing the window whore cats,0,0,0.22346398187529112
@Tylar____ you ah lien ass hoe,you ah lien ass hoe,0,0,0.022847002977088214
"RT @beauty_briii: One of my classmates offered my teacher and brownie and someone said ""you trying to earn brownie points"" &#128514;&#128514;&#128514;&#128514;&#128514;&#128514;&#128514;&#128514;",rt one of my classmates offered my teacher and brownie and someone said you trying to earn brownie points,0,0,0.009587258736144274
"@Dswizzle3 bitch your unknown u dont have a mixtape and you damn sure cant rap, u couldn't rap if your life depend on it",bitch your unknown u dont have a mixtape and you damn sure cant rap u couldnt rap if your life depend on it,0,0,0.0022829169796663258
I think a lot of bitches don't smile in their selfies because their breath stinks and they don't want to steam up their front cameras,i think a lot of bitches dont smile in their selfies because their breath stinks and they dont want to steam up their front cameras,0,0,0.019726198444985712
RT @hoes: Emma Watson http://t.co/fGKF5aUklo,rt emma watson,0,0,0.042790214373504214
RT @neni_loves: Jk I'm above the Influence guys &#128524;&#128591; I'm a graduated D.A.R.E ass bitch &#128524;,rt jk im above the influence guys im a graduated dare ass bitch,0,0,0.003433712616576119
&#8220;@SAADTHESAV: bitches saying ray rice got what he deserved but just a month ago wanted this man free &#128056;&#9749;&#65039; http://t.co/VFN1iS7Wx3&#8221;smh&#128514;&#128514;&#128514;,bitches saying ray rice got what he deserved but just a month ago wanted this man free,0,0,0.009668701707428713
"Still really confused re #humplayproblems i think lucricus
Is a fag dagger",still really confused re i think lucricus is a fag dagger,1,0,0.39121183682418226
&#8220;@Boobah_: What's the symptoms for Ebola? My stomach been hurting b. I'm nervous&#8221;bitch you better not be we was drinking out same bottle,whats the symptoms for ebola my stomach been hurting b im nervous bitch you better not be we was drinking out same bottle,0,0,0.016382161057899868
Upstate hoes love down south niggas and down south females love upstate niggas,upstate hoes love down south niggas and down south females love upstate niggas,0,0,0.09744472112608722
@JavieTheCreator @its_selenaaaa haha yuhh that hoe was funny,haha yuhh that hoe was funny,0,0,0.004368795721831559
The Saints are pure trash lol smh,the saints are pure trash lol smh,0,0,0.17014045209996836
Cant handle this bitch and her elbow fat,cant handle this bitch and her elbow fat,0,0,0.04935021997836265
Bitches talmbout they limber got these bitches In limbo,bitches talmbout they limber got these bitches in limbo,0,0,0.003494448886582448
Arturo keeps calling me ghetto &#128532;,arturo keeps calling me ghetto,0,0,0.06340135111344669
Steve McNair got murdered by his side bitch man life is crazy,steve mcnair got murdered by his side bitch man life is crazy,0,0,0.0030917930341569162
RT @Medz4u: &#8226;not all black girls are ghetto though,rt not all black girls are ghetto though,0,0,0.011076441003374227
what a hoe,what a hoe,0,0,0.017956235030136325
"""@KeyshawnSwag: Peel up peel up bring it back up rewind back where I'm from they move Shaq from the line"" ooooow who tf said that trash!!?",peel up peel up bring it back up rewind back where im from they move shaq from the line ooooow who tf said that trash,0,0,0.008506692059729367
Zack still questions my love for Oreos lol,zack still questions my love for oreos lol,0,0,0.02030620966019426
Beautiful Fairy Elegant Dress http://t.co/ouxWbYTUt6,beautiful fairy elegant dress,0,0,0.020275997140824967
RT @DreCordero: Always interesting to see people who trash La Liga react to products of La Liga on Premier League clubs.,rt always interesting to see people who trash la liga react to products of la liga on premier league clubs,0,0,0.022321126364225362
@charlierose @jdickerson racist @NorahODonnell Texas trash GWBush came to WH numb remember he and Republicans stole the election,racist texas trash gwbush came to wh numb remember he and republicans stole the election,0,0,0.06340866740928483
If u know this bitch u know ur mexican http://t.co/Jyw85Vmp8K,if u know this bitch u know ur mexican,0,0,0.011547975734556145
I kno it's upside down cunt http://t.co/qF0EXo9m5O,i kno its upside down cunt,0,0,0.03377945327126435
RT @whaddoyoumean: Too many bitches is shady,rt too many bitches is shady,0,0,0.020317502145880337
"RT @NoBeeetch: *comes home late*

Bae: Was her pussy good

Me: Whos &#128517;

Bae: oh never mind http://t.co/iEc6bdqzoW",rt comes home late bae was her pussy good me whos bae oh never mind,0,0,0.0019223770641999603
"Accept your flaws and imperfections because that's what makes you, YOU! See I'm a fuck, small dick faggot with parents who don't love me.",accept your flaws and imperfections because thats what makes you you see im a fuck small dick faggot with parents who dont love me,1,0,0.14176303885524683
@fitsnews Nevermind. Still a little bitch. http://t.co/zpYPjBU5YU,nevermind still a little bitch,0,0,0.01832333030044855
She got every niggah lookin like dam,she got every niggah lookin like dam,1,0,0.022994852098757637
So I keep cool but in the back of my mind I'm like did des hoes just come on my mf porch like ik dem,so i keep cool but in the back of my mind im like did des hoes just come on my mf porch like ik dem,0,0,0.028860329205494344
it's amazing what hood bitches wear I they body and in they head,its amazing what hood bitches wear i they body and in they head,0,0,0.004713062217449673
"Why yes, functioning tho RT @blaaksuedepumps: Are you retarded?",why yes functioning tho rt are you retarded,0,0,0.05325733370102958
I hate the ghetto trash at the special school across the street from my building. All of them will grow up to be criminals.,i hate the ghetto trash at the special school across the street from my building all of them will grow up to be criminals,1,0,0.0989972851559248
"""@NotoriousBM95: @_WhitePonyJr_ Ariza is a snake and a coward"" but at least he isn't a cripple like your hero Roach lmaoo",ariza is a snake and a coward but at least he isnt a cripple like your hero roach lmaoo,1,0,0.027852802388149415
@SoftestMuffin @TorahBlaze @_tee13 billy goat hillbillies you sucking &amp; fucking. You disgraceful brazzen faced unabashed pig,billy goat hillbillies you sucking amp fucking you disgraceful brazzen faced unabashed pig,0,0,0.0660579330200284
RT @EvanBecker513: @whattheflocka @zooyorkinit bitch. We could have went to als. But NOOOOOOOO. &#128545;&#128545;&#127849;&#127849;&#127849;&#127849;&#127849;&#127849;&#127849;&#127849;&#127849;&#127849;&#127849;&#127849;&#127849;&#127849;&#127849;&#127849;&#128053;,rt bitch we could have went to als but noooooooo,0,0,0.0032570175056138785
"@LilTunechi reason for why he only rap about pussy... "" What am I supposed to talk about?"" smh 
How bout you make music that ain't NEGATIVE!",reason for why he only rap about pussy what am i supposed to talk about smh how bout you make music that aint negative,0,0,0.006076180905366818
@cb_marie as u should that's jus a clutch ass spot bitch we in there for the turn up &#128553;&#128553;&#128553;,as u should thats jus a clutch ass spot bitch we in there for the turn up,0,0,0.03967980293261288
@Kevhoeee916 apply to thunder valley bitch,apply to thunder valley bitch,0,0,0.015965330716316832
@carlybutler96 just texted yea queer bait &#128536;,just texted yea queer bait,0,0,0.12504260692309302
@intheKCmix it's twitter.. That's what folks do.. Same folks be mad when someone calls them a nigger on here..,its twitter thats what folks do same folks be mad when someone calls them a nigger on here,0,1,0.5034315088271233
"They were taking a picture and I saw a bird fly past and I was like, oh bird! @HeidyPalma21",they were taking a picture and i saw a bird fly past and i was like oh bird,0,0,0.002321195268247231
"You are a BOY you DONT say ""clutch"" fag ass. That's that bitch shit lingo tf.",you are a boy you dont say clutch fag ass thats that bitch shit lingo tf,0,0,0.06217042124522455
RT @Yennno_Nay: Now a days bitches will beef w/ you over something that has nothing to do w/ them &#128514;&#128514;&#128514;&#128514;&#128128; bitch yo ugly ass wasn't a factor a&#8230;,rt now a days bitches will beef w you over something that has nothing to do w them bitch yo ugly ass wasnt a factor a,0,0,0.006772479320433452
I can turn a hoe into a housewife. Cause i know how to love. Thats all their missing.,i can turn a hoe into a housewife cause i know how to love thats all their missing,0,0,0.02274123816289713
RT @blogredmachine: I wonder if those fans in LA feel like Charlie Brown after Lucy pulls the ball away... #JoeyVotto,rt i wonder if those fans in la feel like charlie brown after lucy pulls the ball away,0,0,0.0004207837842902899
@Machell1123 i hope you get better soon! colds are for the birds,i hope you get better soon colds are for the birds,0,0,0.044703857994534496
"RT @RWzr: Too many faithful girls are single, and too many hoes are taken.",rt too many faithful girls are single and too many hoes are taken,0,0,0.0021928549640532436
I'm naturally bowlegged.. I be trying to stand normal . I think i look deformed while hoes thinking that shit is cute.,im naturally bowlegged i be trying to stand normal i think i look deformed while hoes thinking that shit is cute,0,0,0.020035246764727337
@mza361 I love you and bitches love me.,i love you and bitches love me,0,0,0.008058450369115766
Wats up with ppl calling me foriegn bitch now,wats up with ppl calling me foriegn bitch now,0,0,0.015103114903005959
RT @iCuffHoodrats: My next bitch gotta take me out just because....,rt my next bitch gotta take me out just because,0,0,0.002003035514671398
RT @5SOS: It's the best thing ever driving past crowds of people at shows and seeing bandannas coloured hair 5sos shirts that you've made o&#8230;,rt its the best thing ever driving past crowds of people at shows and seeing bandannas coloured hair 5sos shirts that youve made o,0,0,0.034254858759280346
RT @kaaatt0: I'm snatching all your bitches at my leisuuuure,rt im snatching all your bitches at my leisuuuure,0,0,0.006274476504987188
Fuck a lame nigga than you a lame bitch,fuck a lame nigga than you a lame bitch,1,0,0.2607861664336471
"At the bar in downey wit my uncle, this niggah faded hopefully he doesnt get us into a fight lmao",at the bar in downey wit my uncle this niggah faded hopefully he doesnt get us into a fight lmao,0,0,0.14860677851177026
Yo bitch choosinh just Let''R,yo bitch choosinh just letr,0,0,0.01209706992186376
People get more and more retarded everyday,people get more and more retarded everyday,1,0,0.09497301620202982
Marcus Colston so damn trash.,marcus colston so damn trash,0,0,0.03014170301054708
"RT @DanBilzerian: My boy is obviously gonna be slaying all the pussy tonight, dressed as a ninja turtle http://t.co/su2HNFq6S8",rt my boy is obviously gonna be slaying all the pussy tonight dressed as a ninja turtle,0,0,0.01853907823563341
In my 25 years I've supported more niggas and bitches and they kids and well.. my gratitude has died.,in my 25 years ive supported more niggas and bitches and they kids and well my gratitude has died,0,0,0.054120383349357856
@ArcticFox2016 everybody mocks Obama .Hes an embarrassment to the USA.,everybody mocks obama hes an embarrassment to the usa,0,0,0.025500697572510143
Ik his bitch ass saw me mentioned his tall ass,ik his bitch ass saw me mentioned his tall ass,0,0,0.01779386055587119
@YeIIowbang mannn Mexicans in Houston LOVE their high school freshman hoes,mannn mexicans in houston love their high school freshman hoes,0,0,0.03885150330451392
@BrotherDiabeats take your queer ass dubstep out of here,take your queer ass dubstep out of here,0,0,0.3356527213398755
"@cristiannt_ wow I was like 12 or 13 fighting people in high school, then bitch unfollow me fuck nigga",wow i was like 12 or 13 fighting people in high school then bitch unfollow me fuck nigga,0,0,0.04415091214236165
@AustinZ18 &#128514;&#128514;&#128514;&#128514;&#128514; i can not wait to see this fucking cunt. Her ass is mine.&#128548;&#128548;&#128548;&#128548;,i can not wait to see this fucking cunt her ass is mine,0,0,0.103610326443092
"RT @JustOneAsian: To every bug i have ever killed: i am sorry :/ 

&#8230;..sorry that ur bitch asses came into my house uninvited",rt to every bug i have ever killed i am sorry sorry that ur bitch asses came into my house uninvited,0,0,0.021141765473157485
"@YungIll314 my lifestyles raw dog, one magnum will put a dickhead in the hole, and that was cumin out of the pussy lips",my lifestyles raw dog one magnum will put a dickhead in the hole and that was cumin out of the pussy lips,0,0,0.004514171021853006
@FreddyAmazin ratchet looking nigger,ratchet looking nigger,1,0,0.2518711429094992
These lame bitches don't have a fighting chance....!,these lame bitches dont have a fighting chance,0,0,0.0169091056549575
@Smokey_Bahr Go get that sum bitch,go get that sum bitch,0,0,0.026609348815668628
"I'll eat ya pussy like a savage, but once you put ya nasty ass feet in my face my socks and drawers already on and I'm out",ill eat ya pussy like a savage but once you put ya nasty ass feet in my face my socks and drawers already on and im out,0,0,0.008481754999641577
RT @TheSeanyV: I didn't pull bitches in elementary school. My parents couldn't afford the 64-count color box with the sharpener on the back&#8230;,rt i didnt pull bitches in elementary school my parents couldnt afford the 64count color box with the sharpener on the back,0,0,0.010339865628552736
"I named my penis ""The Truth"" because bitches can't handle it.",i named my penis the truth because bitches cant handle it,0,0,0.016268317798411685
i gotta team of hoes like pat summit..,i gotta team of hoes like pat summit,0,0,0.010085216794293198
@xtruthseekerx_ blaxican,blaxican,0,0,0.05020372358796218
Stephen the threat about your brother doesn't scare me. Quit runnin your fuckin mouth &amp; you won't have to hide behind your brother bitch boy,stephen the threat about your brother doesnt scare me quit runnin your fuckin mouth amp you wont have to hide behind your brother bitch boy,0,0,0.0030573611393559562
What is up my twitta niccas!,what is up my twitta niccas,0,0,0.067874288115492
U coons can't wait to wear them Oreo J's,u coons cant wait to wear them oreo js,1,0,0.06878535749939481
"@HeilSidious Sion is a faggot. Very meh ganks pre-6 and post-6 his ganks are still pretty meh he's just a tank, nothing special imo Mao +",sion is a faggot very meh ganks pre6 and post6 his ganks are still pretty meh hes just a tank nothing special imo mao,1,1,0.6111835611446073
RT @GuruJeremy: Women think they are angels. So they be in denial about their own hoe actions. Don't fall into their facade. See past the b&#8230;,rt women think they are angels so they be in denial about their own hoe actions dont fall into their facade see past the b,0,0,0.022711958909864136
@xDSmooth eat pickles hoe,eat pickles hoe,0,0,0.011020941862378118
She burned that bitch,she burned that bitch,0,0,0.015965330716316832
@_XoXoKelsey_ hell naw fuck them bitches serves them right,hell naw fuck them bitches serves them right,1,0,0.006048099382299635
@Zedd finger my throbbing pussy flaps,finger my throbbing pussy flaps,0,0,0.013411800300477016
Who fukn wit @Rocko4Real for real for real .. Dat nicca be riding!!,who fukn wit for real for real dat nicca be riding,0,0,0.07904682940825113
@frankthetank215 @Jim_McCloskey Fran is a hillbilly Virginia mountain man who has pre-1800s white Anglo-Saxon beliefs #frankensteinMD #kikme,fran is a hillbilly virginia mountain man who has pre1800s white anglosaxon beliefs,0,0,0.25348183817509123
"Also, it&#8217;s a hiccup to Jihadi propaganda: they portray themselves as the only ones willing to die for their cause.",also it s a hiccup to jihadi propaganda they portray themselves as the only ones willing to die for their cause,0,0,0.01785791773861765
RT @IamMrEchols: If you was a hoe yesterday you'll be a hoe tomorrow,rt if you was a hoe yesterday youll be a hoe tomorrow,0,0,0.009789858224489398
"&amp; I keep that bitch on me , it's part of my fashion 
So nigga see me when you see me , catch me in traffic",amp i keep that bitch on me its part of my fashion so nigga see me when you see me catch me in traffic,0,0,0.034906301899021976
Fuck I'm such a bitch.,fuck im such a bitch,0,0,0.011424597032238566
Pussys only pussy an I get it when I need it,pussys only pussy an i get it when i need it,0,0,0.012249681953779755
Well I wish I could shoot the shit wit u bitches but daddy gotta get dis money .one,well i wish i could shoot the shit wit u bitches but daddy gotta get dis money one,0,0,0.006787902958737131
@Nazario1017 I feel that.. i see nothing wrong with the gta killing bc it's not the sole purpose of the game,i feel that i see nothing wrong with the gta killing bc its not the sole purpose of the game,0,0,0.03971591205979231
Yu a bitch made nigga,yu a bitch made nigga,0,0,0.04187686054729083
RT @RaeRecum: These hoes ain't shit &#128514;&#128514;&#128175;,rt these hoes aint shit,0,0,0.0115600740329788
RT @FoodTabloid: Oreo cake http://t.co/iJ0idCAQMl,rt oreo cake,0,0,0.0117344516792663
@mistaturk5 @DaUnfuqwitable1 nigga chill throw me in the jungle watch me come out with a gorilla monkey cheetah coat,nigga chill throw me in the jungle watch me come out with a gorilla monkey cheetah coat,0,0,0.43443434186487284
that hoe that you in love with? that's that hoe I mess around with,that hoe that you in love with thats that hoe i mess around with,0,0,0.0027594100612467944
bitch I be smokin gas I could start a ferrari!!!,bitch i be smokin gas i could start a ferrari,0,0,0.003875480311370788
@lnsightful @zT_Supreme @uncr4fted @yoPapi_chulo omg no plz stop calling me an idiot... are we in kindergarden you fucking faggot,omg no plz stop calling me an idiot are we in kindergarden you fucking faggot,1,1,0.6603842488509488
Iont care about where a n%a been where a bitch goin or the kinda shit they been thru!!,iont care about where a na been where a bitch goin or the kinda shit they been thru,0,0,0.004516179668021438
RT @TheBardockObama: People downloading time hop to be reminded they were faggots a year ago too,rt people downloading time hop to be reminded they were faggots a year ago too,0,1,0.6179518576910131
@brotherbill7 thirsty hoes &#128129;,thirsty hoes,0,0,0.023848052844780462
' Elza M. Jones Was whipppppppen and drifting last night lol we was tu this ma niggah http://t.co/wAqAmR4BGU,elza m jones was whipppppppen and drifting last night lol we was tu this ma niggah,0,0,0.04269400819700102
RT @wcvbkelleyt: Just me or are there a lot of tweets from media tonight about election night food??!! For the record: cheese &amp; crackers @s&#8230;,rt just me or are there a lot of tweets from media tonight about election night food for the record cheese amp crackers,0,0,0.011184808830643246
"""@DBAB_Holloway: Check out our 12th man. #CowboysNation"" even with all those faggot ny fans in the stands",check out our 12th man even with all those faggot ny fans in the stands,0,0,0.49086274447405676
I like how niggas try an come at me and im like do it then bitch and they dont do shit. Pussies,i like how niggas try an come at me and im like do it then bitch and they dont do shit pussies,1,0,0.03247667537959633
@PrinceGreenJr why hold back? Just say they're as retarded as their tits are fake there's no in between...,why hold back just say theyre as retarded as their tits are fake theres no in between,0,0,0.13677960833630465
@kayylamarieeee haha pussy,haha pussy,0,0,0.006982943516308347
money hoes and clothes,money hoes and clothes,0,0,0.024488046264432944
@LilKev_J pussy,pussy,0,0,0.016788265662320907
"RT @StealUrGirlBush: Like honestly if you are embarrassed to be around someone because of how they look, you're trash",rt like honestly if you are embarrassed to be around someone because of how they look youre trash,0,0,0.011516837159753355
&#8220;@verseunanswered: Did that bitch from Frozen ever let it go?&#8221; &#128514;&#128514;,did that bitch from frozen ever let it go,0,0,0.007125592777570768
"RT @Chaaaauncey: Top 5 Cartoon bitches id fuck
1. Shego
2. Dexters mom
3. Lola bunny
4. Jessica rabbit
5. Timmy turner's mom",rt top 5 cartoon bitches id fuck 1 shego 2 dexters mom 3 lola bunny 4 jessica rabbit 5 timmy turners mom,0,0,0.013181623088684613
"I hate when bitches be like ""I love him so much 11/2/2012&lt;3!!!""",i hate when bitches be like i love him so much 1122012lt3,0,0,0.005746764506035812
RT @_KJTheGreat: Four Brothers showed the bitch in a lot of niggas. I would've killed. I would've killed Victor Sweet if I was one of his l&#8230;,rt four brothers showed the bitch in a lot of niggas i wouldve killed i wouldve killed victor sweet if i was one of his l,0,0,0.087993411886079
"Just once in my life I wanna see someone on family feud look at their family member and say ""That's a horrible answer! Are you retarded?"".",just once in my life i wanna see someone on family feud look at their family member and say thats a horrible answer are you retarded,0,0,0.3333753877985445
"bitch kill yoself, go on to the bathroom and eat the pills bitch, all of em",bitch kill yoself go on to the bathroom and eat the pills bitch all of em,1,0,0.012170916050981471
And where do you think unsold items from thrift stores go? The garbage. Think of all the great games that are in trash dumps as we speak :(,and where do you think unsold items from thrift stores go the garbage think of all the great games that are in trash dumps as we speak,0,0,0.028033750230764324
"Search the terms ""Obama"" and ""Twinkie"" and get a bunch of people rehashing the same handful of jokes while having no idea why Hostess failed",search the terms obama and twinkie and get a bunch of people rehashing the same handful of jokes while having no idea why hostess failed,0,0,0.04991742226386447
"RT @tishforprez: you had me at ""eating pussy"".",rt you had me at eating pussy,0,0,0.012308527961059627
&#128563;well damn.. RT @JackTheJokster: When ya side hoe claims you as her boyfriend https://t.co/jTJ2jJTfto,well damn rt when ya side hoe claims you as her boyfriend,0,0,0.015713755352623433
@kieffer_jason I heard your mama raised you like bitch,i heard your mama raised you like bitch,0,0,0.022250356458486546
&#8220;@iCARLEYBBY: &#8220;@DJZeeti: twitpic a selfie with light colored eyes&#8221; http://t.co/BSOYlL83Iz&#8221;&#128525;,twitpic a selfie with light colored eyes,0,0,0.02001925743120406
"@SoftestMuffin @_tee13 @TorahBlaze Best believe We aint no christian slave brainwash black spooks miss white man, unlike yoself, she devil",best believe we aint no christian slave brainwash black spooks miss white man unlike yoself she devil,1,0,0.03731178561853175
RT @___MICHIGANMADE: Only the basic bitches put on for Twitter ..,rt only the basic bitches put on for twitter,0,0,0.003784060397342049
"@Wow_Bullet ""cuz i thought i got a wife, but i picked a hoe."" IM LOVIN THESE SONGS MAN. Keep it coming",cuz i thought i got a wife but i picked a hoe im lovin these songs man keep it coming,0,0,0.0108803074094343
@King_Albert21 @Ceto_13 ha ha look what this fag said lol,ha ha look what this fag said lol,0,1,0.5106587723609808
@Travis_bechtel bitches ain't shit but hoes and tricks #thuglife,bitches aint shit but hoes and tricks,0,0,0.001397756676283693
"Someone should explain to Blake griffin that talking trash to an opposing 3rd string is unbecoming, even amongst clippers.",someone should explain to blake griffin that talking trash to an opposing 3rd string is unbecoming even amongst clippers,0,0,0.014291527647647946
&#8220;@HerTruMetier: &#8220;@what_evaittakes: Bout to get a breasts reduction these bitches be in the way&#128530;&#8221;&#128514;&#128514;&#128514;&#8221;so serious&#128553;&#128553;&#128553;,bout to get a breasts reduction these bitches be in the way so serious,0,0,0.0048092906302819385
RT @Log_Popz: If you love her hide your bitch so you keep shorty,rt if you love her hide your bitch so you keep shorty,0,0,0.04490935482464444
@MickalaBickham bitch,bitch,0,0,0.015965330716316832
Never bring these hoes to my house cause these bitches talk,never bring these hoes to my house cause these bitches talk,0,0,0.0009978094130841711
&#8220;@coffincreepxx: Jose is so fucking mean to me like damn bitch lol&#8221; fuck you,jose is so fucking mean to me like damn bitch lol fuck you,0,0,0.03639790903277376
I love living in Minnesota. The weather is bad enough for people to bitch about it but we don't have anything serious. Stay safe east coast,i love living in minnesota the weather is bad enough for people to bitch about it but we dont have anything serious stay safe east coast,0,0,0.02216981652352309
RT @Mr_Dam0n: Denial is a bitch #youresilly,rt denial is a bitch,0,0,0.013535701151256335
#honestyhour we don't love these hoes,we dont love these hoes,0,0,0.0070782769638893205
Wiz khalifa was the most influential rapper in my era. We seem to forget all the trends this nigguh started,wiz khalifa was the most influential rapper in my era we seem to forget all the trends this nigguh started,0,0,0.08362569638803011
"&#8220;@m_stew4: @what_evaittakes lol the bitch not responding,&#8221;lol it's cool imma get one I jus trusted that more",lol the bitch not responding lol its cool imma get one i jus trusted that more,0,0,0.0034992961004476613
"Summer is over, so all you half naked hoes are gonna have to find a personality now. &#128129;",summer is over so all you half naked hoes are gonna have to find a personality now,0,0,0.042473491996083135
@krispy717 @grizzboadams fucking gay faggot look at that gay ass pink shirt haha,fucking gay faggot look at that gay ass pink shirt haha,1,1,0.821023637959439
RT @TumbIrRelate: Retweet to save a dumb bitch http://t.co/OqfyOgSLDX,rt retweet to save a dumb bitch,0,0,0.018388662532043423
&#8220;@BeardedGemini: &#8220;@GinaSanabria_: I have no hoes because yah nigga ain't shit&#8221;&#8221;,i have no hoes because yah nigga aint shit,0,0,0.018494593386694676
Happy this nigga nick old I only like red bones ass is watching this.,happy this nigga nick old i only like red bones ass is watching this,0,0,0.06605527253546366
CEBROS and corporate hoes,cebros and corporate hoes,0,0,0.01755814964753596
"Messy asss bitches , I would blast yall dumb bitches but i'm not even gon stoop to yalls level",messy asss bitches i would blast yall dumb bitches but im not even gon stoop to yalls level,0,0,0.0005681433285870199
@Andreaa_olvera shut the fuck up hoe ass bitch fuck squirtin ass cunt hoe,shut the fuck up hoe ass bitch fuck squirtin ass cunt hoe,0,0,0.07992244450416934
Yes yes yes that's all you gone hear never met a hoe yet that a tell me no,yes yes yes thats all you gone hear never met a hoe yet that a tell me no,0,0,0.015526936055377357
I'm tired of bitches thinking they cool when they ugly. If you're ugly bitch that's all you are is ugly,im tired of bitches thinking they cool when they ugly if youre ugly bitch thats all you are is ugly,0,0,0.01830500833653906
N I'm so tired of hearing *he wouldn't do it for u * ol bitch he wouldn't have too my people dont play on my end,n im so tired of hearing he wouldnt do it for u ol bitch he wouldnt have too my people dont play on my end,0,0,0.023255451925239597
"I'm seventeen years old with a government job, ask me if I give two fucks about the next bitch &#128564;",im seventeen years old with a government job ask me if i give two fucks about the next bitch,0,0,0.014531963745218894
"look at this bitch, walking too close to my future husband http://t.co/HRVjzUxLYW",look at this bitch walking too close to my future husband,0,0,0.011831972180352715
"RT @SportsCenter: BREAKING: Japanese ace Masahiro Tanaka will sign with the Yankees for seven years, $155 million. (via Fox Sports)",rt breaking japanese ace masahiro tanaka will sign with the yankees for seven years 155 million via fox sports,0,0,0.01464141634292421
Tanning with my main bitch,tanning with my main bitch,0,0,0.012759463066774144
RT @SwayHasAnswers: Twerking is ghetto until White people do it. Hip Hop culture is violent &amp; dangerous until they want to profit of it. ht&#8230;,rt twerking is ghetto until white people do it hip hop culture is violent amp dangerous until they want to profit of it ht,0,0,0.25440530665389416
Only basic bitches workout at planet fitness,only basic bitches workout at planet fitness,0,0,0.0038408450429547095
"If the words whore, hoe, slut, prostitute, ect werent invented, their would be alot more pussy to go round",if the words whore hoe slut prostitute ect werent invented their would be alot more pussy to go round,0,0,0.007646642150042902
@_TheBlackNerd wyd fag,wyd fag,0,0,0.3853292778247678
"WIB plays next Fri (5-16-14)at the Silverdome Ballroom(21+) in Neillsville,WI with Charlie Parr &amp; Hobo Nephews of Uncle Frank! Tickets 15$",wib plays next fri 51614at the silverdome ballroom21 in neillsvillewi with charlie parr amp hobo nephews of uncle frank tickets 15,0,0,0.03474409864381566
Naughty mature AV model has her sweet pussy spread by a huge&#160;dick http://t.co/IggAOoG0K7,naughty mature av model has her sweet pussy spread by a huge dick,0,0,0.004192872214489572
"@InEyeAleE shit ain't gon be funny when you need me to get you outta a horrific car crash, bitch.",shit aint gon be funny when you need me to get you outta a horrific car crash bitch,0,0,0.0008224071413925768
"was just informed that ""crunk ain't dead ho!""&#8230; lol okay sure",was just informed that crunk aint dead ho lol okay sure,0,0,0.005836101514703203
This lit bitch jayonna in the class im an aide in is SOOO FUNNY,this lit bitch jayonna in the class im an aide in is sooo funny,0,0,0.009803194921079929
"#DegenerateArtist KNOWS words&gt; Bo Jingo dangle fan slang ho, ting pang lick drum swing flick alarm bic&gt; But you can't hear fire can you?",knows wordsgt bo jingo dangle fan slang ho ting pang lick drum swing flick alarm bicgt but you cant hear fire can you,0,0,0.05531023420722561
"@RealYdotGdot We in dat bitch, my dude!!!",we in dat bitch my dude,0,0,0.01843360852913378
Shutup faggot RT @black_taco_: To fumble @Thotcho: Took them a while&#8220;,shutup faggot rt to fumble took them a while,0,0,0.15418706876941476
RT @Kaedashian: &#8220;@WhitDAWGem_: There is nothing wrong with Ariana Grande..... Just cause she don't look like hoe.... Y'all gotta a problem.&#8230;,rt there is nothing wrong with ariana grande just cause she dont look like hoe yall gotta a problem,0,0,0.01375657479237355
"Lmao drake is on some bullshit with Serena Williams, wallah she looks like a tranny",lmao drake is on some bullshit with serena williams wallah she looks like a tranny,0,0,0.07710402370754955
"""Caesar is home"" RT @Naewoodster: &#8220;@MjaySkillz: https://t.co/mw5KAojKXB""theres so much this bitch looks like. Lets start with ape shit&#8221;&#128557;&#128557;""",caesar is home rt so much this bitch looks like lets start with ape shit,0,0,0.0034188651112930504
I hate a don't get shit done ass nigguh,i hate a dont get shit done ass nigguh,0,0,0.04580937369171192
@jaaaaaade__ You can't see it but I'm flipping you the bird,you cant see it but im flipping you the bird,0,0,0.005225454569289661
This fat bitch turnt for some ice cream not gon lie I would be too https://t.co/E6FIiSiizW,this fat bitch turnt for some ice cream not gon lie i would be too,0,0,0.0025731434023198514
"@Maxin_Betha yea, it looks fag-like",yea it looks faglike,0,0,0.02960298773166622
@NoBeeetch faggot ass fucking snitch,faggot ass fucking snitch,0,1,0.5284256452849135
My bitch bre been ina good mood they free'd her young hogg &#128175;,my bitch bre been ina good mood they freed her young hogg,0,0,0.012414063805840507
@JawShoeeAhhh lmao you're a bitch boy,lmao youre a bitch boy,0,0,0.013246706584806886
"RT @TacoRell This show should be called ""side bitches"" I ain't seen love YET",rt this show should be called side bitches i aint seen love yet,0,0,0.004305689191732105
"4 old hoes, a ponk, and a dyke outchea having ""girl talk""",4 old hoes a ponk and a dyke outchea having girl talk,1,0,0.01026380018836357
@dreadywhiteboy @JwanUrebay then the kid he sold it to brought it back to him cooked in a brownie,then the kid he sold it to brought it back to him cooked in a brownie,0,0,0.00556408388826851
Never give the next bitch an opportunity to prosper off of your name....,never give the next bitch an opportunity to prosper off of your name,0,0,0.015965330716316832
@LLTJae @kolbyXdelce this hoe &#128293;&#128293;,this hoe,0,0,0.017956235030136325
"someone just called someone a ""bitch ass nigga"" on black ops",someone just called someone a bitch ass nigga on black ops,0,0,0.15322328579153874
Yall couldn't wAit till Halloween to dress up like hoes,yall couldnt wait till halloween to dress up like hoes,0,0,0.014078077404879982
"@MrFayoh Im a proud wacko bird, how bout you?",im a proud wacko bird how bout you,0,0,0.0034151847883315063
RT @DatNiggaVegeta: DEFINITION OF REAL &#8220;@mikeymageee: @DatNiggaVegeta Except you bruh you let bitch ass babidi turn on your niggas fam&#8221; htt&#8230;,rt definition of real except you bruh you let bitch ass babidi turn on your niggas fam htt,0,0,0.017437354504002682
#boom bitches,bitches,0,0,0.012213734167958035
"So let's see what you look like in the AM without the 10 filters and colored contact lenses, your followers are dying to know 

@uberfoxy",so lets see what you look like in the am without the 10 filters and colored contact lenses your followers are dying to know,0,0,0.007953170460594289
@KingEgo if I can get this bitch to go --&gt;&gt; @Wisdom_Stature,if i can get this bitch to go gtgt,0,0,0.021490196369771432
Eating brownies and then going to the gym... Idk,eating brownies and then going to the gym idk,0,0,0.008640830406190448
@JerGucci go on Craigslist bitches be on there &#128514;&#128514;,go on craigslist bitches be on there,0,0,0.012213734167958035
How can a woman take u serious when you're a hoe? I mean RT @BamaboyyBrandon: How can a nigga take you serious when youre a hoe? Lol like..,how can a woman take u serious when youre a hoe i mean rt how can a nigga take you serious when youre a hoe lol like,0,0,0.009842224465961617
"Every character on #Thesimpsons is trash. And they're trash on purpose. If you don't get that, you don't get the joke.",every character on is trash and theyre trash on purpose if you dont get that you dont get the joke,0,0,0.03306783662234282
Yung nigger move that dope,yung nigger move that dope,0,0,0.3152762110765681
@thejess_lynne @Hunglikerobby_ @triple6em96 @Itzmeggo no you threatened us bitch?! Don't try to make it what it's not &#9786;&#65039;,no you threatened us bitch dont try to make it what its not,0,0,0.025936798932890866
"1, 2, 3, 4, 5 I&#8217;m too drunk to walk, let&#8217;s drive. I got bitches with me all night And the party don&#8217;t start 'til the drugs arrive #Loaded",1 2 3 4 5 i m too drunk to walk let s drive i got bitches with me all night and the party don t start til the drugs arrive,0,0,0.0003994112741086552
@_xpriceless_ bitch u got me fuckked up go suck lil action whamm like u always do on thursdays and fridays didn't think ik did u,bitch u got me fuckked up go suck lil action whamm like u always do on thursdays and fridays didnt think ik did u,0,0,0.0032043946071950704
"Scary bitches on Twitter never @ the nigga the have a crush on, always on some ""oomf"" shit",scary bitches on twitter never the nigga the have a crush on always on some oomf shit,0,0,0.08714760295034353
@_WORDtotheWISE you must have sent a bird call because I didn't get shit,you must have sent a bird call because i didnt get shit,0,0,0.0027241506154414012
"RT @HitTehBlunt: *hits blunt*

""bruh if she tells me to go text my other hoes, but she's one of my hoes, do I keep texting her ?"" http://t.&#8230;",rt hits blunt bruh if she tells me to go text my other hoes but shes one of my hoes do i keep texting her,0,0,0.005521323956217983
Trash &#8220;@TieMyDuragBoo: Black people only play R&amp;B &amp; Hip hop at their parties..play some dubstep and House..yall coons need to expand&#8221;,trash black people only play rampb amp hip hop at their partiesplay some dubstep and houseyall coons need to expand,0,0,0.39652555727686145
I don't hold feelings for my old flings I jus trade dem bitches in like my old range!! #Cap1,i dont hold feelings for my old flings i jus trade dem bitches in like my old range,0,0,0.0019114106993251086
"'Cause they ain't her RT @Jvbir I aint eem watchin the awards yet, but why hoes hatin on Kim K?",cause they aint her rt i aint eem watchin the awards yet but why hoes hatin on kim k,0,0,0.004006218007180666
Bout to unfollow all the bitches I follow currently and follow all new bitches. I need change in my life and I feel like that's a good start,bout to unfollow all the bitches i follow currently and follow all new bitches i need change in my life and i feel like thats a good start,0,0,3.341765459321922e-05
"@AceHudsonJr bitches tryna take all my money, g.",bitches tryna take all my money g,0,0,0.004851051105118484
"RINO trash like @SpeakerBoehner, @KarlRove, @FrankLuntz see conservatives as the Democrat Party see blacks. As their slave property. #tcot",rino trash like see conservatives as the democrat party see blacks as their slave property,1,0,0.01710172703585181
I don't want sex bitch I only want ya neck bitch lol,i dont want sex bitch i only want ya neck bitch lol,0,0,0.0029305761545058116
RT @michellemalkin: Mass. GOP Gov.-elect Charlie Baker: No driver's licenses for illegal aliens ==&gt; http://t.co/3vkLYmJWjS #NoAmnesty,rt mass gop govelect charlie baker no drivers licenses for illegal aliens gt,0,0,0.05397454877082888
Money pussy &amp; freedom!&#128079;&#128588;&#128175;,money pussy amp freedom,0,0,0.012616665285135123
"RT @tsgnews: UPDATE: Collegian dressed as yellow Teletubby will face charges for break-in, theft of Chinese food leftovers... http://t.co/S&#8230;",rt update collegian dressed as yellow teletubby will face charges for breakin theft of chinese food leftovers,0,0,0.03373661975921459
ima boss ass bitch bitch bitch,ima boss ass bitch bitch bitch,0,0,0.010637110399424568
RT @Yankees: .@DRob30 comes in to close out the game here in the 9th. #Yankees,rt comes in to close out the game here in the 9th,0,0,0.03553684918337955
I used to think that bitch was bad ... But not no moe !,i used to think that bitch was bad but not no moe,0,0,0.008618944165541095
still trash http://t.co/x0ghHf0imn,still trash,0,0,0.03682260412861692
"Lmfao but "" we don't talk "" gtfoh &#128514;&#128514; bitch I guessed it! &amp; I was right &#128514;&#128527;",lmfao but we dont talk gtfoh bitch i guessed it amp i was right,0,0,0.006909418364882435
Never seen yo bitch but I bet I could fuck her on the first day,never seen yo bitch but i bet i could fuck her on the first day,0,0,0.0185469651500356
@Steven_ratata bye youre a queer,bye youre a queer,1,0,0.20898029923371014
"""A NO BRAINER""
But as soon as this bitch gets rich in political power, her views will change!
POLITICAL WHORES! http://t.co/ekEPSjWcyU&#8221;",a no brainer but as soon as this bitch gets rich in political power her views will change political whores,0,0,0.05094551087210964
"RT @Heartlle: i don't like girls that've been around &#128564;, niggas really be cuffin' community pussy.",rt i dont like girls thatve been around niggas really be cuffin community pussy,0,0,0.07701003405566949
"@That1guyJeff Low blow, cuntface. How many times the Yanks beat us in the playoffs these last 8 or so years?",low blow cuntface how many times the yanks beat us in the playoffs these last 8 or so years,0,0,0.057950505554739656
RT @macktology101: You women are not wild animals...(well some) you can control your own attitude and put yourself in place u dumb bitch,rt you women are not wild animalswell some you can control your own attitude and put yourself in place u dumb bitch,0,0,0.016309247703225362
"RT @SwearingSport: Pirlo's one of them cunts who'd just be better at everything. He'd beat u at table tennis, shag your wife better &amp; win a&#8230;",rt pirlos one of them cunts whod just be better at everything hed beat u at table tennis shag your wife better amp win a,0,0,0.04714524049255324
"@TheSeanyV I think you should reconsider he's a little bitch to the one true God almighty Cthulhu...please for your soul, Seany.",i think you should reconsider hes a little bitch to the one true god almighty cthulhuplease for your soul seany,0,0,0.017651451140543006
Got to 18 on flappy bird...,got to 18 on flappy bird,0,0,0.0020861722144417945
yay I like when jacob has colored layouts,yay i like when jacob has colored layouts,0,0,0.04550158721869423
RT @LoveAmari_x: I would never be with someone that's afraid to tell niggas and bitches we're together. I look like a secret? Fuck outta h&#8230;,rt i would never be with someone thats afraid to tell niggas and bitches were together i look like a secret fuck outta h,0,0,0.1443135398997122
RT @CallMeRenee_: &#8220;@1inkkofrosess: @CallMeRenee_ wussup bitch&#8221;cooling hoe,rt wussup bitch cooling hoe,0,0,0.004724129904497419
RT @NYTMinusContext: kill whitey,rt kill whitey,1,1,0.6246541508423483
Ain't shit pretty but my bitch and my momma anyone can get the drama,aint shit pretty but my bitch and my momma anyone can get the drama,0,0,0.0024448062674768067
"You know I'm not big on the NFL, but I'm so sick of hearing all of this ""Black and yellow"" shit. LOL @ bandwagon fans and hell, GO PACKERS!",you know im not big on the nfl but im so sick of hearing all of this black and yellow shit lol bandwagon fans and hell go packers,0,0,0.001779095459942627
"I found the ""boom, boom, boom, waaaaay ho"" girl. How the fuck does someone sing for 5 years and not progress at all? http://t.co/o6R9bYT5De",i found the boom boom boom waaaaay ho girl how the fuck does someone sing for 5 years and not progress at all,0,0,0.019822700894292132
Photo check for background spooks. http://t.co/Hx1wghJAzy,photo check for background spooks,0,0,0.047811142986898106
RT @ThatDamnHAM: Otw to DC. Hopefully I'll see my best bitch @NapturallyDev. That would make my day.,rt otw to dc hopefully ill see my best bitch that would make my day,0,0,0.017246090020140166
never had I had a problem with a girl in my years of being in school but this otter looking twat better quit giving me looks,never had i had a problem with a girl in my years of being in school but this otter looking twat better quit giving me looks,0,0,0.012275661649976951
"Barry's (whitey) brownshirts run wild in Oakland. Following the lead of N.W.A., punks chant F the police. http://t.co/9nBUrmTJ",barrys whitey brownshirts run wild in oakland following the lead of nwa punks chant f the police,0,0,0.28759010183532385
@HighOffTatianna lol fuck these lil bitches ain't shit to peep &#128526; wassup w/ you tho,lol fuck these lil bitches aint shit to peep wassup w you tho,0,0,0.011300210882566096
"RT @Forbes: 52% of the world's mammals, birds, reptiles, amphibians &amp; fish vanished between 1970 &amp; 2010: http://t.co/MImizth0OZ http://t.co&#8230;",rt 52 of the worlds mammals birds reptiles amphibians amp fish vanished between 1970 amp 2010,0,0,0.022358635176600708
Blah. In all honesty.... I just need some pussy. That's it,blah in all honesty i just need some pussy thats it,0,0,0.00453493021909874
"@kcSnowWhite7 @SamSaunders42 don't forget nappy headed, butt ugly bitch, who's married to a Muslim",dont forget nappy headed butt ugly bitch whos married to a muslim,1,0,0.11387345349478202
"RT @guypbenson: Confused. Are lefties using the #Bridgeghazi hashtag to mock the bridge situation as frivolous, or seriously equating the t&#8230;",rt confused are lefties using the hashtag to mock the bridge situation as frivolous or seriously equating the t,0,0,0.0038593670454164755
&#8220;@LilReese300: No yu can't get no money yu silly hoe...&#8221;,no yu cant get no money yu silly hoe,0,0,0.014889964968275458
"""@BeEasyJrizzy: u ever kill a ant on the sidewalk and think damn what if that nigga was on his way to get some pussy""No bs must b &gt;30%chance",u ever kill a ant on the sidewalk and think damn what if that nigga was on his way to get some pussyno bs must b gt30chance,0,0,0.46340760083604
Experience Charlie. Married woman who loves hot phone sex with strangers. Can you get me off? - 27 http://t.co/bpDqqPoGAe,experience charlie married woman who loves hot phone sex with strangers can you get me off 27,0,0,0.002263168596961474
"Met a bad bitch from Chicago. My hat wasn't cocked, yo.",met a bad bitch from chicago my hat wasnt cocked yo,0,0,0.0030782755147253796
Well isnt that a bitch 2 wildcards are going to the #WorldSeries,well isnt that a bitch 2 wildcards are going to the,0,0,0.0032894604665000752
Lil bitch dumb&#128514;&#128514;&#128514;,lil bitch dumb,0,0,0.01321639671018073
Tweakin hoe,tweakin hoe,0,0,0.016611191082604605
@grandeftlou and bullying? I didn't know u could bully over the internet?? And the bitch came at me so idk why u in my mentions bruh,and bullying i didnt know u could bully over the internet and the bitch came at me so idk why u in my mentions bruh,0,0,0.011729915325253857
RT @zeemonstaa: There no such thing as too much pussy .,rt there no such thing as too much pussy,0,0,0.016785506996504475
RT @macklemore: I feel bad for all the homies that suffer from canker sores on the reg. those bitches hinder the spirit,rt i feel bad for all the homies that suffer from canker sores on the reg those bitches hinder the spirit,0,0,0.006475018361067976
"RT @KatiePavlich: Now go take out the trash &#8220;@sdoocy: . Today I was #outnumbered, but thankfully not #dismembered! Thanks, Ladies http://t.&#8230;",rt now go take out the trash today i was but thankfully not thanks ladies,0,0,0.023555543088584204
"RT @DrizzyTaughtBre: Drink some bleach bitch! ""@AubreyChester: If it was you, youda done the same thing. #TeamZimmerman""",rt drink some bleach bitch if it was you youda done the same thing,0,0,0.015585284018013653
"Theres a girl in your avi, you must get so many bitches",theres a girl in your avi you must get so many bitches,0,0,0.0077494313409128875
If a nigga phone broke best believe he only gon memorize his main bitch number or the bitch that's cash in him out number &#128175;&#128527;,if a nigga phone broke best believe he only gon memorize his main bitch number or the bitch thats cash in him out number,0,0,0.0071856025712276885
RT @lildurk_: These bitches ain't my bitches,rt these bitches aint my bitches,0,0,0.0013817850575083951
RT @ahmadblack35: Can someone find the Georgia fan who talked trash to me and told me he hope we don't end up like Tennessee? Tell him I'm &#8230;,rt can someone find the georgia fan who talked trash to me and told me he hope we dont end up like tennessee tell him im,0,0,0.008706219556368496
@mzkimberz I called you hoe lol,i called you hoe lol,0,0,0.011178042661489357
"' That fb profile checker thing fake then a mf , I just added some bitch yesterday and it had me on the top . Fuck fr ?",that fb profile checker thing fake then a mf i just added some bitch yesterday and it had me on the top fuck fr,0,0,0.0630935725879693
"RT @lategrllishaa_: ""@_reathie: ""@lategrllishaa_: ""@_reathie: @lategrllishaa_ &#128514;&#128514; whatUp""Wyd B &#128514;&#128514;&#128514;""chilling in the square wbu ?""bitch wat u &#8230;",rt whatupwyd b chilling in the square wbu bitch wat u,0,0,0.015581970417631475
@sophhh_marie ugly emo trash go cut,ugly emo trash go cut,1,0,0.08636497588934655
She's a dumb bitch. Should've just said no. Extra shit unnecessary &#8220;@_jazzybo: Lol relationship goals http://t.co/z6hQ1KQ6iB&#8221;,shes a dumb bitch shouldve just said no extra shit unnecessary lol relationship goals,0,0,0.005094948760716072
Fake ass hoes all around,fake ass hoes all around,0,0,0.0329760588981883
o yea!!! liking the yellow:) http://t.co/2wj4wdd0,o yea liking the yellow,0,0,0.016245079101356242
Surrender of Divinity - Conquerors of the Apocalypse: http://t.co/9Qv5RsY1p3 via @youtube &gt;Oriental Black Metal Hell!!,surrender of divinity conquerors of the apocalypse via gtoriental black metal hell,0,0,0.029840010371914586
RT @MarkB_LifeStyle: They trash... RT @B_Dot_Conto: Pointless Bitches In The Club RT @RooseveltChaun: Smfh http://t.co/X4o0wmAtws,rt they trash rt pointless bitches in the club rt smfh,0,0,0.005654559846433373
RT @DeolaCola: They don't make R&amp;B like THIS anymore!!!!!!! Dudes used to make you feel good about busting it wide open not call you a hoe &#8230;,rt they dont make rampb like this anymore dudes used to make you feel good about busting it wide open not call you a hoe,0,0,0.004685676359914912
"""@adriwadrri: No love for these fuck niggas"" hoes*",no love for these fuck niggas hoes,0,0,0.13660975824479837
Taught ma lil niggah how to treat a girl,taught ma lil niggah how to treat a girl,0,0,0.01909813876071915
"Young, stupid ass hoes these days&#128514;&#128514;#GOTDAYUM",young stupid ass hoes these days,0,0,0.06182268564515445
RT @KelsieBelsi: @Vntxnius lmao it will have a slope of -2x+1,rt lmao it will have a slope of 2x1,0,0,0.008766362559885183
Gucci fucked a lot more famous bitches but he the type to not have to speak on it.Wonder who opened their mouth?,gucci fucked a lot more famous bitches but he the type to not have to speak on itwonder who opened their mouth,0,0,0.024793816157519202
Supporters of officer Darren Wilson rally in St Louis http://t.co/HtfgJJ7kYt #ferguson #kkk #tcot #tpot #teabaggers #teaparty,supporters of officer darren wilson rally in st louis,0,0,0.030962088938361672
RT @Noworriezzzz: Don't lie to me bitch I'm giving you my heart,rt dont lie to me bitch im giving you my heart,0,0,0.0071467251319078775
"@TwoStarScoob good job tonight! You need to eat some crackers so,you'll stop throwing up !",good job tonight you need to eat some crackers soyoull stop throwing up,0,0,0.03516696303659516
"RT @RudeComedian: some bitches be like ""Im far from ugly"" naw hoe, you're closer than you think",rt some bitches be like im far from ugly naw hoe youre closer than you think,0,0,0.004163412153453919
This is why people are lucky they only deal with customers over the phone. There'd be a lot of choked out bitches if this was done in person,this is why people are lucky they only deal with customers over the phone thered be a lot of choked out bitches if this was done in person,0,0,0.034072251409617324
It's the most hillbilly thought ever. A thing is a way ONE TIME or to ONE AUDIENCE and therefore it must be that way always.,its the most hillbilly thought ever a thing is a way one time or to one audience and therefore it must be that way always,0,0,0.09996491194815353
@0hallis0n bitch caught a body about a week ago. Everybody catching bullet holes.,bitch caught a body about a week ago everybody catching bullet holes,0,0,0.005720402171916213
RT @CjayyTaughtHer: A boyfriend and girlfriend suppose to laugh at these hoes together. A guy should never have these hoes laughing at his &#8230;,rt a boyfriend and girlfriend suppose to laugh at these hoes together a guy should never have these hoes laughing at his,0,0,0.0007143937880794299
"Jai's hate for Jay is completely irrational hahaha I still love Jai though so if he needs someone called a faggot, I'll call someone a fag.",jais hate for jay is completely irrational hahaha i still love jai though so if he needs someone called a faggot ill call someone a fag,0,1,0.9328177093681127
He better choose up cuz ain't No Bitch checcin a nigga that she don't Fw for being wit other bitches...that don't even sound right &#9995;&#128514;&#128564;,he better choose up cuz aint no bitch checcin a nigga that she dont fw for being wit other bitchesthat dont even sound right,0,0,0.012901604248191121
"#AZmonsoon lot of rain, too bad it wasn't enough to wash away the teabagger racist white trash in the state. #Tcot #teaparty #azflooding",lot of rain too bad it wasnt enough to wash away the teabagger racist white trash in the state,1,1,0.9554007086701766
i still don't understand why bitches at my high shool would put on false eyelashes every fucking day,i still dont understand why bitches at my high shool would put on false eyelashes every fucking day,0,0,0.012215276652036441
Praise thy lord for this season of beanies that is upon us,praise thy lord for this season of beanies that is upon us,0,0,0.02525150937980605
"Have you ever popped champagne on a plane, while gettin some brain 
Whipped it out, she said ""I never seen Snakes on a Plane""",have you ever popped champagne on a plane while gettin some brain whipped it out she said i never seen snakes on a plane,0,0,0.14133563242639596
"RT @TaeCocky: I Hate when bitches get a man and start tweeting shit like ""LOL let me stop tweeting like this before he kills me &#128553;&#128553;&#128525;""",rt i hate when bitches get a man and start tweeting shit like lol let me stop tweeting like this before he kills me,0,0,0.001166605764554467
@AwiLL_2RECKLESS lmao omm you see the bitch tryna act like she ain't feel it ahaha,lmao omm you see the bitch tryna act like she aint feel it ahaha,0,0,0.0014406236469012726
Why is it always the fat bitches talking shit?,why is it always the fat bitches talking shit,0,0,0.04822105406413129
RT @RussBrandon: Thanks to Mr Wilson for passing along this tremendous responsibility. My sole focus is to empower our leadership to bui ...,rt thanks to mr wilson for passing along this tremendous responsibility my sole focus is to empower our leadership to bui,0,0,0.004665136542261661
Iont got no type NAW bad bitches is the only thing that I like,iont got no type naw bad bitches is the only thing that i like,0,0,0.004184408831136198
RT @ChrisJustJoking: Its Halloween everyday for dykes,rt its halloween everyday for dykes,0,0,0.017208829114983133
Plaid shorts bitches,plaid shorts bitches,0,0,0.01409327871276406
"RT @ItsSonGoku: Don't Get Spirit Bombed Lil Nigga RT @LeanandCuisine: Dragonball z trash, debate me if you want",rt dont get spirit bombed lil nigga rt dragonball z trash debate me if you want,0,0,0.12457902944709925
That pussy crying for help,that pussy crying for help,0,0,0.043591877973855254
guy complains to me: #gays are over-sensitive... my response: and look at you complaining like little pussy. waahh waahh #hypocrite,guy complains to me are oversensitive my response and look at you complaining like little pussy waahh waahh,1,0,0.008396682192265935
I tell bitches I got that I.T.S ( IKE TURNER SYNDROME ),i tell bitches i got that its ike turner syndrome,0,0,0.006297052596302111
You're such a pussy &#128514;&#128514;,youre such a pussy,0,0,0.014113383066012427
&#8220;@beautifullapril: About to go take over the A this summer. Binging alll the fly bitches to bless atl! #turnup!&#8221; Thank you!! &#128513;&#128513;&#128175;,about to go take over the a this summer binging alll the fly bitches to bless atl thank you,0,0,0.0023554149191015294
&#128514;&#128514; &#8220;@mcdonavins: Of course cooder's nudes are trash. She lives in the DMV what did you expect? &#128514;&#128514;&#128514;.&#8221;,of course cooders nudes are trash she lives in the dmv what did you expect,0,0,0.013865179061948028
RT @Dewis14: @H_ToTheOV @dbrad_80 @Coleduff24 @Peckadelic @bgulll1611 you're all pussies. Only men throw whammers in their assholes,rt youre all pussies only men throw whammers in their assholes,0,0,0.1474428121806469
"' Y'all hoes get turned on for no reason &#1041204;&#1041204; 
Be Like "" owieee he got tats , he bang , wifi with no password &#1041191; My... http://t.co/vxADs6boHa",yall hoes get turned on for no reason be like owieee he got tats he bang wifi with no password my,0,0,0.025254409352438313
"RT @dubstep_cowboy: #HowToGetAGirl do not and I repeat DO NOT! refer to her as your ""bitch""",rt do not and i repeat do not refer to her as your bitch,0,0,0.013518855167667447
Charlie Daniels couldve done a better job! #MNF,charlie daniels couldve done a better job,0,0,0.019080866352729927
RT @the_ironsheik: hello @TheBatman you are now official big time pussy,rt hello you are now official big time pussy,0,0,0.006355969604637741
"RT @ShabbaCranks: Running a train is fucking a bitch, you finish. Then somebody else come in and fuck the bitch. That's a gangbang speak of&#8230;",rt running a train is fucking a bitch you finish then somebody else come in and fuck the bitch thats a gangbang speak of,0,0,0.0180565863756478
"""Why would you want pussy on your side burns?.. Thats a good question"" @_hy0ung hahahahaha &#128514;",why would you want pussy on your side burns thats a good question hahahahaha,0,0,0.00431019164883549
&#8220;@ericwooden21 I need ran theo and theo HOMIE rocking the cool&#8221; I need some free shit or some hoes,i need ran theo and theo homie rocking the cool i need some free shit or some hoes,0,0,0.011754824787708121
"You fuck up , I try to be nice. I fuck up , you go ape shit and stay mad. Wtf haha",you fuck up i try to be nice i fuck up you go ape shit and stay mad wtf haha,0,0,0.04267442537275212
Too many bad bitches last night,too many bad bitches last night,0,0,0.004382486216690491
RT @Love_Zykerria: If he Can't hear that pussy Smacking then it ain't Wet enough!,rt if he cant hear that pussy smacking then it aint wet enough,0,0,0.0324753141989594
Call of duty out this bitch,call of duty out this bitch,0,0,0.011935351505949921
"@LandRoverUSA Our ""Disco"" we used for disaster recovery was an awesome brownie points to how well built they are. Most extreme conditions!",our disco we used for disaster recovery was an awesome brownie points to how well built they are most extreme conditions,0,0,0.013865077579395778
"RT @j0shlegend: Why is it always the bitches with no money, no job... no contribution to anything financial that have the highest standards&#8230;",rt why is it always the bitches with no money no job no contribution to anything financial that have the highest standards,0,0,0.004255478573028819
@harley_schuder @ShitPussiesSay and you're a hoe,and youre a hoe,0,0,0.020521157421338677
Eating pussy on top of my shoulders,eating pussy on top of my shoulders,0,0,0.01565734042572789
"RT @assholejaay: does being on my dick make any of yall hoes feel relevant ? if so , re evaluate your WHOLE life .. thanks",rt does being on my dick make any of yall hoes feel relevant if so re evaluate your whole life thanks,0,0,0.0019482626047747293
@EvelDick Y am I not surprised UGLY MIKE BOOGIE has to buy pussy??!!!!,y am i not surprised ugly mike boogie has to buy pussy,0,0,0.09175792559900549
"""Bae"" sounds like such a ghetto word. Use something else",bae sounds like such a ghetto word use something else,0,0,0.023824988034815798
Fizz a whole hoe outchea see would of been walking,fizz a whole hoe outchea see would of been walking,0,0,0.020715397783621813
"RT @goddesslaney: @lajouetreine if you give that statement any thought at all you will realize it makes no sense. At all. Please, think abo&#8230;",rt if you give that statement any thought at all you will realize it makes no sense at all please think abo,0,0,0.011837630635115691
Most niccas broke but always n the limelight,most niccas broke but always n the limelight,1,0,0.04699532729358384
"Okay, so maybe not every in #LosAngeles is evil. But I would 80% of the people I've encountered have been trash, another 10% barely human.",okay so maybe not every in is evil but i would 80 of the people ive encountered have been trash another 10 barely human,0,0,0.06438964407769718
@Hbt2013Mm I'll ask you same question Do you support border jumpers Do you support illegals,ill ask you same question do you support border jumpers do you support illegals,0,0,0.4176708428954358
' August Alsina Deserved that &#1043323;&#1043323;&#1043358; My niggah .,august alsina deserved that my niggah,0,0,0.07834557032104404
I'm going to be an ugly niggah for Halloween so I can just be myself.,im going to be an ugly niggah for halloween so i can just be myself,0,0,0.10811201988648265
I just be chillin tho .... I don't fuck w/ hoes or hoe niggas so I don't know about how they operate ... Maybe I'm wrong,i just be chillin tho i dont fuck w hoes or hoe niggas so i dont know about how they operate maybe im wrong,0,0,0.0026899148952761742
"ion sell vics no mo
ion drink lean no mo
bitch ion even smoke tree no mo",ion sell vics no mo ion drink lean no mo bitch ion even smoke tree no mo,0,0,0.000609362102906453
RT @ItsDomanic_: bitch you ain't getting none tho &#128514; &#8220;@BrianLovesAss_: I like big butts so I can grab them&#8221;,rt bitch you aint getting none tho i like big butts so i can grab them,0,0,0.0003536382484860458
"MURDER HER RT @RepMyCityX: When u fuck with crazy bitches shit like this happens :(
Feel bad for ol boy http://t.co/IjacWo6OB8",murder her rt when u fuck with crazy bitches shit like this happens feel bad for ol boy,0,0,0.003977524231125135
But you can't tell a broke bitch nothin &#128514;&#128514;&#128514; &#128056;&#9749;&#65039;,but you cant tell a broke bitch nothin,0,0,0.011565544666775125
I love how my brother actually tries to understand his girl and see her point of view when they argue instead of being a bitch about it .,i love how my brother actually tries to understand his girl and see her point of view when they argue instead of being a bitch about it,0,0,0.001444703128943683
@AlexSchnider niiice my nigga schinder pullin hoes,niiice my nigga schinder pullin hoes,0,0,0.047015678082948896
"little stupid ass bitch, I ain't fuckin wit chuuu",little stupid ass bitch i aint fuckin wit chuuu,0,0,0.011784255512874982
"@BasedBoy_Bob nigga said ""I woke up in a bed fulla bitches that I ain't een fuckin"" but idc his shit bout to be 10x harder",nigga said i woke up in a bed fulla bitches that i aint een fuckin but idc his shit bout to be 10x harder,0,0,0.01017456798793689
"""Have you seen my shows? Have you seen my hoes? If I wasn't hot would they be so thick?""",have you seen my shows have you seen my hoes if i wasnt hot would they be so thick,0,0,0.030222907015662364
RT @tracksideonline: There will be track sweeping during this yellow.,rt there will be track sweeping during this yellow,0,0,0.015106917421938466
RT @sydneysoleil: Spider-Man was a bitch highkey tho,rt spiderman was a bitch highkey tho,0,0,0.008852556357408337
"@TeamSky yellow in paris! Fantastic effort from #AllezWiggo and #VroomFroome..now just the last stage up for grabs #GoCav #TDF12""",yellow in paris fantastic effort from and now just the last stage up for grabs,0,0,0.012270353754365672
RT @WeAllKnowA: We all know a double faced bitch named Madison,rt we all know a double faced bitch named madison,0,0,0.005664551298985151
If u expect me to stop playin with niggas But u playin widd bitches I can't deal,if u expect me to stop playin with niggas but u playin widd bitches i cant deal,0,0,0.03859759586387809
Hoes be prayin niccas dnt kno dat background,hoes be prayin niccas dnt kno dat background,0,0,0.018744870188319905
RT @GaryLopez_19: I'm gonna make this math test my bitch tomorrow.,rt im gonna make this math test my bitch tomorrow,0,0,0.0058178413571203106
"RT @Douchekevin: Mustard is yellow.

*if my avi was big tits- this would be an epic tweet.",rt mustard is yellow if my avi was big tits this would be an epic tweet,0,0,0.0060434477679132525
RT @PimpUncleJoe: #MyGoalFor2012 UnHoe these bitches,rt unhoe these bitches,0,0,0.010349024198702006
.@rustyrockets with Putin pushing for land and China completely revamping their armed forces? You're a fucking retard. Stay out my country.,with putin pushing for land and china completely revamping their armed forces youre a fucking retard stay out my country,0,0,0.22681009976925534
@JawShoeeAhhh @FabianMleal suck a dick hoe,suck a dick hoe,0,0,0.028134881191056938
"Really. 3 hours to find paper work is retarded. Tarrant County Courts suck. 
#wasteoftime",really 3 hours to find paper work is retarded tarrant county courts suck,0,0,0.07916952516737288
"""@MotherJones: 10 birds your grandkids may never see, thanks to climate change http://t.co/XqmXHkAsWt http://t.co/RbITeGRnhm"" #Climate",10 birds your grandkids may never see thanks to climate change,0,0,0.0050832318086587
@CsSalazar15 yeah bitch hit me up when you get friend zoned Brody &#128076;&#128175;&#128175;,yeah bitch hit me up when you get friend zoned brody,0,0,0.009296817416091608
stupid bitch,stupid bitch,0,0,0.05633667638702526
Fuck these bitches RT @KingHorseDick: Stop women bashing RT @viaNAWF Them women don't exist in this generation.,fuck these bitches rt stop women bashing rt them women dont exist in this generation,0,0,0.020040893399245946
@4C_Ryan fag rhymes with gag.,fag rhymes with gag,0,0,0.3853292778247678
@hunterbuch66 @kieffer_jason @sbsylvester all u can pull is the fucking retard,all u can pull is the fucking retard,1,0,0.0801796246265503
"Roll that weed bitch
Shake that ass hoe",roll that weed bitch shake that ass hoe,0,0,0.012692014148729131
"RT @YungUgIy: just because i think you're fine don't mean i want you, you appealing to my eyes, not my heart bitch.",rt just because i think youre fine dont mean i want you you appealing to my eyes not my heart bitch,0,0,0.01692350141412775
"RT @cocaLove_: All it takes is one female to change that nigga, but it takes 100 niggas to change that hoe http://t.co/u0FdWrv17y",rt all it takes is one female to change that nigga but it takes 100 niggas to change that hoe,0,0,0.06181555777995985
"@Lillian__Taylor I'm apparently the ""Good Luck Chuck"" of bitches. -.-",im apparently the good luck chuck of bitches,0,0,0.005273771038372375
RT @FAAMMoverALL: This nigguh Chris Paul,rt this nigguh chris paul,1,0,0.02045370921920114
Im telling you man! RT @KfromtheG: Roethlisberger got his record expunged and became trash.,im telling you man rt roethlisberger got his record expunged and became trash,0,0,0.01660791995209007
Sources say that Charlie Crist is on the phone with Rick Scott as I type this to concede.,sources say that charlie crist is on the phone with rick scott as i type this to concede,0,0,0.0066356727844706625
@TB12FAN that's what I thought pussy,thats what i thought pussy,0,0,0.011864403492389968
@SchulzGrayson @Dswizzle3 if your going to talk shit at least back it up and fight bitch ass nigga i swear u niggas from are fake pussy boy,if your going to talk shit at least back it up and fight bitch ass nigga i swear u niggas from are fake pussy boy,0,0,0.06786589047882087
&#8220;@lilduval: Is it me or does Kim kardashian ain't looking as good no more&#8221;still look better then these so called bad bitches,is it me or does kim kardashian aint looking as good no more still look better then these so called bad bitches,0,0,0.005587762036419912
RT @heyamandakrebs: I bet there are hella rednecks who just got super pissed at that Coke commercial,rt i bet there are hella rednecks who just got super pissed at that coke commercial,0,0,0.01619683889896469
Devin Hester's a bitch,devin hesters a bitch,1,0,0.015965330716316832
RT @49ant: you aint getting no hoes to come back to the room with you if you staying at circus circus bruh,rt you aint getting no hoes to come back to the room with you if you staying at circus circus bruh,0,0,0.005329861633534198
A bitch wanna get slick &#128514;&#128079;&#9995;&#128133;,a bitch wanna get slick,0,0,0.02052192526115923
@TristenGQAss couldn't help it man. niggas pussy for robbing a chick and shootin her.,couldnt help it man niggas pussy for robbing a chick and shootin her,0,0,0.09160400071720648
"Oh you want pho? Well saimigi is ghetto pho, eat that shit since im broke&#128564;&#128514;",oh you want pho well saimigi is ghetto pho eat that shit since im broke,0,0,0.01121724515212481
RT @TheSchwagQueen: Niggas be in your messages like &#128536;&#128141;&#128149;&#128166;&#128272; &amp; be on Twitter like fuck bitches &#9994;&#128299;&#128184;Come on nigga which one you gone be Drake or&#8230;,rt niggas be in your messages like amp be on twitter like fuck bitches come on nigga which one you gone be drake or,0,0,0.21420996359151506
RT @NerdistDotCom: Forget your typical graduation speech. Charlie Day manages to be hilarious AND inspirational in today&#8217;s MIFVOTD: http://&#8230;,rt forget your typical graduation speech charlie day manages to be hilarious and inspirational in today s mifvotd,0,0,0.02301813855449909
RT @Derekisom: Making this first day my bitch,rt making this first day my bitch,0,0,0.021017384643052788
@Nashgrier purple monkey,purple monkey,0,0,0.057371864526046285
@kieffer_jason @NathannDevlin @zach_smith98 bitch I been in Plano every fuck weekend and you make excuses stfu and fight,bitch i been in plano every fuck weekend and you make excuses stfu and fight,0,0,0.01868702380391572
Facebook is for fags,facebook is for fags,0,0,0.23656260554363998
@_tee13 @TorahBlaze @Tommyguns____ @SoftestMuffin let one of them dingy real nigger dogs catch it. Miss Torah dont want that thot shit,let one of them dingy real nigger dogs catch it miss torah dont want that thot shit,0,0,0.013744432689624003
RT @Smokinonkaya_: She said I hurt her feelings now she dating dykes..,rt she said i hurt her feelings now she dating dykes,0,0,0.005679286633944729
"""But I need a bad bitch that's hotter than me"" might be the realist shit PartyNextDoor ever said. That's how I be feelin everyday",but i need a bad bitch thats hotter than me might be the realist shit partynextdoor ever said thats how i be feelin everyday,0,0,0.000978594367517256
My moms a worse bitch than me like ugh I can't stand that hoe.,my moms a worse bitch than me like ugh i cant stand that hoe,0,0,0.008426044315783175
Just touch down in Jamaica tryna smoke two acres . Send a nigguh to his makerr,just touch down in jamaica tryna smoke two acres send a nigguh to his makerr,0,0,0.011657559599180994
I hate bitches. Thirsty ass bitches,i hate bitches thirsty ass bitches,0,0,0.004050111981463437
&#8220;@CodeeJames: That one ex you can't seem to get over&lt;&lt;&lt;&#8221; an is a cunt!!,that one ex you cant seem to get overltltlt an is a cunt,0,0,0.03289602387653137
"You mad cuz I was in the van with yo bitch
With both hands on her tits",you mad cuz i was in the van with yo bitch with both hands on her tits,0,0,0.002795684656386249
@trestiffer lil b already to puff for the hoes,lil b already to puff for the hoes,0,0,0.014920309707412358
"Oreo Ice Cream Sandwich http://t.co/RM0KsY99Bc""",oreo ice cream sandwich,0,0,0.014126282452533358
@jkatz_ @kaylee_binion14 bitch. &#128534;,bitch,0,0,0.015965330716316832
RT @JusDontBlowMyHi: Y'all lucky DMX stopped makin music I'd still be barking at these hoes foo,rt yall lucky dmx stopped makin music id still be barking at these hoes foo,0,0,0.0047354241681546744
Word up doe! GM RT @shik702 Good morning....it's a celebration bitches!,word up doe gm rt good morningits a celebration bitches,0,0,0.009595659135321637
"RT @_clearlyspoken: Side bxtches gettin lit up outchea, y'all birds better tighten up.",rt side bxtches gettin lit up outchea yall birds better tighten up,0,0,0.07803002348346477
shit piss fuck cunt cocksucker motherfucker tits,shit piss fuck cunt cocksucker motherfucker tits,0,0,0.03970762084479228
RT @deviledlegs: drawing myself an organic powdered goats milk bath with rose petals and chopped clams eww what just kidding it's Mr. Bubbl&#8230;,rt drawing myself an organic powdered goats milk bath with rose petals and chopped clams eww what just kidding its mr bubbl,0,0,0.015449085868832294
RT @paidinfull_4: &#8220;@brennonthekidd_: what would u do? .. &#128561; http://t.co/RisLnwWIeR&#8221;kick that bitch down the stairs!,rt what would u do that bitch down the stairs,0,0,0.0041493828698305575
RT @Juicy_Squeaky: Any bitch who need a crowd to fight is clearly easily influenced &amp; weak minded &amp; most likely will commit suicide &#128514;&#128514;,rt any bitch who need a crowd to fight is clearly easily influenced amp weak minded amp most likely will commit suicide,1,0,0.001630997026420004
@pot_headed yeah I tend you grab ass &#128075;and smack bitches in the morning . I don't think you can hang lol&#128514;&#128076;,yeah i tend you grab ass and smack bitches in the morning i dont think you can hang lol,0,0,0.014747280358122812
WALK OFF HR! @Yankees,walk off hr,0,0,0.041898765831518865
"""riding with my bros still don't trust these hoes""",riding with my bros still dont trust these hoes,0,0,0.012388637765161158
&#128514;&#128514; mike calls me t-bird @mikemastroccco,mike calls me tbird,0,0,0.040100082145098345
RT @Murica_FuckYea: City bitches &#128514;&#128514;&#128514;&#128514;#starbucks #uggboots #Jellydoughnuts https://t.co/VVIT8HP40t,rt city bitches,0,0,0.00760460399746648
"RT @WBeezy_: ""@I_DontKIAra: my pussy dry 24/7 &#128530;"" http://t.co/yPvNTYdU28",rt my pussy dry 247,0,0,0.00998465967690347
"#MentionADislike hoes thinkin they bad even if they are I will tell her ""bitch calm down u average""",hoes thinkin they bad even if they are i will tell her bitch calm down u average,0,0,0.003106315179985146
@KelseyHison @JODYHiGHROLLER see bitch this is why you have no friends,see bitch this is why you have no friends,0,0,0.013507379403590076
I'm fasho in that hoe then! RT @BJayBlast: TBRetreat is about to be 21+? I'm in that hoe for real this time!,im fasho in that hoe then rt tbretreat is about to be 21 im in that hoe for real this time,0,0,0.0034040482923809036
RT @JManziel2: &#8220;@RealZachK0enn: @JManziel2 You're a faggot&#8221;you're a Texas fan...,rt youre a faggot youre a texas fan,1,1,0.5067179147618659
@coffincreepxx you had to throw in the faggot word smh smh smh,you had to throw in the faggot word smh smh smh,1,1,0.8084184288656281
Goes ape shit on my ass like nigggga tf you doin&#128545; i hust saved yo life so i pushed her ass into the the wall then she calmed down again&#128553;&#128529;,goes ape shit on my ass like nigggga tf you doin i hust saved yo life so i pushed her ass into the the wall then she calmed down again,0,0,0.11044206455951328
Any pussy I had I can get again!,any pussy i had i can get again,0,0,0.016788265662320907
"PHILOSOPHY EXISTENTIALISM AND DEPTH and not trash pop

#MTVHottestLanaDelRey",philosophy existentialism and depth and not trash pop,0,0,0.06243103728135443
"Col. Sanders, Part 2: ""...and those sons of bitches&#8212; they dragged it out and extended it and watered it down that I&#8217;m so goddamn mad!""",col sanders part 2 and those sons of bitches they dragged it out and extended it and watered it down that i m so goddamn mad,0,0,0.0131581602435901
Crack cocaine can steal your bitch from you,crack cocaine can steal your bitch from you,0,0,0.02267310172574418
RT @ryandolan123: when people say coloured http://t.co/2lKUkctPf0,rt when people say coloured,0,0,0.03752027856074646
"""I dont have hoes"" &#128564;",i dont have hoes,0,0,0.01383274146635795
BITCH!!! RT @jla_b: Stop thinking ur entitled to politically correct responses...bitch,bitch rt stop thinking ur entitled to politically correct responsesbitch,0,0,0.050241992434724256
On westside I'm screamin fuck KD bitch!!,on westside im screamin fuck kd bitch,0,0,0.020990872069811945
RT @AyeeDeb: Ray J is the perfect example of what happens when you give a lame nigga some pussy.,rt ray j is the perfect example of what happens when you give a lame nigga some pussy,1,0,0.05849511599655404
"I lost partners , bitches , money... But I never lost my mind",i lost partners bitches money but i never lost my mind,0,0,0.0011812260398176612
y'all hoes avoid schemes,yall hoes avoid schemes,0,0,0.026930756258839863
I'm the gym looking at bitches booty #creeping &#9996;&#65039;,im the gym looking at bitches booty,0,0,0.004335284105461709
RT @_2kkz: You niggaz really think yo niggaz/n yo bitch solid guarantee yo nigga will hav her choosin n wont tell ya,rt you niggaz really think yo niggazn yo bitch solid guarantee yo nigga will hav her choosin n wont tell ya,0,0,0.037354053076202376
@ShawnIrwin9 okay closet fag,okay closet fag,1,0,0.3085451539042756
Spongebob ass niccas fr,spongebob ass niccas fr,0,0,0.06886697594504923
RT @Brucewayneakia: This is what the niggers dont like http://t.co/0lRdpIZEd0,rt this is what the niggers dont like,0,1,0.5879018025378705
"She&#8217;s The key to world peace. RT @RepMyCityX: Hippo is such a pussy magnet
Gawd",she s the key to world peace rt hippo is such a pussy magnet gawd,0,0,0.006012297641982653
@MinuteManX1776 @TheyKnowNotWhat &lt;&lt; closet muzzie @MayberryJustin @AllForCountry @LilMissPrepper @ritzy_jewels @glinsan1,ltlt closet muzzie,0,0,0.11330457823428215
@Cuauhtli02 @elchavaloko @cafebabybull he's a cheating wetback,hes a cheating wetback,0,0,0.421298456406213
Smh ma niggah,smh ma niggah,0,0,0.1230924328524169
RT @_JohnFKennedy_: One man's trash is another man's wife #Fact,rt one mans trash is another mans wife,0,0,0.007462029601685257
RT @6THGRADER: Today seems like as good a day as ever to bang some bitches and go for ice cream.,rt today seems like as good a day as ever to bang some bitches and go for ice cream,0,0,0.0032561317679704023
can my cat not kill birds and make a huge mes of feathers,can my cat not kill birds and make a huge mes of feathers,0,0,0.021998398399781627
@lucas_wright955 @MichaelGT03 faggots,faggots,1,1,0.5043000251034574
#BlessJesusLove Happy Belated ( Sixty-Fifth) 65 Birthday *28 Aunt Mary Agnes #Strong,happy belated sixtyfifth 65 birthday 28 aunt mary agnes,0,0,0.015268734064849677
ima knock da pussy out like fight night,ima knock da pussy out like fight night,0,0,0.02547884465840986
RT @shelbieperdue: Instagram needs to stop being a bitch!,rt instagram needs to stop being a bitch,0,0,0.010751667758543151
Okay don't reply then I didn't want you to anyways bitch,okay dont reply then i didnt want you to anyways bitch,0,0,0.003337917229235748
@djceeloss handles lol that shit only 315 hp now your bitch is stick soo I know was good with them double shifting aha,handles lol that shit only 315 hp now your bitch is stick soo i know was good with them double shifting aha,0,0,0.002981355468352194
I be ready to tell a bitch shut da fuck up lol,i be ready to tell a bitch shut da fuck up lol,0,0,0.031025211037904322
@slickvick47 @itstattoos it's not colored in... dumb dick,its not colored in dumb dick,0,0,0.042032364506873754
Walk out that bitch like RT @MKellyRedmen25: Just murdered that test! http://t.co/XYiVSRbsop,walk out that bitch like rt just murdered that test,0,0,0.017343576318347438
RT @dylanhornick: @felferrara &amp; @_tiffanycarter rivvv tn. no bailing.. #pussies,rt amp rivvv tn no bailing,0,0,0.08380651809546352
&#8220;@StognerAllie: Jealous bitches be like ...'&#128514;&#128530;&#127797;.' &#128514;&#128514;&#128514;&#128128;&#8221;&#128514;&#128514;&#128514; don't subtweet me hoe,jealous bitches be like dont subtweet me hoe,0,0,0.0012265716388135714
This game on some shit!! Haha playing that hoe high had me and my nigggs trippen haha,this game on some shit haha playing that hoe high had me and my nigggs trippen haha,0,0,0.0012028787804361568
U want a big titty'd hoe-dyke to wash ya rims lls RT @DickGregory I expect a chick at da bikini car wash to rid my rims of all brake dust!,u want a big tittyd hoedyke to wash ya rims lls rt i expect a chick at da bikini car wash to rid my rims of all brake dust,0,0,0.03364732358271054
RT @ASAPYams: bitches out here not lovin they self enuff for the both of us juheard,rt bitches out here not lovin they self enuff for the both of us juheard,0,0,0.006279485906287148
Look at this fucking kaffirs hairdo. Only a nigger http://t.co/lmWqJ1EtOa,look at this fucking kaffirs hairdo only a nigger,0,1,0.5469510349319399
Yall know Skip Bayless is about to slit his wrists over Romo! Lol,yall know skip bayless is about to slit his wrists over romo lol,0,0,0.05796980793318122
RT @mrtruthandsoul: All I'm sayin is u bitches would hookup wit tha headless horseman cuz u think he all badass n shit but then u complain &#8230;,rt all im sayin is u bitches would hookup wit tha headless horseman cuz u think he all badass n shit but then u complain,0,0,0.004376913853014964
"@KamalShaqi @Kevinnnnn_05 it's funny how this page quoted my tweet about the term ""camel jockey"" bc I AM a fucking Arab you dumbass &#128529;",its funny how this page quoted my tweet about the term camel jockey bc i am a fucking arab you dumbass,0,0,0.13146189829267238
"RT @ThinknMoney_365: @Wendys , @TacoBell , &amp; @McDonalds yall bitches needa start delivering !!",rt amp yall bitches needa start delivering,0,0,0.0035722535389837006
RT @BaddieBellaDona: Instant mashed potatoes are trash &#128686;,rt instant mashed potatoes are trash,0,0,0.04630155024493869
"""@SukMySweetness: money only impress the simple broke bitches""",money only impress the simple broke bitches,0,0,0.0038266669558397752
"&#8220;@ShianneAlvarez: @187XO_ maybe cuz your putting trust in a "" bitch "" not a lady.&#8221; or maybe because this a fucking song",maybe cuz your putting trust in a bitch not a lady or maybe because this a fucking song,0,0,0.0015907380764526883
"RT @HistoryInPics: Allied soldiers mock Hitler atop his balcony at the Reich Chancellery, by Fred Ramage, 1945 http://t.co/hltkroqRys",rt allied soldiers mock hitler atop his balcony at the reich chancellery by fred ramage 1945,0,0,0.017813211147747792
Yeah Chris Brown definitely the realest waffle cone colored nigga of all time for that no bullshit song b that's exactly how I be feelin,yeah chris brown definitely the realest waffle cone colored nigga of all time for that no bullshit song b thats exactly how i be feelin,0,0,0.04020833218837932
The bitch is freeee!!!! ;D,the bitch is freeee d,0,0,0.015965330716316832
@mrgeology no you ignorant cement headed hillbilly. You said taxing. Cant you fuckin read you fucking knob gobbling douchebag,no you ignorant cement headed hillbilly you said taxing cant you fuckin read you fucking knob gobbling douchebag,1,0,0.28992370191189376
RT @HG_Shit: @1BookieG aye g.. I fucked yo bitch again by mistake..,rt aye g i fucked yo bitch again by mistake,0,0,0.005824746158070356
"RT @TattedPapiChulo: Females nowadays don't like to do anything freaky, because you niggas gossip about it like bitches",rt females nowadays dont like to do anything freaky because you niggas gossip about it like bitches,0,0,0.00947074002754756
@Herman_NYRBlog he's am has no clue #heeb,hes am has no clue,0,0,0.05061962700618215
"@politicsofamy Whoa easy Amy, don't slag the Canucks too much with such a generalization",whoa easy amy dont slag the canucks too much with such a generalization,0,0,0.02573207477788911
RT @SammyLightning_: Phil Simms is a pussy @TNasty4Teen,rt phil simms is a pussy,0,0,0.02813620559886102
Spics are half breed trash. No filthy native should be allowed to speak to any European.,spics are half breed trash no filthy native should be allowed to speak to any european,1,0,0.2555297214043987
RT @AnnTelnaes: Halloween candy corn bird http://t.co/kTNbyuTYKw,rt halloween candy corn bird,0,0,0.0049915500582522095
there's 13 people in my house and they're all yelling pls god give me the strength not to beat a bitch.,theres 13 people in my house and theyre all yelling pls god give me the strength not to beat a bitch,0,0,0.06889702314864257
"95% of the truly talented people i've come across are retarded professionally. 95% of the awful, untalented people are on point and polite..",95 of the truly talented people ive come across are retarded professionally 95 of the awful untalented people are on point and polite,0,0,0.07506145223056569
All the ratchet hoes on Cecil B,all the ratchet hoes on cecil b,0,0,0.008502894797022851
My wigga RT @showysantoro Ryan Gosling knocked up Eva Mendes swag that man the fuck out,my wigga rt ryan gosling knocked up eva mendes swag that man the fuck out,0,0,0.015636805470399865
Bitches rather be petty with his hoes instead of posting bail now that ah really fck em up.....psa,bitches rather be petty with his hoes instead of posting bail now that ah really fck em uppsa,0,0,0.00030511080618412606
@BeanRozay im Tokyo but I get higher than a jet. Killing these dog ass hoes had to send em to the vet! Produced by @TNKTheMonstah,im tokyo but i get higher than a jet killing these dog ass hoes had to send em to the vet produced by,0,0,0.07205715239386969
"&#8220;@YeridZee: I'm not a bitch like @Vikyfdez15 &#128129; lol&#8221; sorry not sorry, tried to give him a hint that I didn't want to speak to him so idc &#128524;",im not a bitch like lol sorry not sorry tried to give him a hint that i didnt want to speak to him so idc,0,0,0.008694865762068921
"@Midnight_Snacka bitch when r u going to get ur round, I just fucking said this just proving my point",bitch when r u going to get ur round i just fucking said this just proving my point,0,0,0.017813685684129128
RT @yglukeg: Why is Arizona hot as hell and then literally 5 minutes later it's fuckin Hurricane Katrina up in this bitch,rt why is arizona hot as hell and then literally 5 minutes later its fuckin hurricane katrina up in this bitch,0,0,0.03671185393314463
RT @FoxNews: #FoxNews projects that Wyoming Senator Mike Enzi will defeat Democratic challenger Charlie Hardy. #Election2014,rt projects that wyoming senator mike enzi will defeat democratic challenger charlie hardy,0,0,0.009677231437988055
Norwalk ghetto af lol all of a sudden everyone a dodger and raider fan,norwalk ghetto af lol all of a sudden everyone a dodger and raider fan,0,0,0.05238185699581344
This nigga solving rubik cubes doing magic tricks &amp; he still ain't getting no pussy &#128514;&#128514;&#128514;,this nigga solving rubik cubes doing magic tricks amp he still aint getting no pussy,0,0,0.010480378748303303
RT @VersaceLaFlare: everybody turning into assholes this year. Look what you&#8217;ve bitches have done to us.,rt everybody turning into assholes this year look what you ve bitches have done to us,0,0,0.03430734330364311
RT @TerryisBetter: What faggot complained about stretch marks?!? My nigga them shits taste like the swirls on cinnamon toast crunch http://&#8230;,rt what faggot complained about stretch marks my nigga them shits taste like the swirls on cinnamon toast crunch,0,1,0.851551276077316
"Parodies of Jihadi songs - more effective than asinine ""Muslims should condemn"" http://t.co/M6cNV3YsmV #HumorIsAWeapon",parodies of jihadi songs more effective than asinine muslims should condemn,0,0,0.02552384970777751
I just seen a hit bitch call a hit bitch ugly .. that shit be funny ctfu,i just seen a hit bitch call a hit bitch ugly that shit be funny ctfu,0,0,0.0774497499632901
Wait. What? RT @KingHorseDick: Y&#8217;all ever put ur finger in the lil hole in the back of the pussy? just me? Cool.,wait what rt y all ever put ur finger in the lil hole in the back of the pussy just me cool,0,0,0.0045583797422556515
I'm out this bitch,im out this bitch,0,0,0.007832233709748174
RT @CauseWereGuys: List of bitches who want my dick... http://t.co/RIlGVBoghl,rt list of bitches who want my dick,0,0,0.026571167956802953
1 more day bitches!!!!,1 more day bitches,0,0,0.01251980936141665
"curiosity killed the cat, bitches gunna die out here just to see my head game",curiosity killed the cat bitches gunna die out here just to see my head game,0,0,0.014321667820075499
That's all I'm saying you hoe ass niggas.,thats all im saying you hoe ass niggas,0,0,0.028136473424716625
@GrizzboAdams fucking block your white ass because you try to start shit like a fucking queer so fuck you NIGGA,fucking block your white ass because you try to start shit like a fucking queer so fuck you nigga,1,1,0.932777913735863
RT @AshlynnFullmer: This is my beach bitch @tonydecola http://t.co/uEqoEylafP,rt this is my beach bitch,0,0,0.013535701151256335
@IIiirb bitch ass,bitch ass,0,0,0.025634422125903233
"Stood outside for 5 minutes to take a phone call, went back in and looked in the mirror and saw a Somalian. Fuck the sun lil punk ass bitch",stood outside for 5 minutes to take a phone call went back in and looked in the mirror and saw a somalian fuck the sun lil punk ass bitch,0,0,0.038797769560359914
@TheRealCVL and @CoryHolmes24 are faggots. Kbye.,and are faggots kbye,1,1,0.5043000251034574
I bet you think you a no-chill savage huh. Fucking faggot @KILLSemaj,i bet you think you a nochill savage huh fucking faggot,1,1,0.6277745442686375
"""@X_XPDOTJDOT: Damn near gotta protect my tweets.. stalkers being annoying"" you got that dope dick. Drive these bitches loco",damn near gotta protect my tweets stalkers being annoying you got that dope dick drive these bitches loco,0,0,0.00044408969457913417
Honestly I think I would trash that young man. And I'll fuck his bitch. And I'll smack his mother. Prolly shot his ugly ass dog,honestly i think i would trash that young man and ill fuck his bitch and ill smack his mother prolly shot his ugly ass dog,0,0,0.15771505701061267
"""Hey pussy you still there?""",hey pussy you still there,0,0,0.012566213853535242
"I'm goin big, bitch, suck my dick",im goin big bitch suck my dick,0,0,0.006636285541440449
I'm old but my pussy still poppin tho,im old but my pussy still poppin tho,0,0,0.005952328022272301
@CallNeeshCakey I can't bitch,i cant bitch,0,0,0.015965330716316832
RT @kooleyCobain: You can't find what you lookin for cuz you too busy likin 2 or 3 bitches at a time and all the same.,rt you cant find what you lookin for cuz you too busy likin 2 or 3 bitches at a time and all the same,0,0,0.005976065248871495
"&#8220;@MarieLeVisual: if your wardrobe consist of mostly leggings, you's a hoe&#8221; guilty",if your wardrobe consist of mostly leggings yous a hoe guilty,0,0,0.0222862230759003
"RT @CoIlegefessions: ""My roommate is having sex and I'm eating Oreos. It's gonna be a great year!"" - Kutztown University",rt my roommate is having sex and im eating oreos its gonna be a great year kutztown university,0,0,0.0014818674081516188
RT @Buckm00se: @Eric_Mariners @_WhitePonyJr_ @JC_1221 this faggot is a lil attention whore fuck him #mute,rt this faggot is a lil attention whore fuck him,0,1,0.7649551008760185
stuffed her like an Oreo http://t.co/mPAjkWJbZp,stuffed her like an oreo,0,0,0.021558236588365382
"Don't ""k"" me you bitch",dont k me you bitch,0,0,0.017072276397118096
"Everybody loves pot brownies, but I bring crystal meth cupcakes to a party, Suddenly I'm the weirdo",everybody loves pot brownies but i bring crystal meth cupcakes to a party suddenly im the weirdo,0,0,0.007140220963941083
Vine is filled with pussy lol smh,vine is filled with pussy lol smh,0,0,0.02640639051698809
Come her lil bitch I want that sloppy toppy,come her lil bitch i want that sloppy toppy,0,0,0.010734407571208783
"Especially that wee cunt that walks about tensing all the time lol, sup wae that shit? You are 5 foot fuck all. Tank my motherfucking arse",especially that wee cunt that walks about tensing all the time lol sup wae that shit you are 5 foot fuck all tank my motherfucking arse,0,0,0.08069777280765932
Lol bitches be hella mad about they exs like why can't you be friends and forget about the past,lol bitches be hella mad about they exs like why cant you be friends and forget about the past,0,0,0.007583188111601779
RT @DookieWithMe: &#128514; RT @itsablackguy: I&#8217;m assuming she got a cup on RT @AssholeFrmNY: Her pussy got a bicep b. wtf? http://t.co/Cl4jhGmXpi,rt rt i m assuming she got a cup on rt her pussy got a bicep b wtf,0,0,0.018922253077180092
"""@Allyhaaaaa: Lemmie eat a Oreo &amp; do these dishes."" One oreo? Lol",lemmie eat a oreo amp do these dishes one oreo lol,0,0,0.007244902967592584
Long hair = pussy any time you want it,long hair pussy any time you want it,0,0,0.007025500725592449
"""@YoungRicooo: &#8220;@WexicanAfro702: Don't take advantage of a nice person&#8221;@ hoes""@ everyjuan",dont take advantage of a nice person hoes everyjuan,0,0,0.019253947222552567
"""@NastyCopper: Money getting taller and bitches getting blurry""",money getting taller and bitches getting blurry,0,0,0.002591919080632654
Traffic in the gables &lt;&lt;&lt;&lt;&lt;&lt;&lt;&lt;,traffic in the gables ltltltltltltltlt,0,0,0.05020372358796218
"if bitches wanna nigga, get off the couch and go fine one&#128129;",if bitches wanna nigga get off the couch and go fine one,0,0,0.03307275953725794
"@Texgalleslie 
You can bet Valerie Jarret has her hands all over this ""humanitarian Crisis"". I Didn't vote for that commie bitch.",you can bet valerie jarret has her hands all over this humanitarian crisis i didnt vote for that commie bitch,0,0,0.0024071737957084166
bitches who never knew me now calling me WesGod &#128524;,bitches who never knew me now calling me wesgod,0,0,0.014550568905507115
"RT @Suga_Titts69: ""@Vivalaquintaa: You a sucka hoe...sucka hoe im succsess",rt you a sucka hoesucka hoe im succsess,0,0,0.021572786665678904
Did I just see a white bitch getting licked between her legs by a dog? Nasty fuck!,did i just see a white bitch getting licked between her legs by a dog nasty fuck,0,0,0.07533969515114208
*Does backflip* THISSSSSSSS!!! RT @Krislisisms: You niggas switch up your opinions like faggots,does backflip thissssssss rt you niggas switch up your opinions like faggots,0,1,0.6666319278939856
"RT @andresdavid: Saying, ""Who cares?"" comes from a privileged position. May you never experience what a queer person goes through, and may &#8230;",rt saying who cares comes from a privileged position may you never experience what a queer person goes through and may,0,0,0.15214847463738335
I just need the Yankees to win the pennant!,i just need the yankees to win the pennant,0,0,0.007846358320642538
It's like zero bitches in nap that's gon stick by yo side if you fall off &#128175;,its like zero bitches in nap thats gon stick by yo side if you fall off,0,0,0.0012853486318156182
Sit the fuck down bitch RT @410_Mal: STFU RT @Thotcho: Y&#8217;all act like it doesn&#8217;t get cold in Denver.,sit the fuck down bitch rt stfu rt y all act like it doesn t get cold in denver,0,0,0.07069284595874836
@joshmtz1199 bitch I'm starving!,bitch im starving,0,0,0.021760365344005238
@kieffer_jason i swear u a fuck nigga u a scary little bitch u think this a game huh?,i swear u a fuck nigga u a scary little bitch u think this a game huh,0,0,0.051713242072461654
"RT @TroyMadden: If I see a bitch walking around wearing what Rihanna had on ima grab a titty and hoe I dare you to get mad, we can fight ab&#8230;",rt if i see a bitch walking around wearing what rihanna had on ima grab a titty and hoe i dare you to get mad we can fight ab,0,0,0.00021615014635539975
@_tiffnasty bitches will great valuable pussy always make you use protection. Too many nasty dick niggas out here,bitches will great valuable pussy always make you use protection too many nasty dick niggas out here,0,0,0.0035937606825218395
@red_daddy17 @lilJohn_Fnv9 and dis wus after i offered to help faggot ass nigga get custody of his kids.... Im lowkey heated..,and dis wus after i offered to help faggot ass nigga get custody of his kids im lowkey heated,0,1,0.7804168253076669
these hoes bout to prosper on cinegram #LORDWILLIN,these hoes bout to prosper on cinegram,0,0,0.007071589548022001
RT @Cashmere_Nasir: @SkinnyBee__ @BossLifePiFF you lil stupid lil bitch she ain't fuckin with you (bug Sean voice),rt you lil stupid lil bitch she aint fuckin with you bug sean voice,0,0,0.0029495455309337905
"RT @kwagiheath: It's ""Comfortable"" but niccas like me say ""Com-tha-ble""...smh",rt its comfortable but niccas like me say comthablesmh,1,0,0.08874163156093252
That bitch is corn fed,that bitch is corn fed,0,0,0.024519643881050046
So much for #UCLA being the team to beat they are trash,so much for being the team to beat they are trash,0,0,0.06016548464061821
RT @worst_B_ehavior: If you don't give your bf head you're a lame bitch and he's probably cheating on you with a bitch the suck his shit dr&#8230;,rt if you dont give your bf head youre a lame bitch and hes probably cheating on you with a bitch the suck his shit dr,0,0,0.007231040339811495
"""@ReachtheeCLIMAX: bitches can't cook but know how to suck dick .."" s/o to the ones that can do both!",bitches cant cook but know how to suck dick so to the ones that can do both,0,0,0.01052928900552319
@Zhugstubble eat bitch,eat bitch,0,0,0.009791324051424749
RT @RakwonOGOD: i started fuckin with bitches who believe everything their horoscope say.they believe the dumbass horoscopes they gunna bel&#8230;,rt i started fuckin with bitches who believe everything their horoscope saythey believe the dumbass horoscopes they gunna bel,0,0,0.011619521365750512
Wut a bitch,wut a bitch,0,0,0.015965330716316832
"Fight night tonight, go Cotto. Smack that pompous cunt down in front of millions. #MayweatherCotto",fight night tonight go cotto smack that pompous cunt down in front of millions,0,0,0.06704458514183735
Face only yo bitch could love http://t.co/OckXAYthAK,face only yo bitch could love,0,0,0.011955738474881216
My pussy ass car won't start.... It's scared of the cold....,my pussy ass car wont start its scared of the cold,0,0,0.005126684110790696
"u know u watch too much gay porn when u refer to boy butts as ""man ass"" or ""boy pussy"" bc me in my head 24/7",u know u watch too much gay porn when u refer to boy butts as man ass or boy pussy bc me in my head 247,0,0,0.04124695284192788
I titty wrecked ya bitch.,i titty wrecked ya bitch,0,0,0.00562187600777129
RT @NicksTape15: DeJ Loaf is trash. Pure trash.,rt dej loaf is trash pure trash,0,0,0.0825745434900319
"RT @OwwKiana: Little niggas love making their girlfriends look stupid, entertaining other bitches and so on, a real nigga would never&#128175;",rt little niggas love making their girlfriends look stupid entertaining other bitches and so on a real nigga would never,0,0,0.35353432707585836
"We just chasing O's round here. We ain't chasing hoes round here 
&#128176;&#128181;. &#127939;&#128168; &#128581;",we just chasing os round here we aint chasing hoes round here,0,0,0.03915669356084503
@kayliefarmer @bbluedreamm no but if you dare I'll slay your ass. You fruity quaffing tranny.,no but if you dare ill slay your ass you fruity quaffing tranny,0,0,0.02406171022596998
"RT @jburnone: Cheating ain't no accident hoe!
 fallin off a bike is a accident! 
I ain't never seen a bitch trip &amp; land on no dick!",rt cheating aint no accident hoe fallin off a bike is a accident i aint never seen a bitch trip amp land on no dick,0,0,0.0003302469997084284
Sis said go to sleep I said bitch it's our b day I ain't sleeping &#128540;&#128540;&#128540;,sis said go to sleep i said bitch its our b day i aint sleeping,0,0,0.017889937477011213
This bitch done blew my high and I was high off all of these drugs,this bitch done blew my high and i was high off all of these drugs,0,0,0.00882034070689868
RT @Now_Thats_Fresh: YG threw a pool party and wore pants with chucks. His sole purpose of throwing that party was to fuck bitches out there,rt yg threw a pool party and wore pants with chucks his sole purpose of throwing that party was to fuck bitches out there,0,0,0.0008011289601573409
Nigga pee wee is a bitch,nigga pee wee is a bitch,0,0,0.03237638734704909
@RealWallieWall Sheet i can't do that too a cripple,sheet i cant do that too a cripple,0,0,0.03708959187947349
RT @AIlThese: All these clocks and we still don't have time for these hoes http://t.co/oZm4cQe5Me,rt all these clocks and we still dont have time for these hoes,0,0,0.01357743914077831
@ShayLovesYa bitch u lame as fuk lol,bitch u lame as fuk lol,0,0,0.03672148749918935
RT @olmelonhead: bitches be acting different! &#128514; buuut it's cool! &#128129;,rt bitches be acting different buuut its cool,0,0,0.011755048582079179
You know random niggaz and bitches wish the worst on eachother... Just look at their tweets.,you know random niggaz and bitches wish the worst on eachother just look at their tweets,0,0,0.011931486201920237
"RT @Yankees: Gardy goes yardy again! He leads off the game with a HR for the second straight night, and it's 1-0 #Yankees!",rt gardy goes yardy again he leads off the game with a hr for the second straight night and its 10,0,0,0.01185542877038837
@THYGOAT @ItsVinnyDoe_ those crackers will leave you parched asf,those crackers will leave you parched asf,0,0,0.0394582448624816
#gouache #inktober #oldpainting #mt #tiki #wahine #surf #monkey #bright #happysunday #peace wishing&#8230; http://t.co/l73hiK0IZ8,wishing,0,0,0.05020372358796218
"RT @BasedDizenn: line my shit up with god cards, bitch http://t.co/lQ0XIUqJmR",rt line my shit up with god cards bitch,0,0,0.019322720573014422
I really don't like that nigguh Paul tho,i really dont like that nigguh paul tho,0,0,0.08394138326262957
"@__0utcast___ but then they said ""oh nah ur not"" but dude I'm getting to be a heartless bitch have you not met me",but then they said oh nah ur not but dude im getting to be a heartless bitch have you not met me,0,0,0.003934991720996394
"RT @grindingdude: #13Hours of hell. Obama flat out lied to get reelected. #killery &lt;What diff does it make now? 

Karma, it's a bitch! http&#8230;",rt of hell obama flat out lied to get reelected ltwhat diff does it make now karma its a bitch,0,0,0.001464603007570517
@idochips honky tonk badonka ankh,honky tonk badonka ankh,0,0,0.043093820504343586
RT @JazzRiley: Wat type of bitch ass nigga rape a innocent female,rt wat type of bitch ass nigga rape a innocent female,0,0,0.1053917316040152
"@markoketchuck the black girl is lighter than every other bitch on here! y'all needa stop playin, fuckin up darkskin girls' body image",the black girl is lighter than every other bitch on here yall needa stop playin fuckin up darkskin girls body image,0,0,0.0022493887548231755
@JuliaDBrock I'm not a bitch. Take it back.,im not a bitch take it back,0,0,0.007832233709748174
RT @KingLekan90210: All the hoes know each other &#128514;&#128553;,rt all the hoes know each other,0,0,0.009989823883374318
RT @KoolQueef: I gave up calling my wife a nigger during sex for lent.,rt i gave up calling my wife a nigger during sex for lent,0,0,0.13072223024279006
RT @kurngb: Fuck wrong w/ these bitches lately?,rt fuck wrong w these bitches lately,0,0,0.011876582444667662
@yobritttany I didn't know that was a fad sounds fucking retarded haha,i didnt know that was a fad sounds fucking retarded haha,0,0,0.02248359552195268
"@JunDishes get a can of WASP SPRAY. it shoots out 20 feet and cheaper than bear spay or mace, works just as good",get a can of wasp spray it shoots out 20 feet and cheaper than bear spay or mace works just as good,0,0,0.0167661620309921
@DavetheBrave1 come over hoe,come over hoe,0,0,0.02188514143448231
"RT @iPreferAriPlz: Every time a Black woman says ""oh bitch"", I smile.",rt every time a black woman says oh bitch i smile,0,0,0.015152822888074052
"@amck73 And because it sounds like there is NO prenup, he's gonna cash in, not her. He apparently has ghetto credit. 'magine that?!",and because it sounds like there is no prenup hes gonna cash in not her he apparently has ghetto credit magine that,0,0,0.12654175895286238
"#rejectedpeanutsspecials Its The Grape Crackhead, Charlie Brown!",its the grape crackhead charlie brown,0,0,0.005630968796387881
Ugly fucking nigger baby. Thought it was a gorilla at first.14/88 http://t.co/Bq3G01rxKN,ugly fucking nigger baby thought it was a gorilla at first1488,1,1,0.6359956378786394
Hah a big LOL to all the tacky faggots,hah a big lol to all the tacky faggots,0,0,0.3084753932884273
"If you got a good girl don't turn her into a ""bad bitch"".",if you got a good girl dont turn her into a bad bitch,0,0,0.0042902464984636195
"RT @HuffingtonPost: Obama: ""I will always do what is necessary to protect the American people and defend against evolving threats to our ho&#8230;",rt obama i will always do what is necessary to protect the american people and defend against evolving threats to our ho,0,0,0.13860452543900784
@_turtle_gang lets fuck hawt bitches at Foam and Glow?&#128527;,lets fuck hawt bitches at foam and glow,0,0,0.013259969362264404
Just stop being a hoe God dammit bitch it ain't that hard,just stop being a hoe god dammit bitch it aint that hard,0,0,0.0009401756468721241
dey selling liquor drinks in dis bitch too!! &#128514;&#128514;,dey selling liquor drinks in dis bitch too,0,0,0.011242294848018896
Thump you right in the throat bitch,thump you right in the throat bitch,0,0,0.03994181680381843
Obama's Hellfire missiles tend to vaporize Jihadis @BemetOr8 @PureMonotheist #UniteBlue,obamas hellfire missiles tend to vaporize jihadis,0,0,0.04170511652724201
Because a nigguh but don't mean you're pussy is bomb,because a nigguh but dont mean youre pussy is bomb,0,0,0.0107786447773583
@Princesslexii16 Damn you just called yourself a bitch bruh ? Lol &#9995;,damn you just called yourself a bitch bruh lol,0,0,0.01740066455874915
RT @Chuck_Strangers: When I say faggot it just means someone who is fucking weak...,rt when i say faggot it just means someone who is fucking weak,0,0,0.40054836278474376
"Oops, I just had a Freudian slit.",oops i just had a freudian slit,0,0,0.049781425245647624
@Mahdyymahd @SoftestMuffin @_tee13 @TorahBlaze like the cure time when u shut da fuck up from gettin in other folks bizness like a lil bitch,like the cure time when u shut da fuck up from gettin in other folks bizness like a lil bitch,0,0,0.21126085884398219
"@StPaul_Brandon 
She colored not Lebanese",she colored not lebanese,0,0,0.04139266061403063
That damn lispy mouth bitch knows.good in hell well Tara wasn't a damn roommate! Damn rocks for brains man! Lol,that damn lispy mouth bitch knowsgood in hell well tara wasnt a damn roommate damn rocks for brains man lol,0,0,0.0022870506275317394
RT @badgalZolanski: Retweet if ur dick will choke a bitch &#128514;,rt retweet if ur dick will choke a bitch,0,0,0.009043498066373034
"&#8220;@21Cvasquez: My brother is a bitch, pussy, faggot, etc.&#8221; you just like getting beat up don't you?",my brother is a bitch pussy faggot etc you just like getting beat up dont you,0,0,0.037047997695629206
"@MrMooncricket @RacistNegro69 fuck you, stupid ass coward ass punk bitch faggot ass racist piece of shit. Punk. Bitch, ain't worth my time!",fuck you stupid ass coward ass punk bitch faggot ass racist piece of shit punk bitch aint worth my time,1,0,0.3550343231541913
@polotags20 pussy,pussy,0,0,0.016788265662320907
&#8220;@__kiante: &#8220;@1017_Sqquad: Iont got not type ... Bad bitches is the only thing that I like&#8221; ayeee!!&#8221; Throw that ass in a sphere &#128064;&#128514;,iont got not type bad bitches is the only thing that i like ayeee throw that ass in a sphere,0,0,0.0064984552751096575
Get your slow ass out my way #bitch,get your slow ass out my way,0,0,0.07016247469856231
My mom just bought a bunch of new sandles &amp; then chipped her toe nails now it's like World War 3 in this bitch,my mom just bought a bunch of new sandles amp then chipped her toe nails now its like world war 3 in this bitch,0,0,0.026921673118119174
@lifeof_brandon bitch I called yu back,bitch i called yu back,0,0,0.013805896234245081
"@DougBenson hey you bitch, you should get the @lucasbros on your show. They'd be perfect for it! I'm kidding about the bitch part.",hey you bitch you should get the on your show theyd be perfect for it im kidding about the bitch part,0,0,0.001296878846490645
"RT @TheDrunkStory: ""My bro made out with an ugly chick at a festival while drunk so now he's known as Larry bird because he hits ""threes"""" &#8230;",rt my bro made out with an ugly chick at a festival while drunk so now hes known as larry bird because he hits threes,0,0,0.013142588976515433
@AustinG1135 go to sleep faggot!,go to sleep faggot,0,0,0.4048628252838352
All you bitches thirsty hella worried about IG,all you bitches thirsty hella worried about ig,0,0,0.004413698450645952
RT @BrooksBeau: Follow spree cunts. Just retweet this #followmeBeau,rt follow spree cunts just retweet this,0,0,0.025100128892576828
Bout to put me some hoes on backpage .. Try my pimp hand out! &#128526;&#128075;&#128162;,bout to put me some hoes on backpage try my pimp hand out,0,0,0.0047708484687701115
@SHAIkethatAss and I replied hoe http://t.co/738UP5PLia,and i replied hoe,0,0,0.017956235030136325
"RT @wilw: Even shorter Charlie Sheen: ""Your move, Mel Gibson.""",rt even shorter charlie sheen your move mel gibson,0,0,0.008249803875529751
When niggas say they like Latinas they don't mean you fat bitches that smell like fajitas,when niggas say they like latinas they dont mean you fat bitches that smell like fajitas,0,0,0.372155767975562
I can tell when certain and specific people are posting on a group/corporate fb/twitter page by the consistent retarded hashtags #makeshitup,i can tell when certain and specific people are posting on a groupcorporate fbtwitter page by the consistent retarded hashtags,0,0,0.060219730421319465
Im only cocky to hoes hmmm i wonder why prolyy cuz i dont fuck wit yall,im only cocky to hoes hmmm i wonder why prolyy cuz i dont fuck wit yall,0,0,0.012871715986239535
My advice of the day: If your a tranny.....go fuck your self! http://t.co/W5G2zhZkU6,my advice of the day if your a trannygo fuck your self,1,0,0.03972401211394624
@rebellious_midy lls omg omg me too getting harrassed by my bby father smh on ig tlk bout hw mch he miss me bitch please,lls omg omg me too getting harrassed by my bby father smh on ig tlk bout hw mch he miss me bitch please,0,0,0.005950917119656977
RT @lexxxilove: I wake up in the middle of the night and chug the orange juice straight from the bottle. Sorry mom.,rt i wake up in the middle of the night and chug the orange juice straight from the bottle sorry mom,0,0,0.025666009550149884
&#8220;@__IamAnnaY: bitch gotta work all hard to clean that shit without ripping her skin&#8221; LMAOSJDUSUBEJS,bitch gotta work all hard to clean that shit without ripping her skin lmaosjdusubejs,0,0,0.003812407214090084
Miami bitches,miami bitches,0,0,0.007022256239690888
"RT @MidniteBoss: If you snipe, you're a fucking faggot. I fucking hope all of you snipers get fucking raped and suffer from cancer.",rt if you snipe youre a fucking faggot i fucking hope all of you snipers get fucking raped and suffer from cancer,1,1,0.937115997252673
@vivaalakatyy @brotherbill7 @JHuff_5 good bitch choke,good bitch choke,0,0,0.00927615139038076
"Detroit Lions, bitch",detroit lions bitch,0,0,0.007957938991624981
I'm tryna turn M's to B's innis bitch and I ain't never paid to be wit no bitch!,im tryna turn ms to bs innis bitch and i aint never paid to be wit no bitch,0,0,0.001440533933740627
"#porn,#android,#iphone,#ipad,#sex,#xxx, | #Ebony | ebony texas bbw with big deep pussy http://t.co/dBbxsoW8M2",ebony texas bbw with big deep pussy,0,0,0.004091164613481718
"@XXXratedLIPSS I always want to speak to ppl I converse with on twitter but they always look at me like ""bitch, Idk you in REAL life.."" smh",i always want to speak to ppl i converse with on twitter but they always look at me like bitch idk you in real life smh,0,0,0.07029368194033848
You knows dat once you white bitches has da black cock on yo uptight white asshole you wants it again and again and again,you knows dat once you white bitches has da black cock on yo uptight white asshole you wants it again and again and again,0,0,0.14183796707538346
"RT @lnsaneTweets: once i take my bra off, don&#8217;t ask me to do shit for u bitch bc once that bra comes off, i am clocked out of life

i am do&#8230;",rt once i take my bra off don t ask me to do shit for u bitch bc once that bra comes off i am clocked out of life i am do,0,0,0.007482018833399366
Yo main bitch that's my side hoe !,yo main bitch thats my side hoe,0,0,0.001759738936293838
Someone please bring me Goldfish crackers,someone please bring me goldfish crackers,0,0,0.033157313520263736
What manner of black folk take their kids riding in the ghetto to point out misplaced youth and victimized &amp; cursed brethren and say:,what manner of black folk take their kids riding in the ghetto to point out misplaced youth and victimized amp cursed brethren and say,0,0,0.1837040663642227
&#8220;@DreStiles &#8220;@DrTruth247: Buddy drug the whole train lmao good ... extra ass hoes&#8221; hate them NY hoes&#8221;me too,buddy drug the whole train lmao good extra ass hoes hate them ny hoes me too,0,0,0.008931651442319695
"ain't my hoe, I just thought it was.&#128524;&#128080;",aint my hoe i just thought it was,0,0,0.006969202605843539
Burritos are trash,burritos are trash,0,0,0.03682260412861692
@RoyallyKate So says the one who fills an empty hole inside herself by worshiping a royal. Who 4 all u kno may be a raging snotty bitch,so says the one who fills an empty hole inside herself by worshiping a royal who 4 all u kno may be a raging snotty bitch,0,0,0.0031778686205097247
The bad bitches still awake?,the bad bitches still awake,0,0,0.0049530030256252
"Tryna determine if she a bad bitch, but then twitter saves her http://t.co/WNBfuiuU04",tryna determine if she a bad bitch but then twitter saves her,0,0,0.005802163395737339
' These niggahs bitches call they momma tell her come and get'emm ! It's either that it shoot him or shoot whoever with him .,these niggahs bitches call they momma tell her come and getemm its either that it shoot him or shoot whoever with him,0,0,0.03726814465266557
Pappadeaux bread with the scampi butter RT @_ChickenGeorge Her pussy tastes like? http://t.co/QFqYC7G7px,pappadeaux bread with the scampi butter rt her pussy tastes like,0,0,0.014661886690234709
RT @GorgeousCamry_: it's two different things you hoes should know because a lot of you hoes THINK yal know me !,rt its two different things you hoes should know because a lot of you hoes think yal know me,0,0,0.0015616299952754724
"RT @FlyEaglesNation: Yeah, #Eagles definitely aren't finishing 4th in division. Not this year bitches.",rt yeah definitely arent finishing 4th in division not this year bitches,0,0,0.001347537209634096
go get left in a hot car and die bitch,go get left in a hot car and die bitch,1,0,0.01405713088373197
Fake ass people. That's why I don't have no respect for em. Frontin ass bitches too,fake ass people thats why i dont have no respect for em frontin ass bitches too,0,0,0.02022814234952656
#xfactorau sick of guys who sing like pussies. Where are the rock type men?,sick of guys who sing like pussies where are the rock type men,0,0,0.022936906655670698
"Calling these nasty hoes out! 
Mrs. Wells is too real&#128514;&#128514;&#128514; http://t.co/D4EnQkDswR",calling these nasty hoes out mrs wells is too real,0,0,0.009607886297000654
"the type of pipe to put rhianna to sleep
excuse me that bitch been on my mind all week",the type of pipe to put rhianna to sleep excuse me that bitch been on my mind all week,0,0,0.008793065002980107
"u sent nudes when ina relationship or nah? ""@JazmineJanay_: Her pussy bleeding or nah? ""@GraePharoah: -_- http://t.co/W9ZPJfk93r""",u sent nudes when ina relationship or nah her pussy bleeding or nah,0,0,0.004829667906250637
All the bad bitches think they ugly and all the roach bitches think they bad-_-,all the bad bitches think they ugly and all the roach bitches think they bad,0,0,0.011083516050601852
I like a hoe that like a hoe just for my amusement,i like a hoe that like a hoe just for my amusement,0,0,0.00341146141509065
"RT @SweetiePaii: RT if you listen to these bands &#128522;

A7X
PTV
SWS
ATL
BVB
ADTR
BMTH
YMAS
FOB
AA
Blink 182
TDG
SS
FIR
MCR

Follow me &amp; everyon&#8230;",rt rt if you listen to these bands a7x ptv sws atl bvb adtr bmth ymas fob aa blink 182 tdg ss fir mcr follow me amp everyon,0,0,0.040306585341060165
"RT @TheBloodShow: I hate typing something so detailed &amp; somebody respond with ""huh?"" bitch I'm Finna type the same thing twice dumb bitch",rt i hate typing something so detailed amp somebody respond with huh bitch im finna type the same thing twice dumb bitch,0,0,0.08649320770356066
no flex zone.... hoe,no flex zone hoe,0,0,0.015965805469551102
@alyssadugan15 cry about it. You still can't even talk to me even though I'm supposedly the shady bitch that won't confront you lol,cry about it you still cant even talk to me even though im supposedly the shady bitch that wont confront you lol,0,0,0.009964311468982974
&#128557;&#128557;&#128557; RT @EsckmoTrent: I swear Niggas use to step one foot off the bus and bitches would be like NEXTTTT &#128553;&#128514;&#128514; http://t.co/XjKUdt4BUB,rt i swear niggas use to step one foot off the bus and bitches would be like nextttt,0,0,0.008329732031167053
That stupid bitch karma best pay up,that stupid bitch karma best pay up,0,0,0.02634291115592568
"You know you are in the ghetto when you see streets named Martin Luther King Jr &amp; LittleJohn. 
#halp",you know you are in the ghetto when you see streets named martin luther king jr amp littlejohn,0,0,0.01090296726966166
RT @iDntWearCondoms: If your friend is a hoe u a hoe too. Birds of a feather flock together,rt if your friend is a hoe u a hoe too birds of a feather flock together,0,0,0.0012548097186960221
I fuck bitches &#128175;&#128536;&#128541;&#128539;&#128525; better watch yah hoe &#128175;&#128129;&#128168;&#128069;&#128109;,i fuck bitches better watch yah hoe,0,0,0.0078115245615832975
RT @BigGhostLtd: Shit hoes post on instagram pt 1... http://t.co/s311OC3EK9,rt shit hoes post on instagram pt 1,0,0,0.0027308802539551336
"That's a deal breaker, yo pussy shouldn't smell like my sweaty hooping shorts",thats a deal breaker yo pussy shouldnt smell like my sweaty hooping shorts,0,0,0.023585472233918475
RT @officialmckell: &amp; ima eat that pussy all filthy &#128525;,rt amp ima eat that pussy all filthy,0,0,0.009920485261455727
S/o to dat bitch ass nigga in Alabama who wanna kill me #GoodLucc,so to dat bitch ass nigga in alabama who wanna kill me,0,0,0.45378786107286545
RT @BmorePocahontas: Asking his kids if they brought an apple for the teacher &#128514;&#128514;&#128514; he's such a queer,rt asking his kids if they brought an apple for the teacher hes such a queer,0,0,0.060041388530092166
@rachaelkbrown @BillyButlerKC @Oreo unexplainable!,unexplainable,0,0,0.05020372358796218
RT @NotoriousSulo: This dyke is grabbing a handful of imagination http://t.co/JfO4ECzmUl,rt this dyke is grabbing a handful of imagination,0,0,0.258716906837701
' You messin with broke niggahs you gon be broke niggah &#1043323;&#1043323;&#1043323;&#1043323;&#10071;&#65039;,you messin with broke niggahs you gon be broke niggah,0,0,0.011190254563184605
RT @johntherealman: &#8220;@gingerash2013: My main bitch and my side bitch mad at me but I could give two fucks&#8221; #twofucks&#9996;&#65039; &#127911;&#127911;,rt my main bitch and my side bitch mad at me but i could give two fucks,0,0,0.007838172590407486
Yous a bitch ass nigga &#8220;@LilReese300: Rt i Push the tape bac till around Labor Day weekend turn up...#300&#8221;,yous a bitch ass nigga rt i push the tape bac till around labor day weekend turn up,0,0,0.10797344499154284
These hoes a smash on one of yo niggas and be very proud,these hoes a smash on one of yo niggas and be very proud,0,0,0.040804200781588064
I don't know. Maybe it is a good quote and a good way to feel but I've seen way too many petty life-destroying bitches use that quote.,i dont know maybe it is a good quote and a good way to feel but ive seen way too many petty lifedestroying bitches use that quote,0,0,0.00019921718244056877
@Hunglikerobby_ @BOSSBITCHDAPHNE @taytuckfuck &#128514;&#128514;&#128514; bitch no more on my account,bitch no more on my account,0,0,0.015490744687759397
"&#8220;@Jay050709: Liking all my pictures to get a follow ass bitches &#128514;&#128514;""&#128557;&#128557;&#128557;",liking all my pictures to get a follow ass bitches,0,0,0.017725337575088426
RT @HiDevon_: The nae nae got to the white ppl it's too late &#128553; &#8220;@ayoTeeshh: Lmao they ate this hoe stonnaaaaa &#128535;&#128168;&#127809;&#127811;&#127810; #NaeNae https://t.co/pn&#8230;,rt the nae nae got to the white ppl its too late lmao they ate this hoe stonnaaaaa,0,0,0.023327709543217875
"RT @SuperrrrMcNasty: Lmfao , this bitch was giving head in the back of a classroom she better go tf ahead !",rt lmfao this bitch was giving head in the back of a classroom she better go tf ahead,0,0,0.012684346681621286
RT @wleerpcv: My Chinese social media feed is in total hysteria over the onset of bird flu &amp; recent dead pigs in the river in #Shang ...,rt my chinese social media feed is in total hysteria over the onset of bird flu amp recent dead pigs in the river in,0,0,0.013681662855487508
@triple6em96 @longbongchris stfu you stupid bitch? Like leave us alone? No one gives a fuck about you. Bruh just block her. We're good.,stfu you stupid bitch like leave us alone no one gives a fuck about you bruh just block her were good,0,0,0.08513945955087664
"@On_Point_Prg @WendyDavisTexas @GregAbbott_TX boy talk about a,special kind of stupid far left is a under statement down retarded",boy talk about aspecial kind of stupid far left is a under statement down retarded,0,0,0.015059187930157689
@CheckMyLingo_ @Kingpin_Terror ima get this so every time I throw trash away its where it really belongs http://t.co/DRGBekvzun,ima get this so every time i throw trash away its where it really belongs,0,0,0.07703751420368714
RT @YepRealPosts: Selena mothered these hoes http://t.co/phsDhxjm6e,rt selena mothered these hoes,0,0,0.014889790158959021
@haydenhill13 @aknadnrye @Sam_James3 @khalilreed indeed I did nigga is too over used so I use nigger,indeed i did nigga is too over used so i use nigger,0,0,0.2766888929454883
I been thugging theses hoes since pre-school &#128514;,i been thugging theses hoes since preschool,0,0,0.01604432504432569
@boxingscene Danny will be in deep deep water at 147 too many badass sons of bitches up there,danny will be in deep deep water at 147 too many badass sons of bitches up there,0,0,0.008429869307278343
RT @DailySexSupply: This how all the hoes gonna be like tonight&#128514;&#128514;&#128514; http://t.co/kVIOAiEpcB,rt this how all the hoes gonna be like tonight,0,0,0.01581336997783944
My True life episode comes on later on tonight at 8pm central time. True Life: I wanna be a tranny.,my true life episode comes on later on tonight at 8pm central time true life i wanna be a tranny,0,0,0.034200664209889965
' Cause these hoes ain't loyal ! And niggahs ain't either ! When it go down you callin for hittas that you ain't... http://t.co/hj8GAfFZaM,cause these hoes aint loyal and niggahs aint either when it go down you callin for hittas that you aint,0,0,0.014650004721542233
@Yaremisxo way other hoes boo,way other hoes boo,0,0,0.022027336749988163
i was pulling for the #redskins in that one,i was pulling for the in that one,0,0,0.044526424449280906
@dequaan_ @Khid_Zay &#128514;&#128514;fucc the extra shit I'm seeing that hoe THIS WEEKEND,fucc the extra shit im seeing that hoe this weekend,0,0,0.006904904086171059
@Doop_3 lol shid who got one? Boy my ass lonely as a bitch. You cuffed up ain't ya,lol shid who got one boy my ass lonely as a bitch you cuffed up aint ya,0,0,0.002412490065050782
ah nigga dat cares about opinions and get involve in hoe shit either Gay broke or ain't getting enough pussy!!,ah nigga dat cares about opinions and get involve in hoe shit either gay broke or aint getting enough pussy,1,0,0.01730422095670647
@OVOtilUOverDose @flossinlawson11 niggers*,niggers,1,0,0.4925356505727352
@OfficialCCane naah da twitter bird &#128542;,naah da twitter bird,0,0,0.010464158502260212
"Wow, Charlie Strong is cleaning house. Might be upwards of 10 released before he is done. @Evan_P_Grant",wow charlie strong is cleaning house might be upwards of 10 released before he is done,0,0,0.007490437654267382
Yo bitch wanna fuck the squad!!&#128526;,yo bitch wanna fuck the squad,0,0,0.029091229820403595
"@kieffer_jason bitch am not your fam and wtf is skrong, who says shit like that get your wack ass off my page lamo",bitch am not your fam and wtf is skrong who says shit like that get your wack ass off my page lamo,0,0,0.009921834666614513
99 problems but a bitch ain't one,99 problems but a bitch aint one,0,0,0.006875572086360212
@jacksparenohoe hotter than a pussy in a pepper patch....who makes this shit up anyways...?,hotter than a pussy in a pepper patchwho makes this shit up anyways,0,0,0.013723020131380962
"RT @Xicana_Susie: RT @ScruffDaddy_: &#8220;Why that bitch lookin all in the car, u know her!?&#8221; http://t.co/BQiu9q7qjv",rt rt why that bitch lookin all in the car u know her,0,0,0.004430861278815294
bitch don't run to the neighbor he's dead too,bitch dont run to the neighbor hes dead too,0,0,0.007969642841579978
This class ghetto as hell,this class ghetto as hell,0,0,0.01789362191010082
Hoes be bringing they friends around they nigga and they nigga end up fucking with the bitch friend and the bitch don't even kno,hoes be bringing they friends around they nigga and they nigga end up fucking with the bitch friend and the bitch dont even kno,0,0,0.004984306288328864
LMAOO beans RT @ShamarGotHoes: this bitch is so stupid smh http://t.co/otonir2yEX,lmaoo beans rt this bitch is so stupid smh,0,0,0.02501205838519707
"RT @gnuts_2: RT""@Ashspeaks_: To these hoes I'm everything""",rt rt to these hoes im everything,0,0,0.014397226986558376
My blue flag brite nd ya bitch blowing me like play bagpipes,my blue flag brite nd ya bitch blowing me like play bagpipes,0,0,0.002022003978207717
Hoes gone be hoes. #DontBeMad,hoes gone be hoes,0,0,0.0044983017611902815
"Told that hoe to suck it up, she got lips like rubber ducks",told that hoe to suck it up she got lips like rubber ducks,0,0,0.017452112522782753
"RT @KINGTUNCHI_: I finally realize that these bitches just wanna see me down , wanna see me fall",rt i finally realize that these bitches just wanna see me down wanna see me fall,0,0,0.003973440385630729
Lmaoo tony spanked it maaad times to that bitch voice,lmaoo tony spanked it maaad times to that bitch voice,0,0,0.02034393165924194
Chase really got hoes in every state it's crazy his @ name the truth,chase really got hoes in every state its crazy his name the truth,0,0,0.024972370958633815
LMFAOO somebody commented on my book saying I need Medical Attention bitch you the one reading it &#128514;,lmfaoo somebody commented on my book saying i need medical attention bitch you the one reading it,0,0,0.015449728899722263
RT @Bill_Nye_Tho__: according to this data you a bitch ass nigga,rt according to this data you a bitch ass nigga,0,0,0.09072703939588614
@FrancoisKilljoy Marshall Law! Whatever you coon,marshall law whatever you coon,0,0,0.21241545561873612
Stop sayin my gov. Name fuck wrong widd u bitch is u stupid,stop sayin my gov name fuck wrong widd u bitch is u stupid,0,0,0.05903383668246905
@marclamonthill will you mention why being called nigger is wrong(witch i agree with) &amp; bossy is wrong.but being called a pimp is still ok?,will you mention why being called nigger is wrongwitch i agree with amp bossy is wrongbut being called a pimp is still ok,1,1,0.6374289934205813
These are insane and Cigars trash!? Foam done bumped his head RT @FoamWright: These are insane. Like so insane. http://t.co/5umpDoeORz,these are insane and cigars trash foam done bumped his head rt these are insane like so insane,0,0,0.026278384059740607
RT @thecoreyholcomb: Every time you sleep with two women in a day it proves this country has a problem educating bitches about their self w&#8230;,rt every time you sleep with two women in a day it proves this country has a problem educating bitches about their self w,0,0,0.02136018386329199
Hardly ever sober bitch I party till it's over.,hardly ever sober bitch i party till its over,0,0,0.01650077332949689
RT @Mabelistocute: You suppose to keep your hoes from finding out about each other,rt you suppose to keep your hoes from finding out about each other,0,0,0.010102053769979448
Sure wish my nose would stop dripping.....this sick shit is for the birds,sure wish my nose would stop drippingthis sick shit is for the birds,0,0,0.007813188408452264
@HarveyLevinTMZ sal tryin 2 pull a K. Ferderline..lazy ass son of a bitch,sal tryin 2 pull a k ferderlinelazy ass son of a bitch,0,0,0.004168090832542389
"@MarieJoseGMH @DWB666 @seahopke @zenterrorist86 tegenwoordig weet je ook al niet wat voor vlees je eet,voor je t weet is t zebra of een aap",tegenwoordig weet je ook al niet wat voor vlees je eetvoor je t weet is t zebra of een aap,0,0,0.014311951712765301
@ThaReal_GaPeach got it! thanks Hun! ima text u,got it thanks hun ima text u,0,0,0.00664608374512663
@Derek_Kirchner7 @tori_mills02 fags&#128567;&#128567;,fags,1,0,0.4173606676681628
You some type of special faggot if you bring chocolate Swishers to a smoke session.,you some type of special faggot if you bring chocolate swishers to a smoke session,1,0,0.17162022031243482
RT @Midwestmiles: This hoe ass ref got hit and fined the fighters,rt this hoe ass ref got hit and fined the fighters,0,0,0.051187277163185135
"I ain't got no pussy or weed, I'm on that bitch suck my dick diet",i aint got no pussy or weed im on that bitch suck my dick diet,0,0,0.002401137763442705
RT @FeeelGreatness: You don't know where your boyfriend is at on a Saturday night? LOL He fucking other bitches that's where he's at,rt you dont know where your boyfriend is at on a saturday night lol he fucking other bitches thats where hes at,0,0,0.00426625232879412
"no pillz jus weed kill dat pussy all night, damn right show u right",no pillz jus weed kill dat pussy all night damn right show u right,0,0,0.07401730867832307
Its the NATURE of birds. YOU LET ONE of them eat---Next thing you know you've invited the entire ecosystem to shit on your car. #SFvsSTL,its the nature of birds you let one of them eatnext thing you know youve invited the entire ecosystem to shit on your car,0,0,0.004217231243378897
RT @LilTreProd: Why bitches brag about being crazy like that's cute? That's like a nigga bragging about how abusive he is,rt why bitches brag about being crazy like thats cute thats like a nigga bragging about how abusive he is,0,0,0.007762296529564212
@englandlauren @iain4harrison @oliviaboncic sprite* hoe,sprite hoe,0,0,0.017956235030136325
&#8220;@kiaramariexo: &#8220;@1kRock_: boot up. http://t.co/czj5npIfKi&#8221; for u hoe niggas&#8221; so girls that take BC are hoes? &#128056;&#9749;&#65039;,boot up for u hoe niggas so girls that take bc are hoes,0,0,0.007410800449182092
Majority of it is trash anyway.,majority of it is trash anyway,0,0,0.025825086983128836
I'm definitely watching that mook/ lux battle today damn it!!!,im definitely watching that mook lux battle today damn it,0,0,0.015727765910071686
RT @zachbooty: Building a dresser really makes me crave an ice cold glass of pussy am I right dudes,rt building a dresser really makes me crave an ice cold glass of pussy am i right dudes,0,0,0.006730649132854037
@JBilinovich @JZolly23 @cmnw86 You guys wanna skull Fuck some clay birds this weeknd???,you guys wanna skull fuck some clay birds this weeknd,0,0,0.02211878862270956
Cooking breakfast in the nude is wifey status? Fuck no. I have actually cooked before &amp; I aint about to get no grease burns on my nips!&#128562;&#128565;,cooking breakfast in the nude is wifey status fuck no i have actually cooked before amp i aint about to get no grease burns on my nips,0,0,0.021760340933030944
@Mightyy23 i don't FW that nigga he pussy,i dont fw that nigga he pussy,0,0,0.02104723840642853
Happy 18th to these main bitches!!! Take it easy on the cigs! @aqfleck @rmusshy http://t.co/aa7z9X1KUw,happy 18th to these main bitches take it easy on the cigs,0,0,0.0045394954393499064
Bumpin that nigga nigga Rick Ross B.M.F this hoe going harrrrd highh outside enjoying this weather,bumpin that nigga nigga rick ross bmf this hoe going harrrrd highh outside enjoying this weather,0,0,0.0372093534615381
RT @sbacilio1224: Neta bullshit aside I need to get me a bad bitch,rt neta bullshit aside i need to get me a bad bitch,0,0,0.005996394401675385
RT @LilReese300: Bitches gone do wat bitches do...#300,rt bitches gone do wat bitches do,0,0,0.002199552930143923
I hate when people organize plans and you end up reaching the destination before them...bitch don't ask me if I'm here,i hate when people organize plans and you end up reaching the destination before thembitch dont ask me if im here,0,0,0.08497509822199589
@FuckKennyJ trash,trash,0,0,0.03682260412861692
@JonJ_07 like their players really been talking trash about Bama.,like their players really been talking trash about bama,0,0,0.03301981385208047
"@elchavaloko @Buckm00se yeah sorry monkey team just keeps kicking ppl, waiting for muh pizza",yeah sorry monkey team just keeps kicking ppl waiting for muh pizza,0,0,0.042157621046027445
"&#8220;@Papi_sez: Why is everyone who thinks you're an unfunny pandering jizzbag automatically a troll? @thatUPSdude&#8221;

And he hate colored folk",why is everyone who thinks youre an unfunny pandering jizzbag automatically a troll and he hate colored folk,0,0,0.29019527442819226
Bitches corny with that not saving numbers shit I hate them hoes,bitches corny with that not saving numbers shit i hate them hoes,0,0,0.004315714484657656
Dick so little ugly hoes tryna find me.,dick so little ugly hoes tryna find me,0,0,0.019817677573038563
#tbt my precious gook baby &#128525;&#128525;&#128525;&#128525;&#128525;&#128525; @outtapocketjuju http://t.co/2QJLJj6tK5,my precious gook baby,0,0,0.15491977731185322
I miss Twinkies and Susie Qs. Tragic loss to society. What is next? Pixie Turtles?,i miss twinkies and susie qs tragic loss to society what is next pixie turtles,0,0,0.009574459955542264
RT @_ThatsIt: When a bitch tell me I'm ugly &#128514;&#128514;&#128514;&#128514; http://t.co/o9EkMrw5WK,rt when a bitch tell me im ugly,0,0,0.007352488874876506
RT @BrickyardBeezy: I'm money hungry man these bitches can't do nuffin for me,rt im money hungry man these bitches cant do nuffin for me,0,0,0.0020697331702744294
@edouglas528 Sorry bout your Yanks Earl....who uya like in the WS?,sorry bout your yanks earlwho uya like in the ws,0,0,0.018852884206539078
@drrrruuuu @TheChrisCates pussy,pussy,0,0,0.016788265662320907
RT @ChaseNCashe: Niggas be mentally dating females they never met before. You on instagram double tap'n that ho too much mane.,rt niggas be mentally dating females they never met before you on instagram double tapn that ho too much mane,0,0,0.006694134675490176
"RT @_TraeMartinez: @ATRLfan @ChocolVte_ @baesuschrist @VikkiNoSecrets bitch you ugly as fuck, are you a fuck tranny ? Get Alligator face as&#8230;",rt bitch you ugly as fuck are you a fuck tranny get alligator face as,0,0,0.025135105355668933
Seen niccas come up ... I seen niccas fall,seen niccas come up i seen niccas fall,0,0,0.14500248731622692
Throw some orange on dat bitch,throw some orange on dat bitch,0,0,0.02405168396964483
I'm sorry.. I'm sorry.. I can't fuc wit u no mo hoe.. and I'm sorry &#128514;,im sorry im sorry i cant fuc wit u no mo hoe and im sorry,0,0,0.006600319362048795
Dropped all my hoes for someone. But was that a good decision ? Find out on the next episode of DragonBallZ &#128514;,dropped all my hoes for someone but was that a good decision find out on the next episode of dragonballz,0,0,0.011090534040521302
RT @BallOut057: Free Tino lul hoe &#9995;&#128275;,rt free tino lul hoe,0,0,0.013421369575431715
RT @Broski5519 Lauderdale. . + that's where the hoes at?,rt lauderdale thats where the hoes at,0,0,0.010152534866512465
"RT @IKeepitRealer: ChrisBrown a bitch 4 hittin a Woman
JayZ a bitch 4 lettin a woman hit him
bitches needa make up ya mind &#128134;
Yah want yah a&#8230;",rt chrisbrown a bitch 4 hittin a woman jayz a bitch 4 lettin a woman hit him bitches needa make up ya mind yah want yah a,0,0,0.00012566536626999088
Early bird gets the worm!,early bird gets the worm,0,0,0.0024303061670822817
RT @yung_gleesh: If rather fukk a bitch dat fukks eryday den fukk dat bitch who try to hol n be a cold whore n da sheets i cnt een look at &#8230;,rt if rather fukk a bitch dat fukks eryday den fukk dat bitch who try to hol n be a cold whore n da sheets i cnt een look at,0,0,0.04951003539858509
"@TheCheekyD_ Hi :) Yeah, trolls are annoying but don't concern yourself with them. They're all twats &amp; have no life lol. Just ignore them. x",hi yeah trolls are annoying but dont concern yourself with them theyre all twats amp have no life lol just ignore them x,0,0,0.0022920001006227295
redneck in the White House // Moccasin Creek &#128077;&#128076;,redneck in the white house moccasin creek,1,0,0.13062049748140386
you fake niggah lolol,you fake niggah lolol,0,0,0.059973077057682796
"' Cause these hoes ain't loyal ! These niggas ain't either &#1041233; , when it go down you callin for hitters that you... http://t.co/wmrUwTwuJE",cause these hoes aint loyal these niggas aint either when it go down you callin for hitters that you,0,0,0.07445320774311377
RT @cocoQTe: &#128514;&#128514;RT @supbishes: Lol RT @Joanna52011: &#128514;&#128557; RT @lettuceprey8: Just so u faggots know! http://t.co/bGhTSjipNe,rt rt lol rt rt just so u faggots know,0,0,0.42897904997863684
Al noooo ...... Too late fuckin faggot ! Lmao,al noooo too late fuckin faggot lmao,1,0,0.3461567146265219
RT @CallMeRenee_: &#8220;@1inkkofrosess: stupid ass toe dog dam&#8221;&#128514;&#128514; bitch you mad at your toe &#128553; dumb hoe yo toe aint wanna be stomped .,rt stupid ass toe dog dam bitch you mad at your toe dumb hoe yo toe aint wanna be stomped,0,0,0.002784445483928568
@AtBlackface @MrMooncricket @UncleUnco @BobbyBotsods @FuckTheMallcops @RacistNegro69 ape? Fuck u broke ass racist,ape fuck u broke ass racist,1,0,0.24537855565887262
"Hate a hoe that think relationships are seasonal.. ""Winter comin, Let me get me a boyfriend"".. Sound dumb as hell..",hate a hoe that think relationships are seasonal winter comin let me get me a boyfriend sound dumb as hell,0,0,0.022915871609511133
You state it gook,you state it gook,1,0,0.30420744453646864
"RT @RnadJorell: &#8220;@_KudaBrazyy: ""You Disrespected My Hoeing"" Pimp Slaps Hoe In The Telly For Talking Back! - http://t.co/XfBbm7cJTY&#8221;aha bitch",rt you disrespected my hoeing pimp slaps hoe in the telly for talking back bitch,0,0,0.0038737744742839415
Can I bring another bitch can we have a threesome or nahhh,can i bring another bitch can we have a threesome or nahhh,0,0,0.006368532904452105
"RT @PickinUpGirls: It goes from ""baby"" to ""hoe"", "" I love you"" to "" Fuck you I hate you"", "" I need you"" to "" Fuck off"" from "" You're my eve&#8230;",rt it goes from baby to hoe i love you to fuck you i hate you i need you to fuck off from youre my eve,0,0,0.03258321326576583
"""@PRETTyBOSs_BRAt: We don't love these hoes &#128080;&#128581;""",we dont love these hoes,0,0,0.0070782769638893205
RT @ahh_nicolee: these hoes ain't loyal,rt these hoes aint loyal,0,0,0.005930740709940179
"RT @CaramelKushh: these bitches love wyandanch niggas i tell you , i always see yall o.t bitches out here wit them . but keep frontin for t&#8230;",rt these bitches love wyandanch niggas i tell you i always see yall ot bitches out here wit them but keep frontin for t,0,0,0.006227939599732844
"This bitches need to get it right , your so wid it",this bitches need to get it right your so wid it,0,0,0.0062961072338727836
Bumped into a bitch that filed for sexual harassment at work against a co-worker...I aint been so shook in my life,bumped into a bitch that filed for sexual harassment at work against a coworkeri aint been so shook in my life,1,0,0.012159944230120562
&#8220;@xo_omiexo: not one single bone in my body gives a fuck about what the next bitch thinks. &#128581;&#128564;&#8221;,not one single bone in my body gives a fuck about what the next bitch thinks,0,0,0.006784096207279589
Niccas be gassing hoes they never gone pop .. Smh ... Prolly never gone meet her! #WastedEnergy,niccas be gassing hoes they never gone pop smh prolly never gone meet her,0,0,0.05365578726352565
I'm pussy whipping these hoes,im pussy whipping these hoes,0,0,0.004128410979411591
&#8220;@victoriag3618: So that history test made me its bitch &#128514;&#128542;&#8221; haha,so that history test made me its bitch haha,0,0,0.006899123115600284
"RT @babyyhogg: Ayy fag , you still having your party tonight ?! @weidie1211 &#127867;&#127867;&#128540;",rt ayy fag you still having your party tonight,0,0,0.09869084210802213
"If your pussy stink, you aint goin to heaven",if your pussy stink you aint goin to heaven,0,0,0.0042960741708022165
Smurf a real cat bitch,smurf a real cat bitch,0,0,0.0051506781728223264
@kieffer_jason bitch am not I really don't fucking like you. why the fuck are you even talking to me ?,bitch am not i really dont fucking like you why the fuck are you even talking to me,0,0,0.29506314488275126
@aschops absolutely agree with that statement. It's just so amusing how angry it makes all these teabagger scumbags. That alone is worth it.,absolutely agree with that statement its just so amusing how angry it makes all these teabagger scumbags that alone is worth it,0,0,0.05849999724830435
My high school need to gon and throw a hood reunion party. Everybody knows we was ghetto as hell.,my high school need to gon and throw a hood reunion party everybody knows we was ghetto as hell,0,0,0.009253788746009711
Zelda bitches lol @joeylattime https://t.co/Cp88AA7pms,zelda bitches lol,0,0,0.00839951333574972
"some guy said I was wearing leggings and laughed and called me a fag. they're JEGGINGS, asshole.",some guy said i was wearing leggings and laughed and called me a fag theyre jeggings asshole,0,0,0.2231227041524278
@Buckm00se Joe Cortez is the ultimate faggot that fight proved it,joe cortez is the ultimate faggot that fight proved it,1,1,0.5589952859786385
"@richarddeitsch yeah,but the cripple not getting up clean helped the call out...wouldn't have been fair either way",yeahbut the cripple not getting up clean helped the call outwouldnt have been fair either way,0,0,0.016699475774379056
RT @MosoKnowso: RT @TroyAve I got no interest in tall skinny model bitches! I like my women with some ass &amp; hips ...,rt rt i got no interest in tall skinny model bitches i like my women with some ass amp hips,0,0,0.003770962876735674
RT @yungbabydad: @RandallSomia because they're all fucking two years old acting like I won't mind being tagged bitch I will violate you,rt because theyre all fucking two years old acting like i wont mind being tagged bitch i will violate you,0,0,0.032042503720513024
RT @TheBloodShow: Girls really made being a hoe kool on Twitter,rt girls really made being a hoe kool on twitter,0,0,0.005108869969713337
what to do when your ear hurts like a bitch?,what to do when your ear hurts like a bitch,0,0,0.011346554880231943
RT @jenebooks: I feel a lot of ppl trash talking indie for all sounding the same but i think any genre you're not v into tends to sound th &#8230;,rt i feel a lot of ppl trash talking indie for all sounding the same but i think any genre youre not v into tends to sound th,0,0,0.017285304733412808
Omg fuck these bitches #basedgod,omg fuck these bitches,0,0,0.013341854729824411
"RT @FumingTurnip: @PatVPeters O didn't know?!? Sure, he's a little bitch. Valerie Jarrett on the other hand, you betcha. That guy knows eve&#8230;",rt o didnt know sure hes a little bitch valerie jarrett on the other hand you betcha that guy knows eve,0,0,0.0022084406270678654
&#8220;@ComedianSpank: Where the hoes at&#8221; shit u got em,where the hoes at shit u got em,0,0,0.009058555051916245
Tf bitches get a couple RT and be fstow,tf bitches get a couple rt and be fstow,0,0,0.007610203878762171
I be damn if i go ova dea n get my ass blown&#128163; up i kno wat it look like bitch i play &#128299;Call Of Duty frequently,i be damn if i go ova dea n get my ass blown up i kno wat it look like bitch i play call of duty frequently,0,0,0.004263518975269136
"If Ashton is trash then what does that make me! Come on guys someone like Ashton can't be trash, he makes too many people smile!!",if ashton is trash then what does that make me come on guys someone like ashton cant be trash he makes too many people smile,0,0,0.020701296605496744
Defiantly going to see that new planet of the apes tonight,defiantly going to see that new planet of the apes tonight,0,0,0.010396085082812454
RT @Beyond_Fatal: &#8220;@_1nonlykeisha: @Beyond_Fatal my bitch bruhhh !!!&#8221; My nigga my nigga &#128541;&#128540;&#128536;,rt my bitch bruhhh my nigga my nigga,0,0,0.016705357469974785
"RT @AJCOLEMANBABY: niggas be pressed for pussy it aint nothin, instead of worryin who that bitch fuckin, why dont u go get u some munnaaaa",rt niggas be pressed for pussy it aint nothin instead of worryin who that bitch fuckin why dont u go get u some munnaaaa,0,0,0.012414841813214858
Josh you're a hoe &#128514;&#128514;&#128514;&#128557;&#128557;&#128557;,josh youre a hoe,0,0,0.020521157421338677
"But you.. Nvm @BJayBlast: I don't see why men disrespect women by calling them offensive names like ""bitch"", ""hoe"", ""slut"", or ""female"". Smh",but you nvm i dont see why men disrespect women by calling them offensive names like bitch hoe slut or female smh,0,0,0.0021145350087474336
"Poor Leo,he can't help havin resting bitch face. I feel ya home skillet biscuit",poor leohe cant help havin resting bitch face i feel ya home skillet biscuit,0,0,0.00885972997972416
"Cay said ""well bitch I THOT you was on house arrest so you ain't walking NO WHERE!"" &#128514;&#128557;&#128514;OMG I hate her",cay said well bitch i thot you was on house arrest so you aint walking no where omg i hate her,0,0,0.00870849744361233
RT @Jay_Tee92: &#8220;@armani_bliss: this ghetto jeopardy shit wack. &#128533;&#8221;,rt this ghetto jeopardy shit wack,0,0,0.024375381086443788
"So the Flash pops is the Dawson pops. 

I think he mighta actually killed the mom. 

Cuz Gail was a lying, cheating bitch.",so the flash pops is the dawson pops i think he mighta actually killed the mom cuz gail was a lying cheating bitch,0,0,0.014962535738269063
Night niggers,night niggers,0,0,0.4618714963223902
&#8220;@iDntWearCondoms: Ladies what if a dude put two hands in your pussy and started clapping?&#8221; Lmaoo,ladies what if a dude put two hands in your pussy and started clapping lmaoo,0,0,0.005646427953401396
RT @TAXSTONE: Y'all bitches sending inviatations to the wolves than get mad when they at ya door,rt yall bitches sending inviatations to the wolves than get mad when they at ya door,0,0,0.00280553772050414
"&#8220;@yohidef: cool story bitch, now pass the blunt&#8221; @EvanBecker513 bitch",cool story bitch now pass the blunt bitch,0,0,0.001286255205775143
"@_Maniac_Mind_ @jet_life12 @Nick_504_ I said I was from where stop putting words in my mouth, that's something a bitch would do",i said i was from where stop putting words in my mouth thats something a bitch would do,0,0,0.0016738616637093152
I got some lightskin pussy one time and the bitch damn near had me bout to propose.,i got some lightskin pussy one time and the bitch damn near had me bout to propose,0,0,0.0017241111013312914
"cause all my life I was told and taught I am not shit by you wack fucking giant sacks of lying dog shit, now you shut up bitch.",cause all my life i was told and taught i am not shit by you wack fucking giant sacks of lying dog shit now you shut up bitch,0,0,0.01372640744436365
Simple minded hoe,simple minded hoe,0,0,0.02514713349333104
RT @NFL_Memes: Buckwheat and Porky http://t.co/bo96nelS2P,rt buckwheat and porky,0,0,0.042790214373504214
"If that pussy aint Organic, Preservative free, No growth hormones, fresh, USDA approved, i aint fuckin with it.",if that pussy aint organic preservative free no growth hormones fresh usda approved i aint fuckin with it,0,0,0.004758441137856974
@TheDailyShow well then with all further ado get da fock out ya lil bitch,well then with all further ado get da fock out ya lil bitch,0,0,0.009417517000591223
"RT @CookieCocaine_: Stop fuckin with a ""take me out somewhere"" type of bitch...
Get you a ""baby I cooked for you"" type of chick!! &#128525;&#9749;&#65039;&#128056;",rt stop fuckin with a take me out somewhere type of bitch get you a baby i cooked for you type of chick,0,0,0.023727795526855226
I still think snap chat for faggots and High Schoolers,i still think snap chat for faggots and high schoolers,1,0,0.4234860149608452
#RayRice is a bitch. #JustSaying,is a bitch,0,0,0.015965330716316832
Watch out #ned! #crc #worldcup2014 #puravida http://t.co/DcAgrh4SLE,watch out,0,0,0.08681301155072332
"RT @IamJonahHilI: If you open a cold beer and it becomes warm before you finish it, you're a bitch.",rt if you open a cold beer and it becomes warm before you finish it youre a bitch,0,0,0.005907726169377435
I'm use to these hoes don't play,im use to these hoes dont play,0,0,0.0012192894036121018
"""You hit no lights, no line for toco bell at 2 in he morning, and Diana's back in her house. It's a miracle"" - Charlie @dianaaaxo",you hit no lights no line for toco bell at 2 in he morning and dianas back in her house its a miracle charlie,0,0,0.005661177039334686
RT @CauseWereGuys: You're a pussy http://t.co/Ufrr2RdcXm,rt youre a pussy,0,0,0.02034950717826433
Bumoose ducking those insults like a scared white pussy,bumoose ducking those insults like a scared white pussy,0,0,0.08197632985865169
' Fuccccck that was ma niggah from Cali swag &#1041222;&#1041216; R.I.P Jayare .,fuccccck that was ma niggah from cali swag rip jayare,0,0,0.029126228867913016
You can't owe me shit ion trust niccas,you cant owe me shit ion trust niccas,1,0,0.03817911634816765
Want some cheese with that whine bitch ?!,want some cheese with that whine bitch,0,0,0.01393059158202705
"Mother Nature is drunk again, this bitch knows how to party.",mother nature is drunk again this bitch knows how to party,0,0,0.01182916252162877
@kevkid79 quit ya hating you oyster lookin ass bitch.,quit ya hating you oyster lookin ass bitch,0,0,0.031731000050671934
@10HSW @myluca01 @DenisGorman nothing like waiting till the last game of the season to peddle it shit website #heeb,nothing like waiting till the last game of the season to peddle it shit website,0,0,0.01364028904764173
Hate this dyke,hate this dyke,1,0,0.44543844395054305
These hoes always gone Thot around to who ever give them attention at the time,these hoes always gone thot around to who ever give them attention at the time,0,0,0.01689090850064803
Wake up bitches,wake up bitches,0,0,0.021225045784736975
That's why I don't stunt these hoes on Instagram. #teamrealbooty http://t.co/VchXqgMbDE,thats why i dont stunt these hoes on instagram,0,0,0.004726446475991748
Just seen a pic comparison of Lou Holtz and he grandma off Beverly hillbillies and I can't stop crying tears of unfathomable hilarity.,just seen a pic comparison of lou holtz and he grandma off beverly hillbillies and i cant stop crying tears of unfathomable hilarity,0,0,0.05106470615993629
@prihncess bitch,bitch,0,0,0.015965330716316832
I like saying the word pussy hoe ion no why!!!,i like saying the word pussy hoe ion no why,0,0,0.002064668223553202
RT @ConsrvativeDiva: Must-Watch: Bill Maher Schools PBS Host Charlie Rose Over Islam's 'Illiberal Beliefs' http://t.co/5pq91jxOeV,rt mustwatch bill maher schools pbs host charlie rose over islams illiberal beliefs,0,0,0.0063637377119421515
"I'll stop drugs, alcohol, fags, sluts for you. Just give me a chance. It's been a year and I feel the same, that clearly means something.",ill stop drugs alcohol fags sluts for you just give me a chance its been a year and i feel the same that clearly means something,0,0,0.25496774644627856
"Some black people live in an entirely different world where everything is peaches and cream, apparently. Take off the rose colored glasses.",some black people live in an entirely different world where everything is peaches and cream apparently take off the rose colored glasses,0,0,0.042671348374031026
RT @JeneBramel: Clever. RT @LanceMcAlister: Watch Burfict make the hit and then mock officials by throwing a flag on himself. https://t.co/&#8230;,rt clever rt watch burfict make the hit and then mock officials by throwing a flag on himself,0,0,0.013725818367736634
Fucken pussy,fucken pussy,0,0,0.022657625331142163
"RT @omfgmeezy: she stole my shit, what a little niglet.",rt she stole my shit what a little niglet,0,0,0.08113735172825172
@TexasKid1980 @Eric_Mariners @elchavaloko lol naw that bitch was just a sociopath,lol naw that bitch was just a sociopath,0,0,0.008941505503099684
Friend zone ass nigguh,friend zone ass nigguh,0,0,0.038327630822434545
@yajairab2 im not a nigglet &#128532;,im not a nigglet,0,0,0.03478451524149791
RT @PRETTYGIRLNEICE: Yes Mimi bitch yo dumb ass got played,rt yes mimi bitch yo dumb ass got played,0,0,0.01677703418118981
&#8220;@eternalhbic: &#8220;@HalfJewish: Stills get no pussy** http://t.co/6uOWecbUQO&#8221; he's jus being rational&#8221; a fag,stills get no pussy hes jus being rational a fag,0,0,0.18405750290326928
I think I read the worst interview ever. Lee Castro and one of the 2 dope bitches. Neither one of these two belong in media.,i think i read the worst interview ever lee castro and one of the 2 dope bitches neither one of these two belong in media,0,0,0.017357148894363312
"This bitch literally just said ""normal people shouldn't work out in this gym because so many body builders workout here""",this bitch literally just said normal people shouldnt work out in this gym because so many body builders workout here,0,0,0.007498695377929646
RT @OhLawdItsNiesha: That hoe Brittish got the fuckin NERVE,rt that hoe brittish got the fuckin nerve,0,0,0.020322529804604805
"@morgantayler_ I apologize Morgan, but a bitch was blind for a whole 35 seconds!!!!",i apologize morgan but a bitch was blind for a whole 35 seconds,0,0,0.007213798730070442
Better play your part bitch don't be a smart bitch cuz I might have a change of heart,better play your part bitch dont be a smart bitch cuz i might have a change of heart,0,0,0.0018664093625078396
Ceasefire?Let's see how long those towel heads can go without trying to attack Israel then cry to national media when they get popped again,ceasefirelets see how long those towel heads can go without trying to attack israel then cry to national media when they get popped again,1,0,0.17179665004816552
RT @LetMeLive305 But let a n*gga ask a chick to give him some money.. How yall hoes say it #SWERVE + That's how you make her stay or leave.,rt but let a ngga ask a chick to give him some money how yall hoes say it thats how you make her stay or leave,0,0,0.0037575213382050458
"Lmfao RT @_TrishaAnn_: I only twerk to ""Somewhere in America"" because when Hov says twerk, you twerk bitch!!",lmfao rt i only twerk to somewhere in america because when hov says twerk you twerk bitch,0,0,0.10033217807023692
&#8220;@chloekosik: I DONT FUCK YOUUU u lil stupid ass bitch I AINT FUCKIN WIT YOU u lil dumbass bitch I AINT FUCKIN WIT YOU&#8221; @kaylamauser_,i dont fuck youuu u lil stupid ass bitch i aint fuckin wit you u lil dumbass bitch i aint fuckin wit you,0,0,0.0011868905566580997
"""@Hudgens_11: Lets get drunk, get blowed, spit shit spark blunts &amp; fuck hoes!"" Bro white dudes have no chill.",lets get drunk get blowed spit shit spark blunts amp fuck hoes bro white dudes have no chill,0,0,0.060176011108962466
This bitch is nasty,this bitch is nasty,0,0,0.019637912016268765
"RT @theHIGHESTpeak_: Flavaaaaa in ya ear, that hoe live lol",rt flavaaaaa in ya ear that hoe live lol,0,0,0.011686540249549899
OG old faced hunnids with a young hoe,og old faced hunnids with a young hoe,0,0,0.012295838849608682
Pussy on my mouth pussy on my pinky ring,pussy on my mouth pussy on my pinky ring,0,0,0.00826321164897141
&#8220;@Jaydillz: The day you unblock me you will become a man again. But that won't happen so you just a bitch.&#8221; @iDisrespectHoez lol,the day you unblock me you will become a man again but that wont happen so you just a bitch lol,0,0,0.007917627572625896
Man bitches love Beyonce....no punch line,man bitches love beyonceno punch line,0,0,0.008068503556041806
"@WaTch_Mark @WaTch_Scenario Normally I would say she must have a great pussy but since I've seen it, that's not true so idk what it is.",normally i would say she must have a great pussy but since ive seen it thats not true so idk what it is,0,0,0.007342026645230946
"High then a hoe, hitting this bowl for my nigga Rick! #RIPRick",high then a hoe hitting this bowl for my nigga rick,0,0,0.03451120439094423
Shoot you and your shorty bitch,shoot you and your shorty bitch,0,0,0.08476518401391689
@DevilGrimz ironic that he's a trashcan because he holds trash everytime you two cuddle! Burn.,ironic that hes a trashcan because he holds trash everytime you two cuddle burn,0,0,0.07836327991108506
"I've got saltine crackers and red wine here. Is it possible to DIY a communion? I, uh, haven't been to church in awhile. #tbtweets",ive got saltine crackers and red wine here is it possible to diy a communion i uh havent been to church in awhile,0,0,0.004772166829353644
Winn Dixie is for real niggaz publix is for pussies,winn dixie is for real niggaz publix is for pussies,0,0,0.03508832476624081
"""@splurgb_: Nothin in life is free.. Some of you bitches need to write that on ya panties""&#128557;&#128514;",nothin in life is free some of you bitches need to write that on ya panties,0,0,0.006791448513192633
"RT @GDKElijah: Ladies, if your pussy sounds like this please hit my DMs. I need you for a science project &#128064; https://t.co/XR0HgOld5m",rt ladies if your pussy sounds like this please hit my dms i need you for a science project,0,0,0.01314308301807174
"RT @thefrogod: Dat shit trash

&#8220;@ComplexMag: A shirt inspired by @Drake's emoji tattoo. Pre-order now: http://t.co/VAuLGcpkIS http://t.co/h&#8230;",rt dat shit trash a shirt inspired by s emoji tattoo preorder now,0,0,0.0071771627087360386
@Wimp_W_Diesel yu forgot we beat yall? Thats like a garbage man calling a janitor trash,yu forgot we beat yall thats like a garbage man calling a janitor trash,0,0,0.016852433095065844
"I got my mind on my money, all I needs a bad bitch so I can ride round the city and spend this cash with",i got my mind on my money all i needs a bad bitch so i can ride round the city and spend this cash with,0,0,0.02386088141822492
I just might get to these riches I might go broke on these bitches,i just might get to these riches i might go broke on these bitches,0,0,0.006822280172672056
RT @markiiejay: You got niggas &amp; i got bitches,rt you got niggas amp i got bitches,1,0,0.20703257608112516
Whoever had Mr. Ramlogan for UWI business law tho? Racist mudda cunt,whoever had mr ramlogan for uwi business law tho racist mudda cunt,1,0,0.24464646931821687
@CapoDaAssHole @Alejandro_Bihhh lmaooo I wanted them hoes she was suppose to hold em,lmaooo i wanted them hoes she was suppose to hold em,0,0,0.0028842495697387538
And since im gino marley my bitch just flew from Japan,and since im gino marley my bitch just flew from japan,0,0,0.010081918544208025
When did Miley turn ghetto?,when did miley turn ghetto,0,0,0.06721446277481355
I know bitches who sell pussy for 3.5's,i know bitches who sell pussy for 35s,0,0,0.0023487089210717745
This is a long yellow for a bunch of track sweeping. Not a ton have taken opportunities to pit. #IndyCar #GoProGrandPrix,this is a long yellow for a bunch of track sweeping not a ton have taken opportunities to pit,0,0,0.01851667891333597
RT @TinyTino842: @triple6em96 I call all women bitches get over it,rt i call all women bitches get over it,0,0,0.014495121930381267
"RT @kid_nipsey_400: bitch you not cute , you just photogenic &#128514;",rt bitch you not cute you just photogenic,0,0,0.005081321959178991
don't give ah fuck about ah bitch or ah nigga!!!,dont give ah fuck about ah bitch or ah nigga,0,0,0.00718464962806885
stroking otha niggas hoe is my hobby,stroking otha niggas hoe is my hobby,0,0,0.05780731464981983
Phillip Rivers look like he almost wants to call dude a nigger for that bad play,phillip rivers look like he almost wants to call dude a nigger for that bad play,1,0,0.09271394373724598
"RT @iPrinceChance: Niggas gossip like bitches.. but yet they be the ""realest niggas"" tho? I don't understand..",rt niggas gossip like bitches but yet they be the realest niggas tho i dont understand,0,0,0.0712723188296174
"@coolieDAGGERA @CapoToHeaven why wld u wanna be a faggot, dude? That's faggot like",why wld u wanna be a faggot dude thats faggot like,0,1,0.9053174782837405
RT @NikoWavy: Some hoes look better without they Avi enlarged...,rt some hoes look better without they avi enlarged,0,0,0.011754205559967966
My nig jus found out his girl fuckin anotha nig so he meets up wit dis nigga.....,my nig jus found out his girl fuckin anotha nig so he meets up wit dis nigga,0,1,0.6605012996677438
"Alarm set, early bird n all that. Night all xx",alarm set early bird n all that night all xx,0,0,0.0033014897871638583
@upallcamren shutup thirsty hoe,shutup thirsty hoe,0,0,0.01396712195233268
"The Walking Dead is trash people...

That is all. &#128514;",the walking dead is trash people that is all,0,0,0.04396073130398918
@KimberlyyAye speaking of little bitch you didn't even do all your squats you little bitch kept talking to distract everyone else &#128530; &#128587;&#128064;&#128073;&#128590; icu,speaking of little bitch you didnt even do all your squats you little bitch kept talking to distract everyone else icu,0,0,0.002556399377311456
@saraelizabethj4 that's what happens when you date a colored,thats what happens when you date a colored,1,0,0.054861664235199066
RT @_prettygirl92: Life to short to be walkin round mad at bitches,rt life to short to be walkin round mad at bitches,0,0,0.015852115921872457
"RT @scaffoldjocky: I'll never smoke weed with Willy again. He invited that hick, Toby Keith, and I fucking hate that mongoloid!",rt ill never smoke weed with willy again he invited that hick toby keith and i fucking hate that mongoloid,0,0,0.11393229874188018
@IGGYAZALEA it was a joke you fugly bitch be happy uncle snoop even acknowledged your nasty ass lmao,it was a joke you fugly bitch be happy uncle snoop even acknowledged your nasty ass lmao,1,0,0.09685878659601632
Home to chicken and penne Alfredo and Oreos and banjo,home to chicken and penne alfredo and oreos and banjo,0,0,0.06547678053258181
"RT @ShawnHarvey0: @1stBlocJeremiah I ain't gettin my hands tatted dumb ass, y yo bitch ass leave da bus stop last night, the main was goin",rt i aint gettin my hands tatted dumb ass y yo bitch ass leave da bus stop last night the main was goin,0,0,0.007394144331944966
although last night my lady told me the key to happiness was new pussy,although last night my lady told me the key to happiness was new pussy,0,0,0.0071850016777275484
@Marcfoor4 bring yo bitch ass whith em jump in want to and get yo ass beat up,bring yo bitch ass whith em jump in want to and get yo ass beat up,0,0,0.02651923643135562
RT @_LoveAblePinky: &#8220;@1000gramsBee: i hate ah dirty house!!! foul living bitches&#8221;&#128514;&#128514;&#128514; it's a lot of them out there,rt i hate ah dirty house foul living bitches its a lot of them out there,0,0,0.015899688618071714
RT @caseytu88662466: Play pussy get fucked,rt play pussy get fucked,0,0,0.007511668221981954
@ryancommakerry @dianaaaxo @JennaAmendolare guys number 42 on the Yankees looks like uncle Stevie LMAO IM DYING,guys number 42 on the yankees looks like uncle stevie lmao im dying,0,0,0.07832285472958528
"RT @KeyMikeSkully: The first day of school
Lost student: say bro you know whe...
Me: cho bitch ass up. http://t.co/oE0vJuOPwD",rt the first day of school lost student say bro you know whe me cho bitch ass up,0,0,0.027360094897516774
.@AussieGrit loves Austin: http://t.co/HTtbU4OmZy Webber such a boon for @FIAWEC. #6HCOTA,loves austin webber such a boon for,0,0,0.043797594624201755
RT @_imREDhoe: heard a bitch say im ugly but ha nigga thank different &#128523; you say you mainline he dont treat me no different &#9996;&#128540;,rt heard a bitch say im ugly but ha nigga thank different you say you mainline he dont treat me no different,0,0,0.12021672366063087
"RT @RakwonOGOD: ""Fuck bitches , get money"" - A favorite nigga's line when a girl leave his ass for another man",rt fuck bitches get money a favorite niggas line when a girl leave his ass for another man,0,0,0.007679506101762513
"@samross58 it's parseltounge, not basilisk you fucking pussy. Get it right.",its parseltounge not basilisk you fucking pussy get it right,0,0,0.01927698513186701
"Sick of hearing AP kids bitch about their ""oh so poor"" 4.2 GPA. No one cares.",sick of hearing ap kids bitch about their oh so poor 42 gpa no one cares,0,0,0.049847284065807906
I'm.a be even pretty &#128129; julisa work magic on bitches .. Lol i keep stalking her IG to see how perfect I want my braids... Its hard to pick!!,ima be even pretty julisa work magic on bitches lol i keep stalking her ig to see how perfect i want my braids its hard to pick,0,0,0.0033871294983680625
@BosleyXavier I trip on acid not bitches.,i trip on acid not bitches,0,0,0.009826090417226574
RT @mitrykizer: Sack number 3 for Trent Cole fuckin that bitch up,rt sack number 3 for trent cole fuckin that bitch up,0,0,0.02696904692730961
&#8220;@OhThatsLee Uhoh you got the hoes lol RT @verbally_abrupt: Y'all I found this letter on my car. http://t.co/lu58HimXxS&#8221; Naaah,uhoh you got the hoes lol rt yall i found this letter on my car naaah,0,0,0.018714388974409423
"""@KelsieBelsi: You're not a man if you refer to every girl as a bitch""",youre not a man if you refer to every girl as a bitch,0,0,0.023358366822386265
@shanetallant he won't bite! We promise he's a friendly bird :),he wont bite we promise hes a friendly bird,0,0,0.0026402305347677717
Been hooping all day tired than bitch,been hooping all day tired than bitch,0,0,0.01661912215031325
You can't play me for a fool my niggah,you cant play me for a fool my niggah,0,0,0.023666067750521547
Bitches make me happy. RT @AsaAkira: Material objects make bitches happy #iPhone6 http://t.co/d1TbYtc7QB,bitches make me happy rt material objects make bitches happy,0,0,0.0008427749645170856
I just bought a Bentley and a bitch came wit it,i just bought a bentley and a bitch came wit it,0,0,0.03353129336994477
World War Z is on Netflix yasssss bitch yasssss,world war z is on netflix yasssss bitch yasssss,0,0,0.008361758238311602
@TylerDunn22 all strippers and sexy hoes follow my mans!!,all strippers and sexy hoes follow my mans,0,0,0.004372440595558379
Night bitches. &#9996;,night bitches,0,0,0.01081597328735213
@BrenJJGMom @hweldon Well...how about those Yankees this year? What a run. #wtfiswrongwithnebraska,wellhow about those yankees this year what a run,0,0,0.014465667750313816
"I got a Lambo, 2 doors. 2 seater, 2 hoes.. Yokohamas, no vogues. Man that bitch beautiful. - @jesus",i got a lambo 2 doors 2 seater 2 hoes yokohamas no vogues man that bitch beautiful,0,0,0.0075922726085566015
@austin_farrar yeah way to block me fag your scared you go and hit girls how tough does that make you? Tough enough to know I'd beat...,yeah way to block me fag your scared you go and hit girls how tough does that make you tough enough to know id beat,0,0,0.18125441257706415
"Idgaf about someone havin a cure,let this bitch burn",idgaf about someone havin a curelet this bitch burn,0,0,0.024086365233353595
yaya ho.. cute avi tho RT @ViVaLa_Ari I had no idea she was sleep &#128553;,yaya ho cute avi tho rt i had no idea she was sleep,0,0,0.01442132512744752
@Pinche_Escobar too make up for your yellow chompers? #candyass,too make up for your yellow chompers,0,0,0.022547943759097817
Jaime dont make me look like a bitch lmao,jaime dont make me look like a bitch lmao,0,0,0.020621693439935775
@OfficialSkai dont tell me what to do. fuck balls kike nigger cunt tits cocksucker chink spic piss bitch bastard pussy faggot.,dont tell me what to do fuck balls kike nigger cunt tits cocksucker chink spic piss bitch bastard pussy faggot,1,1,0.9951070111321211
@MyKat_Meows bitch,bitch,0,0,0.015965330716316832
RT @KxRxSxB: Superman. Man of steel - emotions of bitch. #truestory,rt superman man of steel emotions of bitch,0,0,0.010953238536154849
@TRob_waddUP @Jordan__Grimes @_TurnDownDre @kushdaddycorr lmao pussy,lmao pussy,0,0,0.014467564444078884
"Excuse me, here's your nose. I found it in my business hoe.",excuse me heres your nose i found it in my business hoe,0,0,0.017392726590889716
"""Selling my soul for material wishes: fast cars and bitches"" #Tupac #smile #remix",selling my soul for material wishes fast cars and bitches,0,0,0.001748160583834297
RT @YungRalphMaejor: &#8220;@iDocLyfe: Worst movie you can think of?&#8221; Fan that fucking trash netflix be posting shit that looks like a porno,rt worst movie you can think of fan that fucking trash netflix be posting shit that looks like a porno,0,0,0.03934073019074427
1300 for the eggs sunny side nicca .. @EastsideDame,1300 for the eggs sunny side nicca,0,0,0.06095289733888695
givenchy my toes and my bros and my hoes,givenchy my toes and my bros and my hoes,0,0,0.009794349367412844
RT @LuvKittensDaily: Oreo being adorable http://t.co/5ZMZVT0sUl,rt oreo being adorable,0,0,0.010863420746581974
"RT @Yansii_: Black bitches be like ""boy i told you not to get my hair wet"" http://t.co/CSG4OoPgkY",rt black bitches be like boy i told you not to get my hair wet,0,0,0.006249874543158626
RT to spam this bitch ass nigga RT @HELLonDAscale: Migos http://t.co/5KzQXf7zg9,rt to spam this bitch ass nigga rt migos,0,0,0.04494956507788423
"@JasonMoriarty13 I remember his nephew Lucas crying and dan saying ""quit being such a pussy and grow a pair"" or something. &#128514;&#128557; dans so funny.",i remember his nephew lucas crying and dan saying quit being such a pussy and grow a pair or something dans so funny,1,0,0.002793068373891044
@0ddment I could fuck a bowl of graham cracker cereal,i could fuck a bowl of graham cracker cereal,0,0,0.3327704408560806
&#8220;@Runyacheckup: &#8220;@Shane_A1: A Bitch Couldn't pay me to get dem pregnant again &#128588;&#8221;&#128514;&#128514;&#128514;&#128514;&#128514;&#8221;fr fam ion see how niccas out here poppin kids out,a bitch couldnt pay me to get dem pregnant again fr fam ion see how niccas out here poppin kids out,0,0,0.01569615185707794
"HYSTERICAL!! Calling BHO a monkey! #NorthKorea &lt; may be a bunch of assholes, but that comment made me belly laugh!!!",hysterical calling bho a monkey lt may be a bunch of assholes but that comment made me belly laugh,0,0,0.15414955522017382
"Yaaaasss, bitch! RT @xtina: In more important news... &#127926; http://t.co/Z3b8XVHUty",yaaaasss bitch rt in more important news,0,0,0.026853257626030583
"Oh Yahweh, your hand is upon me, your shadow hovers over me.For your sake, The House of Ysrah'al mock me all day long http://t.co/wXEs0DQRP9",oh yahweh your hand is upon me your shadow hovers over mefor your sake the house of ysrahal mock me all day long,0,0,0.006525030592497491
Fuck these hoes im gone &#9996;&#65039;,fuck these hoes im gone,0,0,0.011122460693057574
Young jezzy dat nigguh,young jezzy dat nigguh,0,0,0.06334994027835618
@JuiceMan_LTF shut up pussy,shut up pussy,0,0,0.033814377314302806
Never seen purple bird poop until today lol http://t.co/4Psdx11Uu1,never seen purple bird poop until today lol,0,0,0.0043886553538511975
Ain't even fuckin wit shady bitches,aint even fuckin wit shady bitches,0,0,0.01612142519695218
RT @VICD713ENT: Good pussy ain't changin nothin. Might bump you up to main hoe from side jank. That only mean you get fucked more &#128533;,rt good pussy aint changin nothin might bump you up to main hoe from side jank that only mean you get fucked more,0,0,0.003496029770613196
That hate shit dont mean nothing bitch im feeling myself http://t.co/idmcA55SiD,that hate shit dont mean nothing bitch im feeling myself,0,0,0.01401564639650908
@Zach_Dorsey thirsty hoe,thirsty hoe,0,0,0.01396712195233268
Damn you a hoe,damn you a hoe,0,0,0.034700321562878216
"@BeeKayNS alas, I am proficient in neither. my skills are limited to pointless stat memorization + trash talk.",alas i am proficient in neither my skills are limited to pointless stat memorization trash talk,0,0,0.009903578251184526
Dont fuck wit broke bitches,dont fuck wit broke bitches,0,0,0.011053927921009607
"RT @KMOquality: Scholen waar directie leerkrachten pest, kunt u zich voorstellen hoe groot pestproblematiek onder leerlingen wel moet zijn?&#8230;",rt scholen waar directie leerkrachten pest kunt u zich voorstellen hoe groot pestproblematiek onder leerlingen wel moet zijn,0,0,0.015228315178795734
I hate my dog's name.. It sounds so ghetto. &#128528;,i hate my dogs name it sounds so ghetto,0,0,0.07155880257612444
@DeeRay_FRESH - pussy &amp; purp.&#128514;,pussy amp purp,0,0,0.014290317590231222
&#8220;@BSBHForum: #BeatTheHabs #NYR http://t.co/okvhWHy3Vh&#8221; @CanadiensMTL #pussy,,0,0,0.05020372358796218
RT @SpacePlankton: This monkey on my back keeps smearing poop in my hair.,rt this monkey on my back keeps smearing poop in my hair,0,0,0.061954023751782814
@Hovaa_ what about yellow spots?,what about yellow spots,0,0,0.02171107043797945
&#8220;@44BINKO: Denzy tryna hoe broski Izzy &#128553;&#8221;&#128514;,denzy tryna hoe broski izzy,0,0,0.014779224838614966
@TomcatStraight Come over queer,come over queer,0,0,0.3300098612296318
@alesiahenderson wat a faggot,wat a faggot,0,0,0.42837871528964555
@jessespector bird hats &gt; every other hat,bird hats gt every other hat,0,0,0.023767196851049884
"OMG RT @beigegawdd: Nothing in life has made me softer than ""Fuck me with your nigger dick""",omg rt nothing in life has made me softer than fuck me with your nigger dick,0,0,0.3813784743024033
Yankees should have NEVER gave away Melky. Guy can flat out HIT. #yankees #giants,yankees should have never gave away melky guy can flat out hit,0,0,0.03360066372964244
All the time lol RT @KoolAssK: Lol ima hoe sometimes,all the time lol rt lol ima hoe sometimes,0,0,0.008042376710578161
"RT @Erv_Montana: In the 2-6 bitch we prolly hit the same bitch, in the 2-6 bitch we gone bang the same shit, in the 2-6 bitch we prollu hit&#8230;",rt in the 26 bitch we prolly hit the same bitch in the 26 bitch we gone bang the same shit in the 26 bitch we prollu hit,0,0,0.0021258188508815417
RT @dnumberbefore_2: She used to be more fun as a hoe ..this new you is to positive,rt she used to be more fun as a hoe this new you is to positive,0,0,0.007607936278967116
The birds and the bugs #voguet by Anat R http://t.co/ndMELHuWCg via @Etsy #vintage #jewelry #bugout #insects #birds,the birds and the bugs by anat r via,0,0,0.013643233616383497
RT @MoneyHG: I love pussy,rt i love pussy,0,0,0.012704286177278212
I can't take you hoes serious because she everything a nigga need in a woman.. Some of y'all just look good &amp; that's it.,i cant take you hoes serious because she everything a nigga need in a woman some of yall just look good amp thats it,0,0,0.018314976182723496
"thats top off, pop off, im with my dogs like stewie griffin, bitches hear me they be like ooh he rippin",thats top off pop off im with my dogs like stewie griffin bitches hear me they be like ooh he rippin,0,0,0.02228851127083641
@Viri_BraceFacee my niggah my niggah lol &#128074;,my niggah my niggah lol,0,0,0.1442689043802222
Bout to dub dis bitch,bout to dub dis bitch,0,0,0.005161384395804767
"If some one isn't an Anglo-Saxon Protestant, they have no right to be alive in the US. None at all, they are foreign filth.",if some one isnt an anglosaxon protestant they have no right to be alive in the us none at all they are foreign filth,1,0,0.0163237814343925
RT @i_EaT_PIE: Dame the type of bitch that go to jail to meet men &#128514;&#128514;&#128514; http://t.co/ZWtTSb9cc1,rt dame the type of bitch that go to jail to meet men,0,0,0.010917658018351444
"Venti iced water

Make it snappy hoe",venti iced water make it snappy hoe,0,0,0.020416253607251918
all these hoes sweating and chasing niggas on this show&#128553;,all these hoes sweating and chasing niggas on this show,0,0,0.07751867920444573
@HeavensWay_ 2nd and last time I'll ever call you that faggot,2nd and last time ill ever call you that faggot,0,0,0.3821352376185107
What's a trash party ?,whats a trash party,0,0,0.06255324630569344
"In this update you will find lots of hardcore cock sucking, ass pounding and pussy pulsing thrills. I have to&#8230; http://t.co/LVODRmiwIh",in this update you will find lots of hardcore cock sucking ass pounding and pussy pulsing thrills i have to,0,0,0.014165677737566345
"Moral to the story: If you like the Yanks, I'll pretty much do anything you tell me to do.",moral to the story if you like the yanks ill pretty much do anything you tell me to do,0,0,0.018714501560841337
@Ole_Boy @m10eezy yes I'm white washed because I don't go around repping my hood and saying a bunch of ignorant nig terms.,yes im white washed because i dont go around repping my hood and saying a bunch of ignorant nig terms,1,0,0.22258167649840402
"""@nohands_24: ""@20ToLife_: ""@nohands_24: ""@DejaaLeeann_: @B_Coleman2 swears I'm #1 man"" easily"" easily"" behind Austin"" nip?",swears im man easily easily behind austin nip,0,0,0.014705504878470544
""" bad bitches is the only thing that i like """,bad bitches is the only thing that i like,0,0,0.004841660426899393
"Yea, Mike had a bitch-ass referee in Tokyo @Royceda59",yea mike had a bitchass referee in tokyo,0,0,0.043298253895999686
RT @lnsaneTweets: when other girls wear beanies they look cute &amp; stylish but when i wear them i look like a member of a drug cartel who sel&#8230;,rt when other girls wear beanies they look cute amp stylish but when i wear them i look like a member of a drug cartel who sel,0,0,0.0068043538744517835
"RT @runofplay: I'm confused. Martins Indi just drew a yellow card, but I didn't see him steal a tank from the Brazilian army and open fire &#8230;",rt im confused martins indi just drew a yellow card but i didnt see him steal a tank from the brazilian army and open fire,0,0,0.001430599177585126
@Po0pdogg back up faggot,back up faggot,1,0,0.42632796440691967
Bruh... @theofficialeg10 soo trash....,bruh soo trash,0,0,0.05316501977364184
RT @RhineRunIt: Henny &amp; hoes. RT @TiFFANY_P0RSCHE: Peace &amp; tranquillity &#8220;@daddykn0wsbest: If you were a Greek Mythical God&#8230;what would u be &#8230;,rt henny amp hoes rt peace amp tranquillity if you were a greek mythical god what would u be,0,0,0.007109303132113379
RT @ShamarGotHoes: J Cole ain't trash... Period.,rt j cole aint trash period,0,0,0.01464803229388051
RT @MickeyChristmas: Time to go to the studio and make really good music so I can act like I don't know the bitches that flexed on me since&#8230;,rt time to go to the studio and make really good music so i can act like i dont know the bitches that flexed on me since,0,0,0.0033498167955918782
#tbt me being a bad bitch http://t.co/Jc4bKbe8Vt,me being a bad bitch,0,0,0.007918793497958326
@RubyFakhoury @Nyquil_Dreams @guynamedjordan lets not forget the fact that everyone and their mother has yellow fever,lets not forget the fact that everyone and their mother has yellow fever,0,0,0.038846038973910736
You know how these hoes be! http://t.co/EdHIfNsrfR,you know how these hoes be,0,0,0.014460454748410246
Like a woman to tell you what she wants you to do without sounding like a bossy demanding bitch.The art to that is sexy.,like a woman to tell you what she wants you to do without sounding like a bossy demanding bitchthe art to that is sexy,0,0,0.009464936851001002
"""@KazAtta: @1TAKEHOV Oh man.. ""its 5 am, you off a molly, ho where the fuck ya seed at??"""" #fixed",oh man its 5 am you off a molly ho where the fuck ya seed at,0,0,0.033731676535137325
RT @nicky0472: @rickahyatt @1visionamd who better 2 b the Manchurian candidate. Think abt it we bitch abt his policy and he screams racism.&#8230;,rt who better 2 b the manchurian candidate think abt it we bitch abt his policy and he screams racism,0,0,0.0247109024914225
RT @YELLitOUT_louud: &#8220;@_laTodd: &#8220;@Satisfied_x: &#8220;@S_hawn24: Y'all females love y'all a bum nigga or a jail bird..&#8221;!!!!&#8221;&#10071;&#65039;&#10071;&#65039;&#10071;&#65039;&#128553;&#128079;&#128079;&#128079;&#8221;,rt yall females love yall a bum nigga or a jail bird,0,0,0.0037373788296315813
"My name is Bryanna you can find me at @1bree_bree, I'm the baddest bitch you'll meet, because everybody wants to be me&#128514;&#128514;&#128514;&#9996;&#65039;&#9996;&#65039;",my name is bryanna you can find me at im the baddest bitch youll meet because everybody wants to be me,0,0,0.023242080477053482
&#8220;@ChrizzyFive: Trying to run game on me u dumb bitch !!&#8221; @ her tho,trying to run game on me u dumb bitch her tho,0,0,0.014791453179509403
@ebomb26 cool beaners.,cool beaners,0,0,0.14616496837589282
"RT @Fratfession: ""Every frat should have gay brothers because they pull hella fine bitches to your parties"" - Sigma Alpha Epsilon",rt every frat should have gay brothers because they pull hella fine bitches to your parties sigma alpha epsilon,0,0,0.016166342769874772
"RT @_deemarieeeee: Nomatter how much I'm feeling you, u can't compete with girls who throw the pussy. Im just gonna always take the L",rt nomatter how much im feeling you u cant compete with girls who throw the pussy im just gonna always take the l,0,0,0.0006939549300863956
*Sings* I killed that pussy she died with her eyes open!,sings i killed that pussy she died with her eyes open,0,0,0.01665611164335267
RT @ChefBoiRlee: Yall hoes don't cook on sundays no more huh?,rt yall hoes dont cook on sundays no more huh,0,0,0.006870492694525344
Fuck u 2 bitch call the cops,fuck u 2 bitch call the cops,0,0,0.040550271683945434
Stop being a hoe,stop being a hoe,0,0,0.018442496834755066
#creamteam leaving hoes w #cockbreath,leaving hoes w,0,0,0.01784455721144403
RT @lildurk_: Seem like dese bitches ain't loyal,rt seem like dese bitches aint loyal,0,0,0.0015853729129309136
&#128514;RT @1BaD_dOc: I hate when people get on my bad side cause I honestly don't like to act like a bitch,rt i hate when people get on my bad side cause i honestly dont like to act like a bitch,0,0,0.018913514565324325
Big G-Day s/o to @MauricePrice17 #FreeBoosie nicca lol!!!!!,big gday so to nicca lol,0,0,0.02767336399952097
RT @I_DontKIAra: It ain't nothing to &#9986;&#65039; that bitch off &#128075;&#128514;,rt it aint nothing to that bitch off,0,0,0.004238602341072557
"They hating on you, because they know you bad, must be doing something right , if you got these bitches mad.!",they hating on you because they know you bad must be doing something right if you got these bitches mad,0,0,0.01099567817876706
"The DMV system was recently restructured on the narrative outline of Dante's inferno. Only edit, Dante is a fat pissed-off cunt.",the dmv system was recently restructured on the narrative outline of dantes inferno only edit dante is a fat pissedoff cunt,0,0,0.17889280955912068
@OhhhChad here come the desperate hoes &#128514;,here come the desperate hoes,0,0,0.01775780320060278
fuck twitter i aint getting on this bitch no more &#9996;&#65039;&#128545;&#128299;,fuck twitter i aint getting on this bitch no more,0,0,0.012198678985648963
What I hate about edm festivals is the people who bitch about the line up. #STFU,what i hate about edm festivals is the people who bitch about the line up,0,0,0.04596105513522477
RT @UnCharted_: Don't get your panties in a twist. Just take 'them off and let my tongue twist around in your pussy instead.,rt dont get your panties in a twist just take them off and let my tongue twist around in your pussy instead,0,0,0.004290573030302006
"""@MvckFadden: ""Stay beautiful you bitch""""",stay beautiful you bitch,0,0,0.019533320042177085
RT @bayleebork: @rahshauna keep your avi hoe,rt keep your avi hoe,0,0,0.013411312935060348
another long night with allergies! need better ned than zertec or however you spell it!,another long night with allergies need better ned than zertec or however you spell it,0,0,0.014018386480755771
"bitches be like "" I'm a squirter"" but thinkin pissin is squirting? no bitch 2 different places",bitches be like im a squirter but thinkin pissin is squirting no bitch 2 different places,0,0,0.0038586790725352866
RT @CreepGawddess: Wait what?? RT @SoulfulBrotha: $65 a random number for some pussy.,rt wait what rt 65 a random number for some pussy,0,0,0.007555596975779934
"RT @__chuuu_: I want this ""bad bitch"" epidemic to be over so fast bruh...fees can't write a sentence with proper subject-verb agreement now&#8230;",rt i want this bad bitch epidemic to be over so fast bruhfees cant write a sentence with proper subjectverb agreement now,0,0,0.006802567636687889
@chanelisabeth @Emmasayshai #icanhashtaghoweveriwant #bitch,,0,0,0.05020372358796218
Mei Haruka is tied up and takes three cocks in her pussy and&#160;mouth http://t.co/jNcMCZEFSs,mei haruka is tied up and takes three cocks in her pussy and mouth,0,0,0.019293532938806267
Photo: Happy Friday bitches #kimorablac http://t.co/3FIlNPwCwE,photo happy friday bitches,0,0,0.003076857367748596
RT @SumGurl07: So cute! :) RT @iTweetFacts: Shy bunny... http://t.co/z4u6NpORdz,rt so cute rt shy bunny,0,0,0.02963929456001215
RT @CheefPolo: Trippin over a rock &gt;&gt; trippin over a bitch,rt trippin over a rock gtgt trippin over a bitch,0,0,0.008583950156539644
RT @VibeLord: I hate when people think I'm mad or sad cause I'm not talking.. nah I'm chillin bitch.,rt i hate when people think im mad or sad cause im not talking nah im chillin bitch,0,0,0.009792231358107806
"@_IamQuiNichole &#128514;&#128514;&#128514; it's a song, ion kno y he referred to his future wife as a bitch",its a song ion kno y he referred to his future wife as a bitch,0,0,0.0021466910786973954
&#8220;@butter_obama: I hate when I attempt to make the yellow light but the car infront of me stops at the light &#128545;&#128545;&#128545;&#8221;&#8252;&#65039; I be wanting to fight&#128514;,i hate when i attempt to make the yellow light but the car infront of me stops at the light i be wanting to fight,0,0,0.0175703858700776
RT @wizkhalifa: Respect the man with vision and a gang of bitches to follow it.,rt respect the man with vision and a gang of bitches to follow it,0,0,0.006131679440724749
Why does @Drake like Serena Williams? She looks like a tranny,why does like serena williams she looks like a tranny,0,0,0.05000085617692712
Punch that hoe cause she deserve it.,punch that hoe cause she deserve it,0,0,0.023576870510239312
RT @KxngFrxsh: If ya friends always trynna get you to break-up wit ya nigga or do THOT shit wit them...Them bitches really ain't ya friends!,rt if ya friends always trynna get you to breakup wit ya nigga or do thot shit wit themthem bitches really aint ya friends,0,0,0.0020528816414391807
@Titan4Ever2488 how do Yankees fans look back on Gary Sheffield's time with the team?,how do yankees fans look back on gary sheffields time with the team,0,0,0.0336719974659885
@_BeautifulKeezy bitch I died when I read that.,bitch i died when i read that,0,0,0.03302862195100604
' Don't sleep on ma niggah CHood &#128076; @CharleyHood &#128175;&#128175;,dont sleep on ma niggah chood,1,0,0.06027585144296658
"HOT ISIS SOCIAL MEDIA PHOTO: Laughing Jihadis Get Baby To Kick Severed Head &#8211; ***warning, graphic*** http://t.co/7Zr8daxNg4 #tcot #pjnet",hot isis social media photo laughing jihadis get baby to kick severed head warning graphic,0,0,0.027063468278212165
RT @StonerBoii2cold: &#8220;@TreVaughnLG: Moma said no pussy cats inside my dog house&#8221; that's what got bro nem locked inside the dog pound !!,rt moma said no pussy cats inside my dog house thats what got bro nem locked inside the dog pound,0,0,0.0033543144716835457
A nicca ain't do shit all day,a nicca aint do shit all day,0,0,0.024565761363575227
RT @gillis_seth: Went to both lunches because of your bitch ass &#128530; @Trentdamanz,rt went to both lunches because of your bitch ass,0,0,0.01810565342525384
Fucking bitches never hit a nigga back up,fucking bitches never hit a nigga back up,0,0,0.06956582524248815
"She don't get emojis until after I bag, emojis are pussy shit",she dont get emojis until after i bag emojis are pussy shit,0,0,0.01786047003073042
RT @_____AL: Woww. Now niggas can't hit u bitches line and ask what u doin nomo.,rt woww now niggas cant hit u bitches line and ask what u doin nomo,0,0,0.05721664808687755
"Stupid people talking smack on ""Uncle Tim Tom"" are the same ghetto fools w/no future. I'm surprised u ignorant niggaz even read or write.",stupid people talking smack on uncle tim tom are the same ghetto fools wno future im surprised u ignorant niggaz even read or write,0,1,0.8219742433752425
@creoleblood @HighClassCapri @verkannt__ like what u bitches wantttt (dmx voice)&#128553;&#128553;&#128553;,like what u bitches wantttt dmx voice,0,0,0.005173518334737839
"RT @MattieTrump97: Win % since pile of trash @jairusbyrd went to New Orleans:

#Buffalo:1.000
#NewOrleans:0.0000000000000

#FuckByrd
#WhoNe&#8230;",rt win since pile of trash went to new orleans 1000 00000000000000,0,0,0.017757006581314936
"@matty_2_fatty fuck you bitch, where's my sleeve",fuck you bitch wheres my sleeve,0,0,0.02536907053834662
@Michellelevin_ pussy,pussy,0,0,0.016788265662320907
RT @SpongebobMemory: The sash ringing..the trash singing..mash flinging....the flash stringing...ringing....THE HASH SLINGING SLASHER! http&#8230;,rt the sash ringingthe trash singingmash flingingthe flash stringingringingthe hash slinging slasher,0,0,0.020733906836262885
"RT @Mari_813: ""Bae"" means ""before anything else"" I always thought it was a ghetto word for ""babe""",rt bae means before anything else i always thought it was a ghetto word for babe,0,0,0.015103092981683861
@therealjuicyj @ProjectPatHcp yea ho,yea ho,0,0,0.027461019288038582
Girls the days be confused hoes ain't nobody got time fo that !,girls the days be confused hoes aint nobody got time fo that,0,0,0.005860687958778251
@JVP731 @keselowski @mattkenseth I would have loved to watch Newman bitch slap Johnson I'd pay to see that,i would have loved to watch newman bitch slap johnson id pay to see that,0,0,0.0077532183716788805
RT @DarlinCory: Making homemade pickles and working on a funny tweet about pussy. I am going to make a great old lady!,rt making homemade pickles and working on a funny tweet about pussy i am going to make a great old lady,0,0,0.003379799043808187
RT @HornyFacts: A girl KNOWS when a bitch likes her boyfriend &#128564;&#128080;,rt a girl knows when a bitch likes her boyfriend,0,0,0.01754628750956141
@kieffer_jason No am real but you a pussy ass nigga so why would I give a fuck what u think lmao just stfu,no am real but you a pussy ass nigga so why would i give a fuck what u think lmao just stfu,0,0,0.17628344045762193
you look like your 12 stop talking about fucking bitches &#9757;,you look like your 12 stop talking about fucking bitches,0,0,0.01033941488927294
I'm bout to be.back on my old shit I miss my hoes texting me saying they wanna come see me,im bout to beback on my old shit i miss my hoes texting me saying they wanna come see me,0,0,0.0006525517402823129
"@Arctic_Nation yeah, these bitches aint shit tho",yeah these bitches aint shit tho,0,0,0.0021383952651826
@GiantRaiderKing oh you sneaky son of a bitch you,oh you sneaky son of a bitch you,0,0,0.010751243290211243
That ass so retarted it belongs on a short yellow bus.&#127825;&#128652;,that ass so retarted it belongs on a short yellow bus,0,0,0.02511424886426871
"""@_BaDa_Bing: I only punch real niggas in the face cause a pussy Nigga is gonna punch me right back"" Strong Mush or Shake..",i only punch real niggas in the face cause a pussy nigga is gonna punch me right back strong mush or shake,0,0,0.024879202810703847
I'm such a bitch to Austin &#128514;&#128514;,im such a bitch to austin,0,0,0.006193148682184672
"Yeah, he forgot to say ""Dumb"" &#8220;@TwistTwizzy: @snoopDogg made a mistake for calling @IggyAzalea bitch.&#8221;",yeah he forgot to say dumb made a mistake for calling bitch,0,0,0.011207490724201886
RT @Buckm00se: @_WhitePonyJr_ @ivanrabago_ when i drink some beurs kid . plus ur a faggot anyways,rt when i drink some beurs kid plus ur a faggot anyways,0,0,0.251242521134033
There may be a fag hag switch a 'comin!,there may be a fag hag switch a comin,0,1,0.5351943245384683
"RT @HBCUfessions: I got some bomb dick from a Alpha, a Q, 2 Kappas, a Iota, &amp;two professors all in the same month. Im not a hoe..I just say&#8230;",rt i got some bomb dick from a alpha a q 2 kappas a iota amptwo professors all in the same month im not a hoei just say,0,0,0.03355837794917978
mmm you still a hoe,mmm you still a hoe,0,0,0.017956235030136325
This bitch just said Lorde is rock... No,this bitch just said lorde is rock no,0,0,0.018984679053616487
' Bitch caught a body about a week ago ! Fuck with us and we get to tweekin hoe ! Run up on that niggah get to... http://t.co/av9YPjtwxn,bitch caught a body about a week ago fuck with us and we get to tweekin hoe run up on that niggah get to,0,0,0.00321346964355853
Open up her legs and filet mignon that pussy,open up her legs and filet mignon that pussy,0,0,0.009968514547154916
"@AngryWillHelms Genius, the politically correct term would be ""intellectually disabled."" It's highly offensive to use the word retarded.",genius the politically correct term would be intellectually disabled its highly offensive to use the word retarded,0,0,0.05490842840834158
"Ugh he's mine bitches! He's mine &amp; mine only. That's my baby, my man. Just know &amp; be aware. That's me!",ugh hes mine bitches hes mine amp mine only thats my baby my man just know amp be aware thats me,0,0,0.0018915376635023308
@Tee_Bizzle nah bitch you like Pookie from new jack city,nah bitch you like pookie from new jack city,0,0,0.008147888190101628
This bitch Gmfu.,this bitch gmfu,0,0,0.015965330716316832
RT @DamnitCorn: THIS SHIT IS LIKE 45 minutes away and it's 1 AM so clearly I am in desperate need of some pussy bruh! So I pull up to this &#8230;,rt this shit is like 45 minutes away and its 1 am so clearly i am in desperate need of some pussy bruh so i pull up to this,0,0,0.018454718341338164
"You fucking fag &#8220;@baethingape: this is exactly what i am talking about 

women are pigs http://t.co/oKR3seYFBJ&#8221;",you fucking fag this is exactly what i am talking about women are pigs,1,1,0.8221758619865523
RT @IDontClaimHoes: Yung berg did a bitch move &#128530;&#128514;,rt yung berg did a bitch move,0,0,0.016520185350386393
This my bitch please face http://t.co/O3k4WLrZTp,this my bitch please face,0,0,0.015048192467596797
RT @woohdakidd_74: @Shane_A1 &#128514;&#128514;&#128514;they ain't een kno I was in that bitch,rt they aint een kno i was in that bitch,0,0,0.002605628877869176
Like some nigga lie to bitches &amp; wonder why they go crazy ... That ain't me,like some nigga lie to bitches amp wonder why they go crazy that aint me,0,0,0.005098862285993689
"RT @hiteshrangra: Sonia never criticises @ArvindKejriwal . Kejriwal, who trashes every other leader, never criticises Sonia. Touching. #YoK&#8230;",rt sonia never criticises kejriwal who trashes every other leader never criticises sonia touching,0,0,0.05830527697777919
trash RT @VibeMagazine: Can the Notorious B.I.G.&#8217;s son CJ Wallace rap? Watch &amp; vote here: http://t.co/3kzJj7nqpP http://t.co/wOwnc0A70P,trash rt can the notorious big s son cj wallace rap watch amp vote here,0,0,0.010187272458311936
RT @JoeBudden: The dating scene so wack out here dog&#8230; shit super trash.,rt the dating scene so wack out here dog shit super trash,0,0,0.013112751816194593
"Faded, swear to god I'm faded.. my bitch educated had her clients pay the payment",faded swear to god im faded my bitch educated had her clients pay the payment,0,0,0.027449479179926236
' Niggahs stay thinkin I want they girl &#1041204;&#1041204;&#1041204;&#1041204;&#9995; Not nevvvvva niggah .,niggahs stay thinkin i want they girl not nevvvvva niggah,0,0,0.050037206988244654
Why are #teabaggers so interested in saving people who are Muslim? Does Syria have oil? #morningjoe,why are so interested in saving people who are muslim does syria have oil,0,0,0.061899527255930994
RT @RakwonOGOD: U hoes going to church this morning like y'all wasn't busting it wide open for niggas about 4 hours ago,rt u hoes going to church this morning like yall wasnt busting it wide open for niggas about 4 hours ago,1,0,0.009547140586412806
"RT @_iMadeHerWise: Idc about your ""story"", if Petey Pablo said your name in Freek A Leek, you automatically a hoe",rt idc about your story if petey pablo said your name in freek a leek you automatically a hoe,0,0,0.015347010104601176
Can't no hoe #FixMyLife,cant no hoe,0,0,0.017956235030136325
"RT @FunnyJokeBook: If your tweets have never offended anyone, then you tweet like a little bitch.",rt if your tweets have never offended anyone then you tweet like a little bitch,0,0,0.0041766762351169275
"@Latrobemark niggahs be like im draggn my nutts in 2 degree weather , out tgere Frozed like a bitch",niggahs be like im draggn my nutts in 2 degree weather out tgere frozed like a bitch,0,0,0.03224365889026503
RT @iMGorgeous_HOES: Karmas a bitch &#128514;&#128514;&#128514;?,rt karmas a bitch,0,0,0.03910351796576847
My dad just told @YourDudeFerg 's dad to text one of their friends and say hashtag pussy. Hahahaha I'm done,my dad just told s dad to text one of their friends and say hashtag pussy hahahaha im done,0,0,0.006963418798692401
deans crying because she needs to pee peter keeps saying nigger,deans crying because she needs to pee peter keeps saying nigger,0,1,0.5709149523598401
Nah I definitely gotta find me a bitch to drive me around in my whip while I'm drunk to this Ty Dolla $ign tape b it's only right,nah i definitely gotta find me a bitch to drive me around in my whip while im drunk to this ty dolla ign tape b its only right,0,0,0.000877096121851986
You got my name In your mouth but I got your bitch on my dick &#128586;,you got my name in your mouth but i got your bitch on my dick,0,0,0.0339917797177565
RT @MensHumor: Cheating on a good woman is like eating out of the trash instead going out for steak. #truth,rt cheating on a good woman is like eating out of the trash instead going out for steak,0,0,0.007203114713009057
"""@Mesha_nojas: @_Vontethekidd &#128079;&#128079;&#128079;&#128079;&#128588;"" I got hicks lol",i got hicks lol,0,0,0.03413871288959403
"RT @bl0ndeB1tch_: Love really is blind, stupid cunt of a feeling.",rt love really is blind stupid cunt of a feeling,0,0,0.1159227260370342
ik I look good and all but dam bitches stop making it obv your staring at me loll,ik i look good and all but dam bitches stop making it obv your staring at me loll,0,0,0.0037609817417796135
RT @IdGaf_IMYella: To be honest niggas are the biggest roaches these days.. They be with bitches just to have someone to put shit in their &#8230;,rt to be honest niggas are the biggest roaches these days they be with bitches just to have someone to put shit in their,0,0,0.030031096362858202
"Hoes thnk they ""won"" when the nigga thats ridin the fence start givin them a lil attention... what u won hoe? A wishywashy ass nigga? Oh.",hoes thnk they won when the nigga thats ridin the fence start givin them a lil attention what u won hoe a wishywashy ass nigga oh,1,0,0.05679075360230508
Her pussy clean but she dance dirty..,her pussy clean but she dance dirty,0,0,0.021501831503464176
@alexissert leave dyke,leave dyke,1,0,0.1994912033780889
RT @OLDBROOKLYNJIM: Only in #Cleveland are #browns fans going to bitch about a blow out win this week. #Believeland #GoBrowns,rt only in are fans going to bitch about a blow out win this week,0,0,0.00215462902954545
RT @zee__emm__gee: I immediately become the biggest bitch when I'm sick. Like I just need to be taken care of lmao,rt i immediately become the biggest bitch when im sick like i just need to be taken care of lmao,0,0,0.03633307247718511
@pablofunes_ Oh totes girl. I'm also blasting Mayday and wearing an oversized hoodie. Get at me queer,oh totes girl im also blasting mayday and wearing an oversized hoodie get at me queer,0,0,0.1141423689562018
"Let niggas hate, bitches loving it.",let niggas hate bitches loving it,0,0,0.013533458563102906
"@WhereYoHussleAt just to remind yall, cuz hoes be acting like they don't know",just to remind yall cuz hoes be acting like they dont know,0,0,0.003356245788697679
I have yet to understand why so many bytches getting the bull piercing? It's called a septic or something like that ...,i have yet to understand why so many bytches getting the bull piercing its called a septic or something like that,0,0,0.039613464461467976
Man this bitch smells like cheap lip stick,man this bitch smells like cheap lip stick,0,0,0.016965553481686185
That bitch is lyinggggg,that bitch is lyinggggg,0,0,0.015965330716316832
ion trust these bitches and ion trust these niggas!!!,ion trust these bitches and ion trust these niggas,0,0,0.02664384627838025
@FattyyTooRaw well Ontario is like kind of a dump now that the ghetto moved here since its cheaper to live here so.. &#128514;,well ontario is like kind of a dump now that the ghetto moved here since its cheaper to live here so,0,0,0.04203785843478586
I got good credit. So my bitch credit gotta match mine,i got good credit so my bitch credit gotta match mine,0,0,0.002359567843664021
RT @souljaboy: @kmichelle crank that shitty pussy yuuuuuuuuuaaaaaaa &#128169;&#128169;&#128169;&#128169;&#128169;&#128169;&#128169;&#128169;,rt crank that shitty pussy yuuuuuuuuuaaaaaaa,0,0,0.014239536766685768
Lol Jk I changed my number on them ho*s,lol jk i changed my number on them hos,0,0,0.03252727196870691
RT @__BrionnaNicole: Never realize the precious time you bitch niggas is wasting &#128070;,rt never realize the precious time you bitch niggas is wasting,0,0,0.024399503961251835
@Alan_Casillas bitches or wat,bitches or wat,0,0,0.012315248534090124
I'm with 3 bitches &amp; 2 of em mix,im with 3 bitches amp 2 of em mix,0,0,0.014544566073754834
Longway bitch,longway bitch,0,0,0.015965330716316832
you can never get a group of hoes together witout em resorting to being hoes....,you can never get a group of hoes together witout em resorting to being hoes,0,0,0.0034277542674407066
Every bitch was born to break a man,every bitch was born to break a man,0,0,0.05796743228342657
Chris Brown get bitches bruh lmao,chris brown get bitches bruh lmao,0,0,0.003525369576318813
"Oh well, you lil stupid ass bitch I don't fuck with Youuuuuu RT @HoldMyPurseGirl: Idfwu is a bitter ass song and only fuck niggas like it.",oh well you lil stupid ass bitch i dont fuck with youuuuuu rt idfwu is a bitter ass song and only fuck niggas like it,0,0,0.31706798291506555
RT @BandManKevo: Never catch feelings for a dumb bitch.,rt never catch feelings for a dumb bitch,0,0,0.008935783532298102
"Who is John Hanson? A ""Black"" Man, A Moor, John Hanson
was the First President of the United States! George... http://t.co/rpSeqjD3",who is john hanson a black man a moor john hanson was the first president of the united states george,0,0,0.17089097285644272
@_MostDope95_ Jenny says you're an evil bitch.,jenny says youre an evil bitch,0,0,0.038627871875284533
RT @DrugsForSteph: wifey material doesn't come often.. so you better recognize when you have yourself a rider before you end up with a hoe,rt wifey material doesnt come often so you better recognize when you have yourself a rider before you end up with a hoe,0,0,0.02918948487542795
Don't get a mf attitude bitch. I'm not about to justify shit.,dont get a mf attitude bitch im not about to justify shit,0,0,0.017545193705023856
Ihate them mad bitches where the glad ones at?,ihate them mad bitches where the glad ones at,0,0,0.004553250700891789
Yall bitches be liking yall asses ate lmfao,yall bitches be liking yall asses ate lmfao,0,0,0.013400189349051782
@Tylannol fuck you pussy -.- i made a mistake and started cj spiller over chris ivory this week -.- fuck,fuck you pussy i made a mistake and started cj spiller over chris ivory this week fuck,0,0,0.026349739527165263
"@BittyTang not sure. I think most women have self hate therfore collectively ""women are bitches"" becomes their campaign and men follow",not sure i think most women have self hate therfore collectively women are bitches becomes their campaign and men follow,0,0,0.013765755224771237
"Nigga, this bitch is scaring me. Pass me the blunt &#128514;&#128514;",nigga this bitch is scaring me pass me the blunt,0,0,0.07528999711201674
"Hmm.. Ass all chunky, brain is insanity.",hmm ass all chunky brain is insanity,0,0,0.039752802712651476
RT @thecoreyholcomb: The WNBA superstars can suck pussy while on top of da world but when they stop playing &amp; da thousands r gone they sett&#8230;,rt the wnba superstars can suck pussy while on top of da world but when they stop playing amp da thousands r gone they sett,0,0,0.015872983339939587
RT @My_Bird_Tweets: &#8220;@AdrienBroner: Two bad bitches giving me head at the same dam time...... #oldPICS LOL http://t.co/txxidDOHd2&#8221;&#128514;&#128514;&#128514;&#128514;&#128514; aww&#8230;,rt two bad bitches giving me head at the same dam time lol aww,0,0,0.002943188176399611
RT @shoulder_LEEN: &#8220;@intentions_: New York bitches be like #ThatNYCshit #bitchesbelike #newyorkGirlsbelike #hoodbitches LMFAOO&#128514;&#128514; &#128514; https:/&#8230;,rt new york bitches be like lmfaoo,0,0,0.013831743905743817
@thejokerxo yes!!! I love the hair on her pussy...lol,yes i love the hair on her pussylol,0,0,0.02832779790700503
RT @SheswantstheD: when u and ur boys discover a hoe http://t.co/3tK3UsCLwd,rt when u and ur boys discover a hoe,0,0,0.0221835674192411
are you serious right now? Hypocritical and double standards? Fuck outta my face with that trash,are you serious right now hypocritical and double standards fuck outta my face with that trash,0,0,0.07942615211164401
Thats some hoe shit doe,thats some hoe shit doe,0,0,0.017962509449367572
RT @REAL_Kaysavage: @1stBlocJeremiah my bitch,rt my bitch,0,0,0.0041493828698305575
@jdimenstein @JagexLyon yeah if you get in trouble its less than a .5 percent chance that its a mistake. so you're a fucking retard.,yeah if you get in trouble its less than a 5 percent chance that its a mistake so youre a fucking retard,0,0,0.12927344863923107
RT @drizzyswerve96: @0kkaren it looks like he's wearing a trash bag,rt it looks like hes wearing a trash bag,0,0,0.022672459083636666
The chinks really hunting their food... RT @WWLTV: Dog shot with arrow in N.O. East- http://t.co/q1KqT6STwl,the chinks really hunting their food rt dog shot with arrow in no east,1,0,0.11239241247391689
"&#8220;@itslizkhalifa: If pussy is just pussy to you, you a nasty ass nigga.. Hope you get aids &#128553;&#8221; bit harsh. Rethink that statement",if pussy is just pussy to you you a nasty ass nigga hope you get aids bit harsh rethink that statement,0,0,0.04341908060270548
@kathleen_herne Stink should shut his hole &amp; just perform his tricks like a good trained monkey,stink should shut his hole amp just perform his tricks like a good trained monkey,0,0,0.0535693598650878
"RT @DankyChan88: Dumb bitches broke my tv, went to wal mart fucked up... Wokeup with a smart tv lol",rt dumb bitches broke my tv went to wal mart fucked up wokeup with a smart tv lol,0,0,0.004103893450344577
RT @YVNGRVPVNZEL: sundy a old school ho tho,rt sundy a old school ho tho,0,0,0.022483642453166225
And just like me that bitch loaded.,and just like me that bitch loaded,0,0,0.021071910759866343
@GROUNDZERO1984 that's true in some ways. Gaming is very broad now a days tho. Everyone is a gamer with candy crush and angry birds,thats true in some ways gaming is very broad now a days tho everyone is a gamer with candy crush and angry birds,0,0,0.01376084725039306
"lmaoooo RT @ComedyTruth: Girls, don't let a guy treat you like a yellow starburst. You are a pink starburst.",lmaoooo rt girls dont let a guy treat you like a yellow starburst you are a pink starburst,0,0,0.00032366437718545104
"If a bitch has to fuss &amp;&amp;fight over a niggah thats hugged up &amp;&amp; ,boo'd up w the next bitch , clearly doesnt gaf bout u",if a bitch has to fuss ampampfight over a niggah thats hugged up ampamp bood up w the next bitch clearly doesnt gaf bout u,0,0,0.002320603059655895
"RT @BaileyAdams22: When Charlie Crist said ""Rick Scott, just too shady for the sunshine state"" http://t.co/0UShmogZDR",rt when charlie crist said rick scott just too shady for the sunshine state,0,0,0.006358467508184291
"@STACCS_WNT_FOLD you tell me, coon.",you tell me coon,1,0,0.31657937653921797
"RT @Curvables: Teachers always think they slick, bitches be subtweeting you in class and shit.",rt teachers always think they slick bitches be subtweeting you in class and shit,0,0,0.0032484181463665234
Am ghetto http://t.co/kgu2SePIQZ,am ghetto,0,0,0.047425868016401015
Confusing circumstances seem to get in the way of your high ho... More for Virgo http://t.co/nrAAI6dhVx,confusing circumstances seem to get in the way of your high ho more for virgo,0,0,0.03083513962899629
"RT @BrosConfessions: ""Ate pussy for the first time today. All I have to say is ... I think I may have a new favorite food""- Michigan",rt ate pussy for the first time today all i have to say is i think i may have a new favorite food michigan,0,0,0.013928977960827245
A week till im out this bitch.. Thank GOD,a week till im out this bitch thank god,0,0,0.0028051931582311713
Since you hoes wanna be childish &#128514;&#128514;&#128514; http://t.co/P6v3xPXnrZ,since you hoes wanna be childish,0,0,0.029533809046775286
"&#8220;@2Blunts1Jorge: Lol bitch funny, i was over you from the min i tossed your ass to the curb&#128567;&#8221; &#128588;&#128557;",lol bitch funny i was over you from the min i tossed your ass to the curb,0,0,0.007001207059309357
"RT @SSparklesDaily: The most beautiful women I've met have bruised souls, tired eyes, &amp; quiet smiles. The survivors. The ones who know abo&#8230;",rt the most beautiful women ive met have bruised souls tired eyes amp quiet smiles the survivors the ones who know abo,0,0,0.009498444171595786
You a stupid hoe,you a stupid hoe,0,0,0.040798389264066745
RT @MsKeeKee90s: Throw it up! Like a pizza! Get stirring in that pussy like a feature &#128514;&#128514;&#128514; @t_ndyy @PamiiBabesh,rt throw it up like a pizza get stirring in that pussy like a feature,0,0,0.008743407033663816
Stuck up serious bitches are possibly the worst type of girls. Ever.,stuck up serious bitches are possibly the worst type of girls ever,1,0,0.003937099074215846
@_EB_Games @BigBBrown Fuck all you hoes. lol,fuck all you hoes lol,0,0,0.029874611783389394
"RT @T_Mart88: Jaheim, Donell Jones, Lyfe Jennings, Ginuwine, Charlie Wilson, Dru Hill, NEXT, Jodeci, Tyrese and etc ...... bring THAT type &#8230;",rt jaheim donell jones lyfe jennings ginuwine charlie wilson dru hill next jodeci tyrese and etc bring that type,0,0,0.0028935954496034167
&#128514;&#128514; &#8220;@Juggs201: SOMEBODY GONNA DIE &#128557;&#128557;&#128557; RT @SMCo71: @Juggs201 &#128514; theres a bitch on NJT setting up a lean as we tweet&#8221;,somebody gonna die rt theres a bitch on njt setting up a lean as we tweet,0,0,0.010647530699310423
Is this retarded bitch really this stupid?,is this retarded bitch really this stupid,0,0,0.08633601822754733
RT @nerdkiller669: @ShinSnipes did u steal those glasses haha stupid nigger,rt did u steal those glasses haha stupid nigger,0,1,0.554457026654611
#stateoftheunion would last 15mins if they let the President talk all that standing up clapping is for the birds,would last 15mins if they let the president talk all that standing up clapping is for the birds,0,0,0.002841094268985105
A Yankee win makes any day better.,a yankee win makes any day better,0,0,0.013177974992870649
Dudes @edwards_cait is calling bitches out left and right today #mybabyisallgrownup &#128514;&#128514;&#128514;&#128079;&#128079;&#128079;,dudes is calling bitches out left and right today,0,0,0.002680141320690657
@_michellecole_ nice hoodie faggot,nice hoodie faggot,0,0,0.3434259641483968
RT @teekaydont_GAF: @WestSideFlee out here sending hoes clean off fse !!!!&#128514;&#128514;&#128514;&#128514;,rt out here sending hoes clean off fse,0,0,0.013787430830155472
"When bitches know they feeling stupid, they keep there sentences short.",when bitches know they feeling stupid they keep there sentences short,0,0,0.018600706375340073
1-100000 You are a semi-evolved monkey that is desperately searching for validation and meaning in life. BBQd you'd be ok with mango salsa.,1100000 you are a semievolved monkey that is desperately searching for validation and meaning in life bbqd youd be ok with mango salsa,0,0,0.124456276204091
@surething_mark you didn't even pass ESL yet you bitch lmao,you didnt even pass esl yet you bitch lmao,0,0,0.0025487093925655887
&#8220;@iank12: @AJDougherty13 no you homo&#8221; sorry I can't be straight like you and pull mad bitches &#128532;,no you homo sorry i cant be straight like you and pull mad bitches,0,0,0.008335569736947398
Jealous niggas usually send the hate threw the bitches,jealous niggas usually send the hate threw the bitches,0,0,0.05408183611197591
"&#8220;@briceokc: ""cigarettes are so gross"" -half the bitches that smoke cigarettes &#128530;&#8221; @gfys__",cigarettes are so gross half the bitches that smoke cigarettes,0,0,0.0041800008429842715
Let a niggah try me,let a niggah try me,0,0,0.032470210305624955
Niccas be hating on my nicca Jeezy ... #RealTalk,niccas be hating on my nicca jeezy,0,0,0.16974057960662164
@HaseenaBakhtali @steen020 @madraq Altyd zo geweest hoe vaak men ook zegt:dit nooit meer!LozeWoorden.PuntjeBijPaaltje vertonen z dierngedrag,altyd zo geweest hoe vaak men ook zegtdit nooit meerlozewoordenpuntjebijpaaltje vertonen z dierngedrag,0,0,0.015264747647746576
"RT @Pusha_TeeWat: Niggas fight in the NBA and they're called ""ghetto"" &amp; ""don't know how to act"" but there's a brawl in NASCAR and nobody sa&#8230;",rt niggas fight in the nba and theyre called ghetto amp dont know how to act but theres a brawl in nascar and nobody sa,0,0,0.20320344477748167
&lt;-- nudes are trash,lt nudes are trash,0,0,0.049292981286965284
RT @vexedmentals: draya really out catching a tan while her son looking out the window like the ikea monkey while everybody trick or treati&#8230;,rt draya really out catching a tan while her son looking out the window like the ikea monkey while everybody trick or treati,0,0,0.014197754723277636
Goofy ass. lmfaoo make a niggah laugh,goofy ass lmfaoo make a niggah laugh,0,0,0.05561081889426261
Not a word on Jihadi stream about the Kurdish female suicide bomber in Kobane. That story undermines their mythology on several levels.,not a word on jihadi stream about the kurdish female suicide bomber in kobane that story undermines their mythology on several levels,0,0,0.008301716176327143
"She has zebra tights in her take home bag, me and my mom are just &#128525;",she has zebra tights in her take home bag me and my mom are just,0,0,0.03564866711016611
lil bitch thats down to make your bond aint got to tell her &#128175;&#128076;,lil bitch thats down to make your bond aint got to tell her,0,0,0.004631251181590432
Too many pretty bitches got the sore throat voice.Mostly red bones. #TurnOff,too many pretty bitches got the sore throat voicemostly red bones,0,0,0.01317471092083845
Sometimes I just want someone to bitch to about a shitty day,sometimes i just want someone to bitch to about a shitty day,0,0,0.013570038598874117
&#128557;&#128557;&#128557; Foh RT @MizzCreme: #IDGT RT @eTheHustla: Good pussy don't neva get tired!!!,foh rt rt good pussy dont neva get tired,0,0,0.005571369088865781
@BH_Dragons he's fucking trash,hes fucking trash,0,0,0.07056590303846995
@RJ_diggins86 get some sleep pussy.,get some sleep pussy,0,0,0.015389828491523297
@ellese97 your rhyming is ghetto,your rhyming is ghetto,0,0,0.047425868016401015
"RT @allisonnamaya_: @Whitecholo23 omg Nathaniel. No ""come here mr pussy"" ""Mr pussy where are you"" lol",rt omg nathaniel no come here mr pussy mr pussy where are you lol,0,0,0.008592412076579141
I ain't don't turnin up bitch,i aint dont turnin up bitch,0,0,0.008384139484081225
Too many bitches got rabies And I hate a ho hoppin' woman #Stank pussy-poppin' woman,too many bitches got rabies and i hate a ho hoppin woman pussypoppin woman,0,0,0.004058969141145171
&#8220;@chloeonvine: Are. You. Kidding. Me. Right. Now. http://t.co/lFSvymMqTN&#8221; I'll smack a hoe,are you kidding me right now ill smack a hoe,0,0,0.01920319494242776
Pull up on my x make that bitch mad,pull up on my x make that bitch mad,0,0,0.005798919144383864
blue-sapphire-earrings 18k-yellow-gold-clip-on-diamond Alexandra Earrings in Emerald Crystal on Emma http://t.co/5j3lRXgrcn,bluesapphireearrings 18kyellowgoldclipondiamond alexandra earrings in emerald crystal on emma,0,0,0.042134636316053416
@LexiLanxon ratchet white trash,ratchet white trash,0,0,0.4159636744375114
"Sometimes ppl stay married cuz it's convenient. When u constantly bitch &amp; complain &amp; sleep in separate rooms, it's time to reevaluate.",sometimes ppl stay married cuz its convenient when u constantly bitch amp complain amp sleep in separate rooms its time to reevaluate,0,0,0.01124059224848043
"""You're fucked up"" 
No shit you dumb ass cunt now go post pictures if your flat ass titties on ig slut",youre fucked up no shit you dumb ass cunt now go post pictures if your flat ass titties on ig slut,0,0,0.10610597130362875
"Y'all men need to watch these ""cream pies"" bitches be having yeast infections &amp; on a 7 day monistat treatment. Know the difference",yall men need to watch these cream pies bitches be having yeast infections amp on a 7 day monistat treatment know the difference,0,0,0.0010172593142145612
"RT @WeAreGirICodes: i love this emoji &#128129; 
she's just like DUH bitch &#128129; 
lol i don't give a fuck &#128129; 
you're ugly &#128129; 
whatcha gonna do about it &#128129;&#8230;",rt i love this emoji shes just like duh bitch lol i dont give a fuck youre ugly whatcha gonna do about it,0,0,0.07707239572279997
"If a teacher tried to throw me some pussy when I was in school, nigga I ain't sayin shit",if a teacher tried to throw me some pussy when i was in school nigga i aint sayin shit,0,0,0.02644588854481489
RT @LilGrim_4DaFame: im just a average nigguh who chasin his money &amp; dreams while tryin stay out of trouble,rt im just a average nigguh who chasin his money amp dreams while tryin stay out of trouble,0,0,0.003297543925150776
@CenaSux43 You/ @TheBrianMo brought it up first with the allusion that she's a hoe. @chelsea_elisa @RobertBarber64,you brought it up first with the allusion that shes a hoe,0,0,0.016390605078214465
RT @AndrogyneAdvent: @verbally_abrupt y'all got all the gay hoes,rt yall got all the gay hoes,0,0,0.022127538523002897
@Titan4Ever2488 how are Yankees games on the radio? Good announcers?,how are yankees games on the radio good announcers,0,0,0.008992715823698276
RT @22duces20: Happy birthday to my little ass cousin who doesn't remember who I am @1NOnlyDirtyMike hope it's a good one fag !,rt happy birthday to my little ass cousin who doesnt remember who i am hope its a good one fag,0,0,0.32310984472470095
@politicsofamy puss or pussy?,puss or pussy,0,0,0.016788265662320907
RT @TibaBurger: Sick ass goal #ned #WorldCup2014,rt sick ass goal,0,0,0.05112538108951484
&#8220;@Chris_cooper907: @AK_Mueller @B_Reason18 its Brandon motherfucking reason.&#8221; He's a bitch nigga,its brandon motherfucking reason hes a bitch nigga,0,0,0.1161974830373154
I ain't got no hoes&#128530;&#128074;,i aint got no hoes,0,0,0.009345798306243245
RT @SheswantstheD: trying so hard to resist the urge to smack a bitch http://t.co/Cvnlm1I3Ls,rt trying so hard to resist the urge to smack a bitch,0,0,0.014154003172951585
if youre not cheering for mexico youre a little bitch,if youre not cheering for mexico youre a little bitch,0,0,0.03855738488615458
How you unblock bitches on here?,how you unblock bitches on here,0,0,0.012213734167958035
"Shit that Seth says, ""It's fatter than my cunt.""",shit that seth says its fatter than my cunt,0,0,0.05750687045173395
RT @WorldStarFunny: when you see a bitch nigga subtweet you http://t.co/eclOjoVwg7,rt when you see a bitch nigga subtweet you,0,0,0.014261639169602538
RT @que: I know u dawg hoes bck in style,rt i know u dawg hoes bck in style,0,0,0.005360734597865489
RT @BRANDONBARAY: update: u are still a bitch,rt update u are still a bitch,0,0,0.009020357910762649
RT @TheLittleFella_: @OLE_VertyBstard @savage_life091 bitch should've got out of her yard,rt bitch shouldve got out of her yard,0,0,0.0017256961096276066
RT @Now_Thats_Fresh: When you sit down and realize you really dont got bitches http://t.co/qdfHYALKA1,rt when you sit down and realize you really dont got bitches,0,0,0.033481086659285626
Got another nigga's bitch in my bed right now,got another niggas bitch in my bed right now,0,0,0.11511942547057827
"RT @aychmoore: most teachers abuse their position, there's teaching with discipline and there's being a cunt, most are cunts",rt most teachers abuse their position theres teaching with discipline and theres being a cunt most are cunts,1,0,0.07748323100387211
"""LMFAOOOOOOOOOOOOOOOOOO @bb_brooks: If your pussy is good but my mama don&#8217;t like you? Guess who gotta go&#8230;&#8230;&#8230;..my mama.""",lmfaoooooooooooooooooo if your pussy is good but my mama don t like you guess who gotta go my mama,0,0,0.0010840638049383533
RT @xoxo_shelby_22: &#8220;@zzachbarness: I'll fuck a bitch real quick&#8221;,rt ill fuck a bitch real quick,0,0,0.05330694704946143
RT @CockyBelichick: Time for the comeback pussies. #kisstherings,rt time for the comeback pussies,0,0,0.019417387688375205
Me &amp; my next bitch gone turn up on the fashion side. &amp; we ain't wearing nun of that designer shit. That shit basic af,me amp my next bitch gone turn up on the fashion side amp we aint wearing nun of that designer shit that shit basic af,0,0,0.002776304205092817
Happy first day of college nigger @MorbidMermaid,happy first day of college nigger,1,0,0.20682702832797112
@JadeGreenleaf @DailySexSupply am i really a fag if I'm liking that video,am i really a fag if im liking that video,0,1,0.5002717799987747
"""Mam, Ren&#233;e doet in haar rol net of ze ongesteld is Wat is ongesteld?"" Van dat soort vragen waar je denkt: hoe leg ik die weer uit.",mam ren e doet in haar rol net of ze ongesteld is wat is ongesteld van dat soort vragen waar je denkt hoe leg ik die weer uit,0,0,0.02829173357183694
@CharlesBWaffle these bitches need guidance.,these bitches need guidance,0,0,0.007224530360819423
"Love when the bitches take selfies with their tongue out, just gearin up for that money shot",love when the bitches take selfies with their tongue out just gearin up for that money shot,0,0,0.006542905905841954
"#IU should make me an honorary student, id be way cooler than the other international students. i have my own football card! #hoosiers",should make me an honorary student id be way cooler than the other international students i have my own football card,0,0,0.0476534817518354
@EricWithAHotDad faggot,faggot,0,0,0.42632796440691967
My phone is finally back on bitches! no more TextNow,my phone is finally back on bitches no more textnow,0,0,0.00961379705863002
pretty girls wit bird brains....what a waste smh,pretty girls wit bird brainswhat a waste smh,0,0,0.004553531352393792
RT @lamessican: I love when bitches throw shade. Just confirms i'm doing something right &#128514;,rt i love when bitches throw shade just confirms im doing something right,0,0,0.005207747154665798
bitch goin downnnn hillllll,bitch goin downnnn hillllll,0,0,0.01023474057499003
RT @Tr1zz: How bout some of you bitches be women for Halloween.,rt how bout some of you bitches be women for halloween,0,0,0.005200682725449478
@HonchoPikasoe lmao hell yea.. I love thick bitches &amp; thick bitches love fat niggas.,lmao hell yea i love thick bitches amp thick bitches love fat niggas,0,0,0.00552701490532361
Since a lot of you lil bitches wanted to add the 5h hashtag into all my tweets I'll do that shit back #vote5sos,since a lot of you lil bitches wanted to add the 5h hashtag into all my tweets ill do that shit back,0,0,0.003920694323624201
bunch of pussies,bunch of pussies,0,0,0.03503507441169029
"Man, aunt petunia is a royal bitch.",man aunt petunia is a royal bitch,0,0,0.010264279687437617
@JohnnnyAmor lol wyo bitch,lol wyo bitch,0,0,0.012751687544699176
Shades of Eric Chavez's past gold glove! #Yankees #Oakland,shades of eric chavezs past gold glove,0,0,0.04206238302569026
RT @WorldStarFunny: we don't love these hoes http://t.co/3waEZGCOVI,rt we dont love these hoes,0,0,0.01222330578257121
"@Barbod6FCB oh really and that's word where u be at then I wanna see what bout then, I don't wanna hear what u gonna do I want see it bitch",oh really and thats word where u be at then i wanna see what bout then i dont wanna hear what u gonna do i want see it bitch,0,0,0.011127856291875992
"@salomanizor I'm a faggot :/

http://t.co/Gr627ldfaa",im a faggot,1,0,0.2051423319110934
"@chanelisabeth well you're a first class bitch. So go on with your bitch life, bitch",well youre a first class bitch so go on with your bitch life bitch,0,0,0.0037170275126494922
"RT @ThatsSoRyannn: &#8220;@zzachbarness: ""IBS"" irritable bitch syndrome.&#8221; I have this",rt ibs irritable bitch syndrome i have this,0,0,0.013535701151256335
Last year I cuffed that bitch well now its ovaaaaaa,last year i cuffed that bitch well now its ovaaaaaa,0,0,0.010986252456353061
Are you nigguhs saying you want Donald trump as prez? That nigguh don't understand real american struggles &#128514;,are you nigguhs saying you want donald trump as prez that nigguh dont understand real american struggles,0,0,0.012881233177165174
My main bitch &amp; my side bitch mad at me I could give two fuckssss,my main bitch amp my side bitch mad at me i could give two fuckssss,0,0,0.0030573756145162844
&#8220;@Condeezy3: What to do after the game....home alone and nothing to do...someone come chill?:) maybe go swimm&#8221; ima do ya bitch,what to do after the gamehome alone and nothing to dosomeone come chill maybe go swimm ima do ya bitch,0,0,0.0077790214051003444
got to the club early just to get in free and wait for hoes to show up,got to the club early just to get in free and wait for hoes to show up,0,0,0.0027347124277061477
@ShareA40Ounce bad bitch with an open mouth,bad bitch with an open mouth,0,0,0.0044533838522249755
Tarzan out dis hoe http://t.co/LGmSbs4s68,tarzan out dis hoe,0,0,0.017661695764686274
@Daa_Boy_Rell @sluttyboy_kush @keem_Escobar you. A bitch too,you a bitch too,0,0,0.015965330716316832
I have officially earned my right to bitch about things for the next two years! Yay!,i have officially earned my right to bitch about things for the next two years yay,0,0,0.01324771748213491
"Of all the lazy bitches, I was the laziest today #noregrets",of all the lazy bitches i was the laziest today,0,0,0.005441110305470246
&#128072;never been a coon grew up with bokoo coons tho but never was 1 I did some coon shit tho,never been a coon grew up with bokoo coons tho but never was 1 i did some coon shit tho,0,1,0.8319305301483438
"RT @_wintergirl93: I don't wanna hear Sgt. #Tahmooressi's name come outta the Preezy's mouth. He couldn't be bothered then, keep his pie ho&#8230;",rt i dont wanna hear sgt s name come outta the preezys mouth he couldnt be bothered then keep his pie ho,0,0,0.1511756890478366
Some of these sex gifs are fucking retarded,some of these sex gifs are fucking retarded,0,0,0.06717105520498252
"&#8220;@__nijel: This hoe Mimi said ""I hurt my hand"" &#128529;&#8221;&#128514;&#128514;&#128514; bitch her throat &#128514;&#128514;",this hoe mimi said i hurt my hand bitch her throat,0,0,0.007839251970825523
What if I was on my ass that mean she get half of my cash? Man that bitch can kiss my ass,what if i was on my ass that mean she get half of my cash man that bitch can kiss my ass,0,0,0.0634674545909659
@ThadIsReal we in dis hoe. Imma get her too lmfaoooo,we in dis hoe imma get her too lmfaoooo,0,0,0.005094315522239112
Let a bitch say I got a small dick on god I'll whip that shit out and show everyone in the room what I got. Blessed.,let a bitch say i got a small dick on god ill whip that shit out and show everyone in the room what i got blessed,0,0,0.0009914793442466203
"RT @thecoreyholcomb: People who r mentally stable know when to beat their kids &amp; when to talk to them. Clubs hoes &amp; ""stop by dads"" should n&#8230;",rt people who r mentally stable know when to beat their kids amp when to talk to them clubs hoes amp stop by dads should n,0,0,0.0160053186644764
"@ImToBlame listen cuntrag whore bitch, shit be expensive as fuck, man. We had to do PR first that one year, this year was the wedding so.",listen cuntrag whore bitch shit be expensive as fuck man we had to do pr first that one year this year was the wedding so,0,0,0.03653804665854154
"My bitch work for chic fil and she says this is not real b ""@Dory: RT TO SAVE A LIFE http://t.co/5d42kQVo50""",my bitch work for chic fil and she says this is not real b rt to save a life,0,0,0.012149367661935069
@Lil_A47 &#128514;&#128514;&#128514; you're a coon,youre a coon,1,0,0.34867155039234277
RT @AndyMilonakis: I bet Beyonce's pussy tastes like a fresh caramel apple,rt i bet beyonces pussy tastes like a fresh caramel apple,0,0,0.004981660945427119
"Parker Cannon is lyrically beautiful. That bitch comes up with the best lyrics for his songs. Like fuck, man.",parker cannon is lyrically beautiful that bitch comes up with the best lyrics for his songs like fuck man,0,0,0.013090410415827414
RT @_politeASSHOLE: 1) A real nigga would NEVER be hurt and crying over pussy they didn't get for two years. What kinda gay shit is that?,rt 1 a real nigga would never be hurt and crying over pussy they didnt get for two years what kinda gay shit is that,0,0,0.013816620164614626
RT @SimplyLucyLu: Welp RT @iDntWearCondoms: The girl of your dreams is a hoe and the guy of your dreams ain't shit. Facts of life,rt welp rt the girl of your dreams is a hoe and the guy of your dreams aint shit facts of life,0,0,0.002427355732500683
You got wild bitches tellin you liessss,you got wild bitches tellin you liessss,0,0,0.007131373270085336
@emmysetter14 dayum saterlyt shoz un bayg ho-ul,dayum saterlyt shoz un bayg houl,0,0,0.05020372358796218
"Goku, shutting down hoes since 1984 https://t.co/RETjvhgj1H",goku shutting down hoes since 1984,0,0,0.01755814964753596
http://t.co/bPU86qzYFt Cassie Laine &#8211; Brunette slips off her lingerie and massages her wet pussy with&#160;oil http://t.co/rMqKLh1AeZ,cassie laine brunette slips off her lingerie and massages her wet pussy with oil,0,0,0.02139361647229383
Got damn the Lakers trash....,got damn the lakers trash,0,0,0.044707634365044976
I refuse to raise a child in this bitch ass country.,i refuse to raise a child in this bitch ass country,0,0,0.04768474160720939
@sportswatch time to dump another diet coke in the trash,time to dump another diet coke in the trash,0,0,0.04110105843708901
&#8220;@joytooawesome: I think this hoe pressed or some shit &#128533;&#8221;righttt how many times we asked where they be??ok,i think this hoe pressed or some shit righttt how many times we asked where they beok,0,0,0.016817089182997378
@SAULSOF1LTHY pussy boi,pussy boi,0,0,0.014067406026786607
life is ya professor better know that bitch is gone test ya,life is ya professor better know that bitch is gone test ya,0,0,0.004177473438709683
No time for bitch niggas.,no time for bitch niggas,0,0,0.07540405902439748
@CallMeDaishaa ghetto ass Pocahontas .,ghetto ass pocahontas,0,0,0.05061921791039585
@kimcampano &#128553;&#128557;&#128557; bitches needa take notes,bitches needa take notes,0,0,0.01027292463047519
"bitches ain&#8217;t shit, and they ain&#8217;t saying nothin&#8217;",bitches ain t shit and they ain t saying nothin,0,0,0.001994177741534314
#Minnesota is full of white trash,is full of white trash,1,1,0.5683978967504545
"GIRL! Trying to put dem bitches on, too! RT @CeeisMee: In AutoZone trying to buy the correct wiper blades for my car http://t.co/tifQceESts",girl trying to put dem bitches on too rt in autozone trying to buy the correct wiper blades for my car,0,0,0.03238140473575018
@AstrosCounty Jeff Luhnow is to blame for the Astros not blowing out the Red Sox and Yankees -HC,jeff luhnow is to blame for the astros not blowing out the red sox and yankees hc,0,0,0.014369097336394134
o unpunished. This has been the view for many thousands of years in civilised and uncivilised society.,o unpunished this has been the view for many thousands of years in civilised and uncivilised society,0,0,0.04831565847423977
"The girl skipping school ain't nothing but 16 y/o and just made me say in my head ""bitch u supposed to be in school"" had to catch myself",the girl skipping school aint nothing but 16 yo and just made me say in my head bitch u supposed to be in school had to catch myself,0,0,0.007720255203163516
U sure tha bitch ain't slumped over dead ? Lol &#8220;@GucciLikeSushi: The thots is out here ! ! http://t.co/Lb9I8rHTmV&#8221;,u sure tha bitch aint slumped over dead lol the thots is out here,0,0,0.0024141289278867186
RT @ItsGirllCode: when other girls wear beanies they look cute &amp; stylish but when i wear them i look like a member of a drug cartel who sel&#8230;,rt when other girls wear beanies they look cute amp stylish but when i wear them i look like a member of a drug cartel who sel,0,0,0.0068043538744517835
@ahimla2 - we do not want you here either! Suck my pigs arse you muzzie biotch! Get the phuck out and go back to your hellhole life!,we do not want you here either suck my pigs arse you muzzie biotch get the phuck out and go back to your hellhole life,0,0,0.15374602097709975
@LeonCountryBwoy your a big yute to be having slits in your brows my darg lol drop it out,your a big yute to be having slits in your brows my darg lol drop it out,0,0,0.01951405673133829
All da white folk off twitter yet? Da colored tweet at night while y'all sleep cuz you gotta woyke tomorrow.,all da white folk off twitter yet da colored tweet at night while yall sleep cuz you gotta woyke tomorrow,0,0,0.03386159968111278
"Fuck you, hoe ass nigga RT@UberFacts The white-fronted parrot is the only other species besides humans that French kiss as a prelude to sex.",fuck you hoe ass nigga rt the whitefronted parrot is the only other species besides humans that french kiss as a prelude to sex,0,0,0.05879343592809145
I'm just salty bitch,im just salty bitch,0,0,0.0063317202383811584
"@dolphrudager You don't have any kids?! What are you, one of them queers!?",you dont have any kids what are you one of them queers,1,0,0.24744282039587787
@goldietaylor @theGrio puppets like Don will intentionally and forever cripple our people's ability to unify a Eco and political consensus,puppets like don will intentionally and forever cripple our peoples ability to unify a eco and political consensus,0,0,0.02515314716200712
@im_jessicaaaaa ok hoe,ok hoe,0,0,0.01729276200429547
I have to hide these bitches or my sister gets them and eats all of them &#128520;,i have to hide these bitches or my sister gets them and eats all of them,0,0,0.006238418235462875
paybacks a bitch and bitch you've been livin in debt with me,paybacks a bitch and bitch youve been livin in debt with me,0,0,0.009312914373359443
how you insecure but a hoe? TF,how you insecure but a hoe tf,0,0,0.01313550692116563
Saltine crackers for dinner lol. Sad lyfe.,saltine crackers for dinner lol sad lyfe,0,0,0.028491215305317726
"@ThequeenSOxILL I'd rather ask yours, is she a nappy headed hoe too? And is your grandma as well? I'd be ashamed to be in your family.",id rather ask yours is she a nappy headed hoe too and is your grandma as well id be ashamed to be in your family,0,0,0.022771201783950205
"RT @kaegann: If you ""hate people so much"" then go morph into a Chihuahua since you want to be a little, whiny bitch so badly.",rt if you hate people so much then go morph into a chihuahua since you want to be a little whiny bitch so badly,0,0,0.04455140191605717
RT @Mix_Mommie: Wyd hoe bucket&#8220;@TheKaosYatti: @Mix_Mommie heyyy&#8221;,rt wyd hoe bucket heyyy,0,0,0.013087579609440486
Your vaginal walls are inflammed by a fuck nigga that's fucking you and a few other bitches. Cut em as you complete your treatment.,your vaginal walls are inflammed by a fuck nigga thats fucking you and a few other bitches cut em as you complete your treatment,0,0,0.011997909477798522
"RT @TrxllLegend: One good girl is worth a thousand bitches

&#128112; = &#128109;&#128109;&#128109;&#128109;&#128109;&#128109;&#128109;&#128109;&#128109;&#128109;&#128109;&#128109;&#128109;&#128109;&#128109;&#128109;&#128109;&#128109;&#128109;&#128109;&#128109;&#128109;&#128109;&#128109;&#128109;&#128109;&#128109;&#128109;&#128109;&#128109;&#128109;&#128109;&#128109;&#128109;&#128109;&#128109;&#128109;&#128109;&#128109;&#128109;&#128109;&#128109;&#128109;&#128109;&#128109;&#128109;&#128109;&#128109;&#128109;&#128109;&#128109;&#128109;&#128109;&#128109;&#128109;&#128109;&#128109;&#128109;&#128109;&#128109;&#128109;&#128109;&#128109;&#128109;&#128109;&#128109;&#128109;&#128109;&#128109;&#128109;&#128109;&#128109;&#128109;&#128109;&#128109;&#8230;",rt one good girl is worth a thousand bitches,0,0,0.007028132486898371
ON. SIGHT!! RT @MichyDoe: Bitch I bet not see you in the streets @CoreyWhiteJr3 trash ass nigga,on sight rt bitch i bet not see you in the streets trash ass nigga,0,0,0.006664891487810886
"They say numbers dont lie, bitch im not the 1",they say numbers dont lie bitch im not the 1,0,0,0.010627134892177164
"Welp! &#8220;@FemaIeStruggle Me: Baby I cooked

Bae: What's for dinner?

Me: That bitch you been texting http://t.co/pOxpYQ5Eiy",welp me baby i cooked bae whats for dinner me that bitch you been texting,0,0,0.006645119120504774
One thing about it .. I'm a loyal a$$ nicca,one thing about it im a loyal a nicca,0,0,0.03404503216222241
@kieffer_jason How u going to talk shit from another state that's dat pussy shit,how u going to talk shit from another state thats dat pussy shit,0,0,0.0028957117199346176
So now been trill is trash cus asap said so &#128533; ok,so now been trill is trash cus asap said so ok,0,0,0.04653412005688157
RT @NoBeeetch: @Ugh_Sickoe @thuggchelseaa aye bitch http://t.co/7NIebl9xQr,rt aye bitch,0,0,0.007372040535943512
RT @willyroast2: Ratchet hoes wear flip flops that curl up and turned black like souls of slaves walked in them,rt ratchet hoes wear flip flops that curl up and turned black like souls of slaves walked in them,0,0,0.008157048329674253
@_BeautifulKeezy lmfao bitch was I talking to you &#128514;&#128514;,lmfao bitch was i talking to you,0,0,0.027495243374276012
All the bitches in Shameless are straight bugoutsss,all the bitches in shameless are straight bugoutsss,0,0,0.006571437330349267
Still don't give a fuck bout a bitch or her dude,still dont give a fuck bout a bitch or her dude,0,0,0.013595065530650667
It's hard being a real nigga when these niggas got bitch tendencies,its hard being a real nigga when these niggas got bitch tendencies,0,0,0.01650912502270167
All the Uchiha are. RT @ThatNiggaCris: Sasuke is probably the biggest faggot of all time,all the uchiha are rt sasuke is probably the biggest faggot of all time,0,0,0.417539987019753
"Bitch, you may have a million dollar body, but you got a dollar menu face and a four-piece nugget pussy, so you ain't worth shit.",bitch you may have a million dollar body but you got a dollar menu face and a fourpiece nugget pussy so you aint worth shit,0,0,0.00035278137069627574
"RT @fernando_822: Rockin', rollin', swaggin' to the max
My bitch a fashion killa, she be busy poppin' tags&#127926;",rt rockin rollin swaggin to the max my bitch a fashion killa she be busy poppin tags,0,0,0.011176257285268214
"""@JasminePore: If you dressed up as a cat for Halloween you are basic."" ...or a pussy",if you dressed up as a cat for halloween you are basic or a pussy,0,0,0.007096447892657878
"RT @IamMrEchols: Lmao &#8220;@GuruJeremy: A hoe's best excuse is ""it just happened"" lol. No. You being a hoe just happened. It's okay to admit it&#8230;",rt lmao a hoes best excuse is it just happened lol no you being a hoe just happened its okay to admit it,0,0,0.00034969391896104863
@immSpeed whatchu gon do bout it bitch,whatchu gon do bout it bitch,0,0,0.0038706356646277295
These bitches so redundant,these bitches so redundant,0,0,0.012213734167958035
Except dat Hazel nigga.. RT @KingHov1313: &#8220;@11wdNICK: I think all dem hoes on LAHHH regular....&#8221;&#128072;I know I can hit all of em too&#128553;,except dat hazel nigga rt i think all dem hoes on lahhh regular i know i can hit all of em too,0,0,0.05324460918023227
RT @rellyOnSMASH: that shoot em up shit is cool but gimme some shit i can play in front of bitches my nigga...gimme some jiggy shit i ca ...,rt that shoot em up shit is cool but gimme some shit i can play in front of bitches my niggagimme some jiggy shit i ca,0,0,0.004882793136313363
&#128034; dirty whore. I love you. but you a hoe. but I love you. Jesus is watching.,dirty whore i love you but you a hoe but i love you jesus is watching,0,0,0.04739403075428402
"@_fckwatchuthink @Huntermoore or you know, you could just go drink bleach bitch",or you know you could just go drink bleach bitch,0,0,0.012636920038418369
"Kayci and I greet each other by saying ""hey cunt"" like it makes me lol",kayci and i greet each other by saying hey cunt like it makes me lol,0,0,0.014216910621542303
EJ wanna be Michael Sam bitch so bad.,ej wanna be michael sam bitch so bad,0,0,0.010701187577593715
"Text ya bitch like ""ya man suck, meet me at da birkin store tell em get his bands up"" &#128527;",text ya bitch like ya man suck meet me at da birkin store tell em get his bands up,0,0,0.006351024952097051
its been 5 years and this bitch still thinks im over how she did me over. I dont think so. *decline*,its been 5 years and this bitch still thinks im over how she did me over i dont think so decline,0,0,0.006078075369454153
RT @2Live_Que: So y'all just gone look past the fact that this bitch sucking a dick cause her edges laid? I swear hate you bitches &#128530; http:/&#8230;,rt so yall just gone look past the fact that this bitch sucking a dick cause her edges laid i swear hate you bitches,0,0,0.0016563839189376007
@mah5H stfu white trash,stfu white trash,1,1,0.7549955529131017
"&#8220;@pskinny31: That hoe gone jam watch&#8221; if you ain't throwing ass bitch ""fuck out the party &#9996;&#65039;""",that hoe gone jam watch if you aint throwing ass bitch fuck out the party,0,0,0.010731973370040197
No hoe shit tho I was bout to say Perro got butt naked bitches doing dishes,no hoe shit tho i was bout to say perro got butt naked bitches doing dishes,0,0,0.012739502439343835
"digging a hole is very satisfying, it's climbing out that's a bitch.",digging a hole is very satisfying its climbing out thats a bitch,0,0,0.00584890552971944
"@esn_Josh @esn_Waves @ESN_Creeper @GT_Parthenon bitch please, are you trying to say I was closer to Philly than you",bitch please are you trying to say i was closer to philly than you,0,0,0.039843491069062646
I love to eat pussy! #love #investment,i love to eat pussy,0,0,0.004948689660074412
wack bitches make me curve them,wack bitches make me curve them,0,0,0.010909253954443345
Why would I be mad at a bitch who couldn't pass the 10th grade &#128128; I'll wait,why would i be mad at a bitch who couldnt pass the 10th grade ill wait,0,0,0.003931663577067627
"RT @JackBPR: Alec Baldwin mocks Harris-Perry: &#8216;If I cry, will I be forgiven all my transgressions?&#8217; http://t.co/9Oq5GTPmXx via @BizPacRevi&#8230;",rt alec baldwin mocks harrisperry if i cry will i be forgiven all my transgressions via,0,0,0.021843613142786825
"@jasonjwilde On that 4th down incompletion, both the slants looked like better options. Shame, but there&#8217;s a youth &amp; lack of trust going on.",on that 4th down incompletion both the slants looked like better options shame but there s a youth amp lack of trust going on,0,0,0.04242344588913429
"TLC's Chilli and her bullied son have the same moustache and seem to share clothes. Yer in the public eye! STOP CRYING, ya flaky bitch.",tlcs chilli and her bullied son have the same moustache and seem to share clothes yer in the public eye stop crying ya flaky bitch,0,0,0.015338120840564084
Did the Italian bird just call Janet a calzone? #UNCLEtweet,did the italian bird just call janet a calzone,0,0,0.0038103955843802237
This office is used to pound some&#160;pussy http://t.co/x8jlLf0fA9,this office is used to pound some pussy,0,0,0.007905998549281404
RT @DopeChubbyChick: You was so eager to be a hoe you didn't even read RT @JennnVeee: &#8220;@DJZeeti: twitpic a selfie wearing a leotard&#8221; http:/&#8230;,rt you was so eager to be a hoe you didnt even read rt twitpic a selfie wearing a leotard,0,0,0.0026937805505926845
Jealousy is such a bitch.,jealousy is such a bitch,0,0,0.015965330716316832
@b_shiznitt wanted me to let everyone know he downloaded the whole Acoustic Justin Bieber album #fag,wanted me to let everyone know he downloaded the whole acoustic justin bieber album,0,0,0.03444028443522887
"&#8220;@50TysonRap: Aye nigga, who tryna freestyle?&#8221; You trash though lol",aye nigga who tryna freestyle you trash though lol,0,0,0.05747045007967233
"""@Nicholas_ted33: Kobe stay talking trash. But let's not forget http://t.co/VH4tnEkvTP"" @J_Austin12 I meant to do this one. Smh.",kobe stay talking trash but lets not forget i meant to do this one smh,0,0,0.03694428179481095
"""Let's do nips ahoy and spank me maybe""",lets do nips ahoy and spank me maybe,0,0,0.020567588238219078
RT @JuanNDaCut: Explaining to a girl how u don't have hoes http://t.co/eY7lmc5i2W,rt explaining to a girl how u dont have hoes,0,0,0.006545547688865352
#HonestyHour in middle school hoes used to call me a Mandingo warrior,in middle school hoes used to call me a mandingo warrior,0,0,0.027406590200152688
RT @Cam_Major: naw no bs tho...if u under lets say 20 and u got like 15 bodies...u def a hoe lol. theres no debating that.,rt naw no bs thoif u under lets say 20 and u got like 15 bodiesu def a hoe lol theres no debating that,0,0,0.003366332571489112
RT @iSellGreenCards: You a faggot if you use Uber because real niggas drive drunk,rt you a faggot if you use uber because real niggas drive drunk,0,0,0.18289966512399133
@kieffer_jason @zach_smith98 @NathannDevlin so why the fuck are still talking shit. You acting like a pussy ass nigga,so why the fuck are still talking shit you acting like a pussy ass nigga,1,0,0.4635642753837719
"You a hoe if you ever ""fstow"" after midnight",you a hoe if you ever fstow after midnight,0,0,0.017956235030136325
#RuinADessert @midnight Fairy Queen. nomg&gt; I fucked #Obama panties again...............,fairy queen nomggt i fucked panties again,0,0,0.014187188438772745
Life aint shit but bitches an money i pass that weed like i studied,life aint shit but bitches an money i pass that weed like i studied,0,0,0.0011342654816773174
@AndrewJBurns1 @Tommy_Russell_ homo ass crackers,homo ass crackers,1,0,0.14778375205394279
RT @VUULibrary: It is Shakespeare's birthday. Take a look at some Shakespearean trash talk. http://t.co/JSy3UFfaIb,rt it is shakespeares birthday take a look at some shakespearean trash talk,0,0,0.011178974349080346
@253hippy Bc she's a cunt hoe bag,bc shes a cunt hoe bag,0,0,0.06387626875473561
This bitch lying to me &#128514;&#128530;,this bitch lying to me,0,0,0.032819082193589054
All you muzzy lovers need to do one thing. Tell muzzies in the mideast to leave Israel alone. Don't start no shit won't be no shit. #Israel,all you muzzy lovers need to do one thing tell muzzies in the mideast to leave israel alone dont start no shit wont be no shit,1,0,0.006524981185031421
Twatch sounds like twat.,twatch sounds like twat,0,0,0.039848226554347714
"If anything I've ever said has offended you, that's a YOU problem not a me problem. Don't be such a little bitch.",if anything ive ever said has offended you thats a you problem not a me problem dont be such a little bitch,0,0,0.005290740078768025
"RT @HoboKarl: While the men will often be rambling and retarded, the women will appear trashy and tipsy, lawless and lustful http://t.co/A5&#8230;",rt while the men will often be rambling and retarded the women will appear trashy and tipsy lawless and lustful,1,0,0.0730811860868275
RT @AdamSchein: Great job by the Yankees giving Brian Cashman a new contract. The haters are just wrong. CC: @ChrisCarlinSNY,rt great job by the yankees giving brian cashman a new contract the haters are just wrong cc,0,0,0.011958713715965828
@CiscoAllDay and btw don't ever bring up past hoes wit yo ol lady I took that L in HS tryna be semi honest smh,and btw dont ever bring up past hoes wit yo ol lady i took that l in hs tryna be semi honest smh,0,0,0.0023328736534510143
@rasheedibrahim_ once it gets cold yall gonna be trash again lol,once it gets cold yall gonna be trash again lol,0,0,0.02295952090616573
RT @BigDaddyCooter: @vngelinaa_ yeah fuck lunch I'll just eat pussy under the staircase by the foriegn language hallway,rt yeah fuck lunch ill just eat pussy under the staircase by the foriegn language hallway,0,0,0.002093623974357629
@bnp We are being overrun by mongrels because ZOG or the Jews that run our countries want the white man to perish.,we are being overrun by mongrels because zog or the jews that run our countries want the white man to perish,1,0,0.37773868642774966
@Garner_412 heyyyyyyyyyyy fag boy am I gonna watch you play?,heyyyyyyyyyyy fag boy am i gonna watch you play,1,0,0.3558741633256743
RT @patbeeh95: @iDocLyfe Rick James ain't even slap his bitches that hard,rt rick james aint even slap his bitches that hard,0,0,0.0015074281389514323
"RT @StevStiffler: If her bio says ""Only God can judge me"" she's a hoe.",rt if her bio says only god can judge me shes a hoe,0,0,0.015999275815183445
&#8220;@NotGrimey &#8220;@BobbyBudnic My brother a faggot&#8221;&#8221;smh,my brother a faggot smh,0,0,0.41497118704899394
""" Murda Gang bitch its Gang Land """,murda gang bitch its gang land,0,0,0.008545566852944343
&#128165;&#128162; on the pussy http://t.co/mWXQnjm4So,on the pussy,0,0,0.016788265662320907
"Hittin licks, what you get outta that?
You &amp; yo boys is some pussy cats!!!",hittin licks what you get outta that you amp yo boys is some pussy cats,0,0,0.03501539592111233
#Royals Milwaukee let Yost go.Now they wished they hadn't cause they suck.How about now.He's the guy win or lose. Yankees fire Girardi &#128073;Yost,milwaukee let yost gonow they wished they hadnt cause they suckhow about nowhes the guy win or lose yankees fire girardi yost,0,0,0.0024295850725322373
Sex with whoever I want whenever I want? Nah. My girl give me good pussy all the time.,sex with whoever i want whenever i want nah my girl give me good pussy all the time,0,0,0.0015985578353013502
Dad called me a border hopper,dad called me a border hopper,0,0,0.18330348575219232
Wait a min you nigga bitch! Lol RT @WILLIEP252: #FuckTheSteelers #HTTR I don't give a damn if it (cont) http://t.co/9VemNXDuQL,wait a min you nigga bitch lol rt i dont give a damn if it cont,0,0,0.2821323299959383
RT @guccii1017: wtf was drake asking us to pull over so he can get my autograph bitch I&#8217;m scheelp fuck you drake http://t.co/LzL0JlhdvK,rt wtf was drake asking us to pull over so he can get my autograph bitch i m scheelp fuck you drake,0,0,0.004148423323342306
RT @relatabIe: i hate when people ask &#8220;who you tryna look good for?!&#8221; bitch myself bye,rt i hate when people ask who you tryna look good for bitch myself bye,0,0,0.01989880989571281
When you tell a dark skin bitch to send you some sexy shit http://t.co/f5RUR3RkLU,when you tell a dark skin bitch to send you some sexy shit,0,0,0.030336486817322317
@babyspittle @Kimmyincali @MartiniShark @SenatorReid Still blaming Bush? Fucking retard,still blaming bush fucking retard,0,0,0.11162080078705769
RT @_____AL: &#8220;@KY_YNF: &#8220;@TroyPanamera: Brandon Jennings easily got the coldest bitch ever&#8221; damn near lol&#8221;not damn near that's fact.,rt brandon jennings easily got the coldest bitch ever damn near lol not damn near thats fact,0,0,0.003369869606534297
@slayerific13 @brenda_skelton @daisymcgarr Don't get me wrong G.. I'd hunt birds but that's a lot of work &amp;.. well I just ain't that hungry,dont get me wrong g id hunt birds but thats a lot of work amp well i just aint that hungry,0,0,0.0031944435275974817
@kassidypeek pussy shit ^,pussy shit,0,0,0.00977059961610492
"I'm glad to see that broads are still into the ""faggot"" look when it comes to picking dudes.",im glad to see that broads are still into the faggot look when it comes to picking dudes,0,0,0.13427698446349315
This fucking little bitch landed on me in the car and really thought I wouldn't kill him.. http://t.co/nOuHxhLsHA,this fucking little bitch landed on me in the car and really thought i wouldnt kill him,0,0,0.23092846246480794
"you are a hoe, hoe, &amp; a hoe.",you are a hoe hoe amp a hoe,0,0,0.0016796975230757587
triple nipple ass hoes!!,triple nipple ass hoes,0,0,0.052034621924317744
The nice side of Long Beach really got hoes lol,the nice side of long beach really got hoes lol,0,0,0.008461112923064201
"Look A Y'all Makeup bitches , Lookin like a ghost when ya wake up bitches",look a yall makeup bitches lookin like a ghost when ya wake up bitches,0,0,0.0029674798516307996
@1MannyOnly @iamadamg_ @JennyReyes42 bitches will be bitches.,bitches will be bitches,0,0,0.002807366724188115
RT @whatupwxll: @VivaLaKash &#128514;&#128514;&#128514; got dhem hoes !,rt got dhem hoes,0,0,0.011677518016152794
I support all of my niggaz and bitches doing dope shit on the west side and in my city LA,i support all of my niggaz and bitches doing dope shit on the west side and in my city la,0,0,0.009502387810714838
RT @kevnasto: I would rather fuck a fat chick than allow a nigger into my house.,rt i would rather fuck a fat chick than allow a nigger into my house,1,1,0.5462215854320953
RT @RipTre96: I ain't entertaining nomore dumb bitches,rt i aint entertaining nomore dumb bitches,0,0,0.007408755980430932
RT @BriannaChevonne: Birds of a feather flock 2gether. Hoes friends with hoes. Bitter women be with other bitter ones. Haters be with hater&#8230;,rt birds of a feather flock 2gether hoes friends with hoes bitter women be with other bitter ones haters be with hater,0,0,0.0037690641972741904
They took it there bro you know I'm civil. RT @lilmissStoney: @VikkiNoSecrets wait a minute! Lol. Don't get ghetto V!,they took it there bro you know im civil rt wait a minute lol dont get ghetto v,0,0,0.00621170993561261
On a handstand? RT @blaaksuedepumps *pops pussy in delight*,on a handstand rt pops pussy in delight,0,0,0.018868661158799732
"@fallenloki @NotoriousBM95 @Buckm00se lmfaooo how many ""returns"" has this faggot gotten?",lmfaooo how many returns has this faggot gotten,0,0,0.2941386042859673
#1personidbitchslap @Khamruz. Fa blowin my tl. Up like a bitches spare tire leavin dairy queen,fa blowin my tl up like a bitches spare tire leavin dairy queen,0,0,0.005305028264642756
"Also love angry old Irish bartenders ""pussies have one beer and ask for a glass of water, fuck them I ignore that shit""",also love angry old irish bartenders pussies have one beer and ask for a glass of water fuck them i ignore that shit,0,0,0.012771150077134173
&#8220;@cb_marie: @what_evaittakes &#128563;&#128553;&#128514;&#128514; now bitch you know.. Lmaooo&#8221;&#128514;&#128514;&#128514;,now bitch you know lmaooo,0,0,0.01194735618387574
we all went through so much shit together . I miss them bitches,we all went through so much shit together i miss them bitches,0,0,0.0025558759159237743
I won't trust a bitch &#128581;,i wont trust a bitch,0,0,0.009257005743540391
&#8220;@koleworld4: &#128541; http://t.co/61zY8Cc47j&#8221;bitches swear they emojis&#128553;&#128514;,swear they emojis,0,0,0.058860141842222505
RT @tylerfucks: recent studies have shown that ur a lil bitch,rt recent studies have shown that ur a lil bitch,0,0,0.012417946205673651
"@Jobbe03 You need to insert a chill pill up your ass. Twice a day until your bitch assness goes away. If the problem persists, see a doctor.",you need to insert a chill pill up your ass twice a day until your bitch assness goes away if the problem persists see a doctor,0,0,0.06613122264958854
RT @macktology101: Every girl goes thru her hoe phase her freshman year in college,rt every girl goes thru her hoe phase her freshman year in college,0,0,0.013872819087628743
"RT @lilduval: A bitch get 20,000 followers she's a boss and starting up a boutique. And wearing shades in public",rt a bitch get 20000 followers shes a boss and starting up a boutique and wearing shades in public,0,0,0.007481477236577374
Peace to all the hoes I put my badongle in and didn't cook breakfast for http://t.co/J9oc6aN2,peace to all the hoes i put my badongle in and didnt cook breakfast for,0,0,0.0027773303985159847
Middle Eastern and Indonesian women are beautiful. Never seen a ugly bitch in a Bollywood film ever,middle eastern and indonesian women are beautiful never seen a ugly bitch in a bollywood film ever,0,0,0.10263360329283773
"RT @sportspickle: Yankees didn't want Russell Martin, so he signed with the Pirates 2 years ago. Pirates have made back-to-back postseasons&#8230;",rt yankees didnt want russell martin so he signed with the pirates 2 years ago pirates have made backtoback postseasons,0,0,0.012362997880257449
Litterally can't wait for this weekend with my bad bitches &#128527;,litterally cant wait for this weekend with my bad bitches,0,0,0.0015876785281349751
"RT @CraziestSex: Sex on 1st date dont mean you a hoe, waiting 90 days wont make you a wife, cute pics dont mean y'all happy, having a title&#8230;",rt sex on 1st date dont mean you a hoe waiting 90 days wont make you a wife cute pics dont mean yall happy having a title,0,0,0.0013732434183104868
Why won't we run the ball? Our offensive coordinator is retarded,why wont we run the ball our offensive coordinator is retarded,0,0,0.01568932774162219
Man I'm tryin to take my intoxication to Charlie Sheen levels today and I'm going to do just that,man im tryin to take my intoxication to charlie sheen levels today and im going to do just that,0,0,0.0029740929536108502
&#8220;@SEM25LIVE Girl you eat mo pussy than me girl you shoulda been a nigga&#8221; that's that jam,girl you eat mo pussy than me girl you shoulda been a nigga thats that jam,0,0,0.006637126305509887
@darrenburton_ and take the trash out and separate the recyclables,and take the trash out and separate the recyclables,0,0,0.03682260412861692
@Zohdaa fags,fags,1,0,0.4173606676681628
RT @_tarynupsheets: The single life is hitting for zero. Like I don't even want hoes.,rt the single life is hitting for zero like i dont even want hoes,0,0,0.005557932154367634
"&#8220;@G_Anderson4: Oh my dogs pussy is so tight, time to loosen it &#128527;.""",oh my dogs pussy is so tight time to loosen it,0,0,0.014603995316626116
@cluis838 them peeps who bitches,them peeps who bitches,0,0,0.012213734167958035
RT @YungRajee: Ladies listen NO nigga wants to settle down at a young age. All you bitches crying about being single now will be wifed in 1&#8230;,rt ladies listen no nigga wants to settle down at a young age all you bitches crying about being single now will be wifed in 1,0,0,0.00791121139662118
&#8220;@UnbearableTier_: I ate oomf pussy&#8221; @ her &#128064;&#128064;&#128064;&#128514;&#128514;,i ate oomf pussy her,0,0,0.01395805463830253
Bitches be like I want something real ... And I be like I want a bitch with real hair but we can't always get what we want now can we lol,bitches be like i want something real and i be like i want a bitch with real hair but we cant always get what we want now can we lol,0,0,0.0003977711167477814
This is no excuse to call me bitch? You got caught. Stop.,this is no excuse to call me bitch you got caught stop,0,0,0.00844524805360244
"I can't handle when people give me an attitude, I dead them so quick. Like why do you have to be a nasty bitch",i cant handle when people give me an attitude i dead them so quick like why do you have to be a nasty bitch,0,0,0.024799598211251012
"I like beamers benzes and porches, i like my bitches imported",i like beamers benzes and porches i like my bitches imported,0,0,0.010743496113702698
@bonnoxxx yea cuh a bitch fuc donald sterling .. Cuhz pimpin tho,yea cuh a bitch fuc donald sterling cuhz pimpin tho,0,0,0.0061137018725488925
"As a girlfriend I'm NEVER getting close to my boyfriend friends , cause they can be telling me one thing , and telling these hoes another.",as a girlfriend im never getting close to my boyfriend friends cause they can be telling me one thing and telling these hoes another,0,0,0.0032620588133601856
Thanksgiving early hoe http://t.co/A29MLLX62B,thanksgiving early hoe,0,0,0.009260654012103246
Lmfaoooooo RT @TooDopeForLife: LMFAOOOOOOOPOOOOOO RT @DJKayyOhh: &#8220;here come yo bitch ass auntie&#8221; http://t.co/e5KlLhp0CV,lmfaoooooo rt lmfaooooooopoooooo rt here come yo bitch ass auntie,0,0,0.01566421162029557
&#8220;@1muneyy: Had to unfollow that bitch .. thot bitch got me fired from Sonic&#8221;she must've tweeted,had to unfollow that bitch thot bitch got me fired from sonic she mustve tweeted,0,0,0.0021418836518722283
I knows y'all white folk only be playin wit me. I colored and I knows my place,i knows yall white folk only be playin wit me i colored and i knows my place,1,0,0.16467087405336828
RT @FREDOSANTANA300: Might see a bitch an forget i hit it,rt might see a bitch an forget i hit it,0,0,0.01035097540963587
"""@poppunksucks: Twitter is not a source of news broadcast you fucking retards"" it is when nbc, abc, cnn, Fox, etc are all keeping quiet.",twitter is not a source of news broadcast you fucking retards it is when nbc abc cnn fox etc are all keeping quiet,0,1,0.5337531164177373
They love me at the place I bring my car to.....I don't know why Spanish men love me... sometimes I do look like a guala though Lol,they love me at the place i bring my car toi dont know why spanish men love me sometimes i do look like a guala though lol,0,0,0.011485252820772514
RT @MichaelBlackson: #ShoutOut to ChrisBrown for beating up another bitch,rt to chrisbrown for beating up another bitch,0,0,0.02320931338460994
"We're Bringing The Cadaver Dogs, Charlie Brown. #rejectedpeanutsspecials",were bringing the cadaver dogs charlie brown,0,0,0.008632711589765626
Just when I'm feeling totally useless in the world (another) baby bird found in need of #TLC Just call me #DrDolittle http://t.co/Trwmr3HG8v,just when im feeling totally useless in the world another baby bird found in need of just call me,0,0,0.0011776337652658218
And get my self a bad bitch thats loyal and one hunnid,and get my self a bad bitch thats loyal and one hunnid,0,0,0.0016161491825968223
White people always gave yellow ass teeth,white people always gave yellow ass teeth,0,0,0.12790183075271794
RT @moosedaugherty: Free bird!!!,rt free bird,0,0,0.00562132426483885
@cakedjake We're laying rock around our lake. You're welcome to join a redneck workout. #muscles &#128170;&#128513;,were laying rock around our lake youre welcome to join a redneck workout,0,0,0.017856927613680074
&#8220;@NiggaImTatted: Cowboys win games during the regular season but when they get to the playoffs that trash af lol&#8221; hating ass nigga,cowboys win games during the regular season but when they get to the playoffs that trash af lol hating ass nigga,1,0,0.09803160699675281
I meant bitch niggas,i meant bitch niggas,0,0,0.08444865772576653
RT @WORIDSTARHlPHOP: If a Nigga try to slide in my bitch DMs.. http://t.co/Mr2FjYUgTn,rt if a nigga try to slide in my bitch dms,0,0,0.021977008131675867
@RealNiggaSherm wen he ho dwn da road,wen he ho dwn da road,0,0,0.04702647727446068
"If you ain't a hoe, get up out my trap house @Reptar_07 .",if you aint a hoe get up out my trap house,0,0,0.01042387035324398
RT @nick_pertile: Oh my goodness do I hate Chinese people. Fucking zipperheads,rt oh my goodness do i hate chinese people fucking zipperheads,1,0,0.2943710018360002
RT @MannyCovarrubia: It ain't nothing to cut that bitch off&#9986;&#65039;,rt it aint nothing to cut that bitch off,0,0,0.00767901694101154
God you're a faggot if you dont think superman is the best superhero,god youre a faggot if you dont think superman is the best superhero,0,1,0.5088033585656297
You tried me hoe. I can sinf,you tried me hoe i can sinf,0,0,0.01604634884162578
@KingJames is such a hoe . Wear your shoes ya big bitch .....you missed the couch shot Ray Allen bailed you out ......pussy,is such a hoe wear your shoes ya big bitch you missed the couch shot ray allen bailed you out pussy,0,0,0.0004416698420938088
"RT @Iaughatmypain: My anaconda don't &#128581;
My anaconda don't &#9995;
My anaconda don't &#128683;

&#128079; Want 
&#128079; None 
&#128079; Unless 
&#128079; You 
&#128079; Got 

&#127838;&#127838;&#127838; Bunz &#127838;&#127838;&#127838;

&#128129;Hun",rt my anaconda dont my anaconda dont my anaconda dont want none unless you got bunz hun,0,0,0.012829740032774236
"RT @WhenARapperSaid: When Tyler the Creator said ""Rape a pregnant bitch and tell my friends I had a threesome"" http://t.co/ZkvwfK18d0",rt when tyler the creator said rape a pregnant bitch and tell my friends i had a threesome,0,0,0.028684643193807754
"RT @dami3n00: Flappy birds Extreme now you can play two birds at once! Hardcore! Easier with two people lol! 

 http://t.co/yCTT56cXK5

 #f&#8230;",rt flappy birds extreme now you can play two birds at once hardcore easier with two people lol,0,0,0.001756610820465597
"RT @warningfragile: everyone always says girls are really bitchy, no. some boys are fucking inconsiderate bitchy cunts it is actually disgu&#8230;",rt everyone always says girls are really bitchy no some boys are fucking inconsiderate bitchy cunts it is actually disgu,0,0,0.027536809223593924
@bijoudulcet geminis rule hoe. &#128524;,geminis rule hoe,0,0,0.018305183152717303
RT @dallywaggz12: &#8220;@JustReIatabIe: Charlie Sheen gets point for this http://t.co/V6v0d77oBM&#8221;,rt charlie sheen gets point for this,0,0,0.002915925044844196
@GlitteredInPink hoe don't tweet me,hoe dont tweet me,1,0,0.023805153369543638
Babydaddy needing bail money say thats wat she gone do talk a whole alotta shit but swear that bitch gone come through,babydaddy needing bail money say thats wat she gone do talk a whole alotta shit but swear that bitch gone come through,0,0,0.0017933856505017293
Lmfao.. oh i forgot.. texting it to u now RT @DaRealQuitaM: @VonshayeB I told u to text me what I need to buy for the salad a bitch hungry,lmfao oh i forgot texting it to u now rt i told u to text me what i need to buy for the salad a bitch hungry,0,0,0.0036604899597102217
Yall Niggahs got me fucked up thinkin ima soft ass Lemme sing a love song to you ass niggah &#9995; .,yall niggahs got me fucked up thinkin ima soft ass lemme sing a love song to you ass niggah,0,0,0.03272467098725622
RT @TideRecruits101: It's ok to trash talk....but I haven't seen any Bama fans wishing harm or injury towards LSU players.,rt its ok to trash talkbut i havent seen any bama fans wishing harm or injury towards lsu players,0,0,0.015597466862399004
I'm like Rashad and I did her like when he found out the ghetto truth about New-New,im like rashad and i did her like when he found out the ghetto truth about newnew,0,0,0.05405631601703501
@ohyeahtrip Congratulations brother! We in that hoe!,congratulations brother we in that hoe,0,0,0.010380044347637757
WTF I'mma do about my legs Charlie Murphy...,wtf imma do about my legs charlie murphy,0,0,0.0033684251982382526
RT @lilduval: One good woman is worth a thousand bad bitches......but I still wanna fuck a thousand bitches,rt one good woman is worth a thousand bad bitchesbut i still wanna fuck a thousand bitches,0,0,0.005530801202410673
"""@queendulaaa: Got a couple bitches saying they know me But I&#8217;ma let the money talk for me &#128526;&#128076;"" AND I'M LIKE... #WWYD",got a couple bitches saying they know me but i ma let the money talk for me and im like,0,0,0.00026439158714288287
"RT @misstannaebaby: Niggas all about sex now days. Unlike you bitches, i jus want somebody who gone better me as a young women&#58400;",rt niggas all about sex now days unlike you bitches i jus want somebody who gone better me as a young women,0,0,0.047064589120904485
RT @sepinwall: Day 2 of FXX&#8217;s Simpsons marathon &#8212; &#8220;Bart&#8217;s Dog Gets an F&#8221; to &#8220;Last Exit to Springfield&#8221; &#8212;&#160;will be the best consecutive 24 ho&#8230;,rt day 2 of fxx s simpsons marathon bart s dog gets an f to last exit to springfield will be the best consecutive 24 ho,0,0,0.0060988045497700144
RT @BigPoppaDot: I'll never think a bitch is all mine.,rt ill never think a bitch is all mine,0,0,0.05012215863581764
RT @NFLTalkRT: RT if your team is trash,rt rt if your team is trash,0,0,0.060171683721770335
RT @sydswag2: Buy me double stuffed Oreos and you can be my boyfriend,rt buy me double stuffed oreos and you can be my boyfriend,0,0,0.011198905458429411
RT @GOLDBONEQUEEN: Stevie J turned a hoe &#128111;into a Housewife&#128129;&#128141;&#128142; and Nikko turned a Housewife&#128582; into a hoe&#128111;&#128111;&#128131;&#9757; !!I swear this shit can happen,rt stevie j turned a hoe into a housewife and nikko turned a housewife into a hoe i swear this shit can happen,0,0,0.0008761078647220393
"&#8220;@BreadTruckkBri: These hoes gon come &amp;&amp; go, i feel it.&#8221;",these hoes gon come ampamp go i feel it,0,0,0.003381294395399535
I start Garfield Monday .. Yeahhhhhh lil bitch &#128526;&#128526;&#128526;&#128526;,i start garfield monday yeahhhhhh lil bitch,0,0,0.0031467850810850705
Lookin at my bitch i bet she give yo ass a bone,lookin at my bitch i bet she give yo ass a bone,0,0,0.014574246166348812
"RT @NYRKelsMads: Almost forgot. Posing as an old brawd won't get you pussy, needle dick. Beat it. #LOLLOLLOL http://t.co/5xMvcyILuW",rt almost forgot posing as an old brawd wont get you pussy needle dick beat it,0,0,0.008457536570507086
RT @UsGEMINIS: #Gemini doesn't really look back at their ex's. Some things just look better in the trash!!,rt doesnt really look back at their exs some things just look better in the trash,0,0,0.03643207632559092
"""@jasmyncyniquee: @white_thunduh k bye hoe"" um bye ..",k bye hoe um bye,0,0,0.010016079732072454
"RT @MettaDamnFool: &#128557;&#128557;&#128557;&#128557; RT @_MoonWP_: When dykes hear ""ladies free before 10"" http://t.co/k2TU1S85t6",rt rt when dykes hear ladies free before 10,0,0,0.05589940154772716
Pie crust is trash. It be all flaky and dry and shit.,pie crust is trash it be all flaky and dry and shit,0,0,0.0160019050234343
eagles are fucking cunts http://t.co/nK2CO0snNv,eagles are fucking cunts,0,0,0.1263958592643319
Dedication 4 hoe,dedication 4 hoe,0,0,0.017956235030136325
"Living with my bitches, hashtag live http://t.co/9jKAYWGeVZ",living with my bitches hashtag live,0,0,0.011286988119451419
"Pussy ass hoe niggas, I can't fuck wit y'all",pussy ass hoe niggas i cant fuck wit yall,0,0,0.049938356548247735
RT @dsrtvet: @FoxNews @tjoy7 And I don't have any confidence NONWHATSOEVER in you Barack! You're the sole reason why this country is in thi&#8230;,rt and i dont have any confidence nonwhatsoever in you barack youre the sole reason why this country is in thi,0,0,0.14387383077475513
This bitch needs to turn off her shitty music &#128544;,this bitch needs to turn off her shitty music,0,0,0.03577380843219226
#2013TaughtMe how pussy feels &#128514;&#128076;,how pussy feels,0,0,0.015926796621455647
Watched some crows eat a sandwich,watched some crows eat a sandwich,0,0,0.029340601877388822
""" young Pill Chamberlain these bitches love my music """,young pill chamberlain these bitches love my music,0,0,0.010323348047974005
Goodnight bitches (with a lisp),goodnight bitches with a lisp,0,0,0.02089095293488544
RT @caseytu88662466: Y these niggas on this hoe shit,rt y these niggas on this hoe shit,0,0,0.1145965379302895
@mimiswagnotes You are an ignorant cunt.,you are an ignorant cunt,1,0,0.06270080911172524
"Remember when black girls out numbers in front of shit. ""I'm 9 hungry"" ""You 7 stupid hoe""",remember when black girls out numbers in front of shit im 9 hungry you 7 stupid hoe,0,0,0.0028320977488375722
My mom seen my progress report &amp; was like so wtf is up wit this B bitch wtf do you NOT see them 7 A's &#128529; tf she just Ungreatful &#9995;,my mom seen my progress report amp was like so wtf is up wit this b bitch wtf do you not see them 7 as tf she just ungreatful,0,0,0.00914168822050806
Jihadis betting on public protests in Britain to force UK gov out of the anti-ISIS coalition http://t.co/5gJSmrfzWJ,jihadis betting on public protests in britain to force uk gov out of the antiisis coalition,0,0,0.043261191608407835
teeth can make or break a person. you could be a 10 and have yellow teeth and immediately drop to a 2.,teeth can make or break a person you could be a 10 and have yellow teeth and immediately drop to a 2,0,0,0.07693869617915548
All the snacks in this bitch &#128516;,all the snacks in this bitch,0,0,0.009999375876121165
RT @STROCORLEONE @ThoughtsOfRandy @Yummys_World all deze hoes got past demons in em... YOLO nigga lol + Hahahahaha,rt all deze hoes got past demons in em yolo nigga lol hahahahaha,1,0,0.022771393586781364
Broke bitches be like oh he Got MONN-NEYYY,broke bitches be like oh he got monnneyyy,0,0,0.004735826468753717
RT @VersaceAmeezy: Austin is so cute like look at him all excited because he got Oreos http://t.co/0mK1W8Reak,rt austin is so cute like look at him all excited because he got oreos,0,0,0.03172319687998464
That bitch came flyin in !!! Lmao.,that bitch came flyin in lmao,0,0,0.015562790329268677
RT @charlieecai: Our taxi driver is fucking retarded.. He doesn't know how to get from grapevine to lewisville,rt our taxi driver is fucking retarded he doesnt know how to get from grapevine to lewisville,0,0,0.11444713605750761
RT @NoChillPaz: The only girls that care about being a guys WCW are hoes,rt the only girls that care about being a guys wcw are hoes,0,0,0.005664636872604947
RT @SuckerFreeWes: I remember I tried to fake rape a bitch before and she was way too strong Smfh .. I felt like a bitch!!!,rt i remember i tried to fake rape a bitch before and she was way too strong smfh i felt like a bitch,0,0,0.004321362708669497
"RT @JoshYohe_Trib: I wrote whole game story on how Orpik shut down Ovi two nights in a row. Many of you will mock this. But he was really, &#8230;",rt i wrote whole game story on how orpik shut down ovi two nights in a row many of you will mock this but he was really,0,0,0.015450143793519354
RT @TAXSTONE: Y'all bitches got to learn the difference between like and love,rt yall bitches got to learn the difference between like and love,0,0,0.0017363686865355284
"@michigannews13 an coaches dont put them in positions to be successful, the offensive struggles can all be put on gardner, program is trash",an coaches dont put them in positions to be successful the offensive struggles can all be put on gardner program is trash,0,0,0.020517135743548243
I hate a stuck up bitch. Likeeee stfu. You ain't shit special.,i hate a stuck up bitch likeeee stfu you aint shit special,0,0,0.11539986470646091
RT @YurUgly: Niggas these days will walk 10 miles to get some pussy. &#128557;,rt niggas these days will walk 10 miles to get some pussy,0,0,0.03556552688385327
that pussy so wet I'm calling it rain,that pussy so wet im calling it rain,0,0,0.018317493196000362
dat mean u ugly hoe if only getting fuck doggie style &#128553;&#128553;&#128514; #plies hot nigga http://t.co/VsOqnUoh5V,dat mean u ugly hoe if only getting fuck doggie style hot nigga,0,0,0.22457058790618983
RT @Pouyalilpou: this bitch is no help at all http://t.co/Fk5VZaLC54,rt this bitch is no help at all,0,0,0.0066571740053769
A nicca is hungry as fuk!!,a nicca is hungry as fuk,0,0,0.049356682515730006
RT @WorIdstarrrr: These 5th grade hoes ain't loyal http://t.co/ew029ozXVG,rt these 5th grade hoes aint loyal,0,0,0.0029892307534456833
"If a spic ever talks to a white person and the white person kills them, it's self defense.",if a spic ever talks to a white person and the white person kills them its self defense,1,1,0.9826894958350881
RT @fvxxk: A female will automatically assume you have hoes if she finds you attractive. &#128543;,rt a female will automatically assume you have hoes if she finds you attractive,0,0,0.008103556829755759
@_chrisbrownn14 fuck bitches get money,fuck bitches get money,0,0,0.006052255630464709
@salsteelo @VictorLeaChavez that nigga Vic acting like he yellow bone with 15k followers and can't answer a nigga phone,that nigga vic acting like he yellow bone with 15k followers and cant answer a nigga phone,0,0,0.12664959027894707
How this ugly ass nigga gets more pussy than me ?,how this ugly ass nigga gets more pussy than me,0,0,0.27959230192834916
&#127829;&#128049; RT @TAN1AAA: RT @PeachDulce: A piece of pussy http://t.co/BcWiT2nuz5,rt rt a piece of pussy,0,0,0.02321502109213766
"Conoc&#237; tus ojos negros 
Y ahora si que no puedo vivir sin ellos",conoc tus ojos negros y ahora si que no puedo vivir sin ellos,0,0,0.05776702577851011
So Sterling bitch gotta he a hoe.. aye she paid and you're...mad? Dont blame the bitch. She half black.,so sterling bitch gotta he a hoe aye she paid and youremad dont blame the bitch she half black,0,0,0.0007804819301660453
My baby guinea pig is so cute #Adorable,my baby guinea pig is so cute,0,0,0.02515070523548132
Tickets hoe http://t.co/lPCS9Abo7W,tickets hoe,0,0,0.029565706017091083
@shaunroberts the ending was retarded,the ending was retarded,0,0,0.08273242132002973
@jerseyzbest74 Aye hoe,aye hoe,0,0,0.011214520670053086
Why these hoes always tryna be Bitches? Don't they know that hoes can't be bitches.. cause they hoes! @yuckhalin,why these hoes always tryna be bitches dont they know that hoes cant be bitches cause they hoes,0,0,0.00011939612213505062
RT @louiev_: It's to the point that I don't enjoy watching Harden anymore. He constantly does that and it pisses me off. Stop being a bitch&#8230;,rt its to the point that i dont enjoy watching harden anymore he constantly does that and it pisses me off stop being a bitch,0,0,0.001153876617775935
RT @airam12_: &#8220;@T_ReV_13: Some of you bitches are DUMBBBB&#8221; they are everywhere trev. &#128530;,rt some of you bitches are dumbbbb they are everywhere trev,0,0,0.011019358980817998
all my exes are bitches,all my exes are bitches,0,0,0.011409088235189964
@Miley_Highrus @Shylooooeee slap a bitch,slap a bitch,0,0,0.00849471803663142
"@NYDNSports @Yankees ugh , @Espo4710 put one 420 dead center off him @StFrancisNews",ugh put one 420 dead center off him,0,0,0.016468668172883137
"Laat Zihni Ozdil met rust jullie gemene trollen, hoe durven jullie zijn mening in twijfel te nemen! Zijn zegje is wet en*kuch**kuch*. .water",laat zihni ozdil met rust jullie gemene trollen hoe durven jullie zijn mening in twijfel te nemen zijn zegje is wet enkuchkuch water,0,0,0.022815593590101695
@zFearless shut up bitch it looks smooth like a booty,shut up bitch it looks smooth like a booty,0,0,0.04794117822317781
"RT @SkinnyKenny13: ""@1017_Sqquad: When a fat bitch want you and a skinny bitch can't cook nothin for you &#128514;&#128514;&#128514; these hoes ain't hungry &#128514;&#128514;"" do&#8230;",rt when a fat bitch want you and a skinny bitch cant cook nothin for you these hoes aint hungry do,0,0,0.0009301207819466677
RT @joshhandsomee87: Well I felt sorry for her before but that was stupid. Still though @edgarguillenjr is a bitch who wont try that wit ...,rt well i felt sorry for her before but that was stupid still though is a bitch who wont try that wit,0,0,0.12247838617279706
You're ugly anyway hoe. Sit tf down somewhere,youre ugly anyway hoe sit tf down somewhere,0,0,0.04040719931210137
"If I wore a tutu, no bitch would want me &#128514;&#128514; that's what our dog is gonna be telling himself everyday &#128529;",if i wore a tutu no bitch would want me thats what our dog is gonna be telling himself everyday,0,0,0.003648843079199562
"RT @OverlyManlyMann: Every zoo is a petting zoo, if you're not a pussy.",rt every zoo is a petting zoo if youre not a pussy,0,0,0.01196215983533068
@TheAngryAfrican @Kiyxni i don't think he can beat Mayweather but he's far from trash. Unlike Floyd he actually put Maidana down.,i dont think he can beat mayweather but hes far from trash unlike floyd he actually put maidana down,0,0,0.01594668665197163
"""if she can suck your dick with a dip in, she's not only a keeper but a true redneck woman."" - Kim's Dad.",if she can suck your dick with a dip in shes not only a keeper but a true redneck woman kims dad,0,0,0.10901874703969032
"I hope i trip and fall into some pussy, tunechi",i hope i trip and fall into some pussy tunechi,0,0,0.020827316025007127
"Nothing says teabagger like a millionaire complaining that they are broke, huh #HillaryClinton? #Hillary2016, give me a break, lol. #p2",nothing says teabagger like a millionaire complaining that they are broke huh give me a break lol,0,0,0.06890764956907254
I'm okay with rasor talking trash,im okay with rasor talking trash,0,0,0.018305995892308646
RT @GMB_Ace: @_100D dat Nigga Lame bro he Unfollowed Me Like A bitch,rt dat nigga lame bro he unfollowed me like a bitch,0,0,0.18281347194543093
RT @SpacePlankton: Saw a man in a yellow hat at the Grand Canyon today. He was hanging out next to a curious gorge.,rt saw a man in a yellow hat at the grand canyon today he was hanging out next to a curious gorge,0,0,0.010856376644717891
Lightskins be like RT @TheOnlyCorae: Y'all got me fuck up I'm dicking down them young #PV18 bitches for there refund check I got to pay rent,lightskins be like rt yall got me fuck up im dicking down them young bitches for there refund check i got to pay rent,0,0,0.006649173192070144
"turns out his ex-boss called him a pussy. he lasted a week and a day. You can call me anything, just don't touch. but I am not 25 anymore.",turns out his exboss called him a pussy he lasted a week and a day you can call me anything just dont touch but i am not 25 anymore,0,0,0.003122035007884741
Shut yo mesquito lookin ass up poped bitch,shut yo mesquito lookin ass up poped bitch,0,0,0.03424376059021237
"RT @MikeyBlackheart: ""I never talk to anybody!""

*has dinner with family*

""I hate everyone!""

*defends 45 people when I call them cunts*",rt i never talk to anybody has dinner with family i hate everyone defends 45 people when i call them cunts,0,0,0.06068786093724645
"This bitch fell straight through the chair... Im high, of course I laughed..



Even if I wasn't I would've still laughed.",this bitch fell straight through the chair im high of course i laughed even if i wasnt i wouldve still laughed,0,0,0.0009328916322110554
Karma is a bitch and usually comes around and goes around right? Or do some people just always catch the lucky breaks?,karma is a bitch and usually comes around and goes around right or do some people just always catch the lucky breaks,0,0,0.0027570515070764697
Jenna played the Weeknd &amp; Mac just looked at us like theeeese bitches..,jenna played the weeknd amp mac just looked at us like theeeese bitches,0,0,0.005701702948421677
#firefighter is a job for white trash,is a job for white trash,1,1,0.5820505865592054
RT @DaFuckinUnicorn: swag swag swag bitch moooob,rt swag swag swag bitch moooob,0,0,0.0013958037671535617
Thing that made me feel old today: Tori Amos is 50.,thing that made me feel old today tori amos is 50,0,0,0.007932072215247022
My Fantasy reign starts today! Got pussy nigga Los up first lmao...cmon Seattle D cut upppppp!!!,my fantasy reign starts today got pussy nigga los up first lmaocmon seattle d cut upppppp,0,0,0.016641127019184705
RT @KINGTUNCHI_: A bitch will say anything for attention !,rt a bitch will say anything for attention,0,0,0.009055273898598956
".@HoppyKercheval Could you just play 2 minutes of the Charlie Brown ""wah wah wah"" adult sound effect instead?",could you just play 2 minutes of the charlie brown wah wah wah adult sound effect instead,0,0,0.00353888486850706
@brittneycordova don't blame me hoe.... I'm innocent &#128520;,dont blame me hoe im innocent,0,0,0.03111427645486206
RT @IamTysonBettis: When u love her none of them hoes matter..,rt when u love her none of them hoes matter,0,0,0.003971426901120067
Fuck with us you know we tweakin hoe,fuck with us you know we tweakin hoe,0,0,0.02455493463121286
Apaches' 30 MM rounds turn Jihadis into tomato soup @MarkRothschild1 @Rockprincess818 @NoFear3136 @Lanna70115,apaches 30 mm rounds turn jihadis into tomato soup,1,0,0.027742704332886097
@Buckm00se @Cuauhtli02 we gunna laff at Chava/Rubio beaner supporters in a min,we gunna laff at chavarubio beaner supporters in a min,0,0,0.32348398671561207
every lady ain't no hoe but every lady sure ain't no queen,every lady aint no hoe but every lady sure aint no queen,0,0,0.0016420643922926738
"RT @Blackman38Tide: @WhaleLookyHere Trying to cat fish me, like nuh uh bitch get in the back.",rt trying to cat fish me like nuh uh bitch get in the back,0,0,0.013684341173793203
worst thing a bitch can do &#8220;@loyalshawn: Bitches main reason for being in another nigga face is to get they nigga jealous . &#128078; Wack .&#8221;,worst thing a bitch can do bitches main reason for being in another nigga face is to get they nigga jealous wack,0,0,0.05274771771191612
We cocky yea bitch we cocky.,we cocky yea bitch we cocky,0,0,0.011618833636130782
You NEED an iPhone to use their stupid watch? Apple is just grabbing people ankles and shaking the money out of rubes pockets.,you need an iphone to use their stupid watch apple is just grabbing people ankles and shaking the money out of rubes pockets,0,0,0.03149382695612732
RT @random_shxt: need my dick sucked..fuck 1 bitch I need &#9996;&#65039; sluts,rt need my dick suckedfuck 1 bitch i need sluts,0,0,0.004512061024750793
"@DinoLich Don't yell at me, I love both of the evolutionary lines. @ClaudiaVice despises the trash buddies.",dont yell at me i love both of the evolutionary lines despises the trash buddies,0,0,0.020242836002743275
RT @lildurk_: I hate wen hoes lie and say I fucked em #signedtothestreets2,rt i hate wen hoes lie and say i fucked em,0,0,0.03964591593990786
All my young boys round me sayin get money and fuck these hoes,all my young boys round me sayin get money and fuck these hoes,0,0,0.017009652685322486
"""@_BeeDontCare My pussy still fresh"" &lt;----- something stank girls say.",my pussy still fresh lt something stank girls say,0,0,0.011219157880335319
Keep it realer than the next bitch no need for u to ever sweat the next bitch indeed&#8252;&#65039;,keep it realer than the next bitch no need for u to ever sweat the next bitch indeed,0,0,0.003043693947002248
"Lol Sam said ""Betty Boop"" is a hoe &#128514;",lol sam said betty boop is a hoe,0,0,0.012332386509638898
Free that hoe &#128175;,free that hoe,0,0,0.017945141341161767
"""@PRAYINGFORHEAD: &#8220;@macklemroe: Stop bringing weird niggers into my mentions! @PRAYINGFORHEAD&#8221; http://t.co/cussDJesRK""",stop bringing weird niggers into my mentions,0,1,0.6447384639777061
i was emo ok emosquad2k10 get on my level bitch,i was emo ok emosquad2k10 get on my level bitch,0,0,0.00953585727307892
"' If I ever put ma trust ina bitch , I'll always be hurt ! &#1043323;&#1043323;",if i ever put ma trust ina bitch ill always be hurt,0,0,0.004042253162932512
"RT @JulieSnark: I love asking really hot, skinny bitches when they're due.",rt i love asking really hot skinny bitches when theyre due,0,0,0.0035726930380473544
@Yaremisxo whatever Neymar trash,whatever neymar trash,0,0,0.03682260412861692
"I been getting money, I ain't worried about a hoe &#128527;&#128184;",i been getting money i aint worried about a hoe,0,0,0.002427022136979189
RT @Deemazz_70: @JMcCown11 got all the bitches http://t.co/A3gF4iAPS9,rt got all the bitches,0,0,0.011629217351757155
RT @_ChickenGeorge: DEAD!!&#128128;&#8220;@TAkeme2CHINA: &#128553; RT @PEagles14: When ur fuckin and her pussy stank but u have really good friends........... ht&#8230;,rt dead rt when ur fuckin and her pussy stank but u have really good friends ht,1,0,0.016163722216531222
New boss said my buttons on my shirt can't be white. So I colored them hoes with a sharpie &#128514; glossy,new boss said my buttons on my shirt cant be white so i colored them hoes with a sharpie glossy,0,0,0.05332086422301547
@daisymcgarr My knee won't let me wander around much so I just make a few trips and look at the fat girls-- redneck porn--Wal-Mart,my knee wont let me wander around much so i just make a few trips and look at the fat girls redneck pornwalmart,0,0,0.016378283098687486
How you gone wife a bitch that let niggas lick on her head in public?,how you gone wife a bitch that let niggas lick on her head in public,0,0,0.004720175987339787
RT @StormyDaniels: I know another chick I will NEVER shoot again. Filing this one under: heartless cunt,rt i know another chick i will never shoot again filing this one under heartless cunt,0,0,0.06953702948275689
@phishlicia I'm 5'8 fag &#128536;&#128536;,im 58 fag,1,0,0.33768523698161657
RT @4200Savage: Since a yungin bitch I been nat nigga,rt since a yungin bitch i been nat nigga,0,0,0.036495408562172024
how you settin' trends when you're rappin about wearing the same shit everyone else is wearin and rappin about? This mixtape is trash yo,how you settin trends when youre rappin about wearing the same shit everyone else is wearin and rappin about this mixtape is trash yo,0,0,0.007238284035720977
Today is GAMEDAY! #iubb i need #iu to win so my jersey can arrive! #HoosierNation #hoosiers,today is gameday i need to win so my jersey can arrive,0,0,0.009795511453307435
Fuckin pussies passed out.,fuckin pussies passed out,0,0,0.037250081633915445
"&#8220;@Leelucas_: @100046729 lol , be cool son. You know your grandma bald mouth&#8221;she got all her teeth hoe &#128514;&#128514;",lol be cool son you know your grandma bald mouth she got all her teeth hoe,0,0,0.01610449066372466
@Sammy_Sicko Get me a bag of those pink n white coloured van sweets please. Thanks dude :-),get me a bag of those pink n white coloured van sweets please thanks dude,0,0,0.0450675074538577
RT @Shyswag69: @torres5salvador you got old bitches upgrade them,rt you got old bitches upgrade them,0,0,0.006268178369610853
You know what fuck that bitch and you didnt react? girl it's me and you,you know what fuck that bitch and you didnt react girl its me and you,0,0,0.028060657969576484
damn they gonna leave beth here long term. trash,damn they gonna leave beth here long term trash,0,0,0.014247947324596307
I say smash the panomera I buy a new one hoe,i say smash the panomera i buy a new one hoe,0,0,0.03533919408375717
Emoji ass nigguh,emoji ass nigguh,0,0,0.04835349576761485
RT @CuzzinTom: If Byron Leftwich fucks as hard as he throws then he kills bitches,rt if byron leftwich fucks as hard as he throws then he kills bitches,0,0,0.004281183860985986
I got a missed call from your bitch &#128514;,i got a missed call from your bitch,0,0,0.013098340285619167
This new shit i'm workin on... yea nigguh!,this new shit im workin on yea nigguh,0,0,0.028661173451928586
"I feel sorry for mexican and Asian niggas, they got the worse shaped bitches on earth.",i feel sorry for mexican and asian niggas they got the worse shaped bitches on earth,1,0,0.0045798644218758445
@___AsiaJ lol my bro said it about a bitch but it can be about u,lol my bro said it about a bitch but it can be about u,0,0,0.0127182527342291
RT @YoungMoneyKem: @scottvohar @matty_kem Nigga I'm just popping Molly &amp; stepping out. You bowling bitch don't come at me,rt nigga im just popping molly amp stepping out you bowling bitch dont come at me,0,0,0.03655179232798347
Oomf make my skin itch. Like ew bitch.,oomf make my skin itch like ew bitch,0,0,0.14106614804178658
James is the biggest bitch in basketball i swear.. fuckin cramps seriously,james is the biggest bitch in basketball i swear fuckin cramps seriously,0,0,0.05348563477233858
My dad is a bitch.,my dad is a bitch,0,0,0.020460351517337848
@justinclark_5 oh I forgot you retarded lol lemme break it down for you where the BG hoes at lmao,oh i forgot you retarded lol lemme break it down for you where the bg hoes at lmao,0,0,0.03856583245144694
Yo pussy overrated,yo pussy overrated,0,0,0.022082323405105506
Bitch killa gone be dacing in that bitch cdfu,bitch killa gone be dacing in that bitch cdfu,0,0,0.004159319220553969
"@thelovemaster ""I'm gonna nip you right in the bud!""",im gonna nip you right in the bud,0,0,0.0139432946681295
"@Persianboi10 @RyanTBurnss HAHAHA ""chunky goalkeeper makes a save with his stomach""",hahaha chunky goalkeeper makes a save with his stomach,0,0,0.019116095336481426
@_ReneashaC @RishaaWilliams Hoe yu erbody bitch &#128514;&#9996;,hoe yu erbody bitch,0,0,0.0046178522120970894
"@princessmorggan yeah it was such a lie, thats why you deleted it nigger.",yeah it was such a lie thats why you deleted it nigger,0,0,0.11453819015287794
@Im_Thirst I love Louis CK! Quit bein a faggot and suck that dick,i love louis ck quit bein a faggot and suck that dick,0,0,0.30526372736591484
RT @_posterboi: &#128591; Lord please don't let this bitch kill my vibe.,rt lord please dont let this bitch kill my vibe,0,0,0.02156012605654957
@Soldier1eaODGrn you are a teabagger scum who wants to threaten people with his penis extender. You are a danger to this country.,you are a teabagger scum who wants to threaten people with his penis extender you are a danger to this country,1,0,0.07977918545541779
"Whoever came up with that "" I don't have no ex's "" sayin must've been a hoe",whoever came up with that i dont have no exs sayin mustve been a hoe,0,0,0.020957306870969788
@That1guyJeff fuck them bitches I hope Navy beat em THIS week. @thejournalist44 @__Trail__,fuck them bitches i hope navy beat em this week,0,0,0.017435561803121478
"RT @Mitchellharri: Dont be a faggot, cover your mouth when you fkn cough or sneeze, I got a immune system to keep strong asshole",rt dont be a faggot cover your mouth when you fkn cough or sneeze i got a immune system to keep strong asshole,1,0,0.4378001135373679
"@MikeTheStatey #Sequester 
Den the fat colored girl chased me down day street while she swingin da table wit one arm... I wants my pay!!!",den the fat colored girl chased me down day street while she swingin da table wit one arm i wants my pay,0,0,0.02007790993891613
RT @KingLekan90210: I forgive all u hoes/girls,rt i forgive all u hoesgirls,0,0,0.042790214373504214
"RT @walkinghashtag: ""@dumbcollegefun: Mean girls are just honest bitches. #Truth"" @JacklynAnnn",rt mean girls are just honest bitches,0,0,0.002346457130083054
That pussy best be shaved for the holidays!,that pussy best be shaved for the holidays,0,0,0.009319556082982334
@KenSuttling Certainlt not the paddies,certainlt not the paddies,0,0,0.05020372358796218
"@mackgotti thats that "" never call a bitch again "" shit",thats that never call a bitch again shit,0,0,0.008497891050266094
#EarlyBird #early #morning #sunrise #dawn #bird #thebird #jerryreed @ Kansas City http://t.co/kuVq8UpwUw,kansas city,0,0,0.03728860174395512
&#8220;@boojieque: &#128514;&#128169;RT @WebbMadeThis: Lemme find out you niggaz letting bitches shit on yo faces&#8221; &#128557; niggas is weirdos,rt lemme find out you niggaz letting bitches shit on yo faces niggas is weirdos,1,0,0.01351153209023502
@alexisxisabel death to attention hoes,death to attention hoes,0,0,0.03844415280066392
About to smack some peckerwoods in a Judge pit,about to smack some peckerwoods in a judge pit,0,0,0.08047139699375992
Cause you know.. Y'all hoes play entirely too much.,cause you know yall hoes play entirely too much,0,0,0.01473784766637897
"RT @YankeesWFAN: One scout said Prado is ""first team most underrated."" Gives the Yankees a 2b through 2016, could slide to 3b if needed too.",rt one scout said prado is first team most underrated gives the yankees a 2b through 2016 could slide to 3b if needed too,0,0,0.016903107233650252
RT @Mbw44: &#8220;@luzerne_troy: &#8220;@balenceeaga: &#8220;@AienneLuckera: This bitch is awesome &#128588; http://t.co/Q5yhJTbcnr&#8221;need this,rt this bitch is awesome this,0,0,0.003908058332835503
"&#128539;&#128120; you've been a good as friend to me , glad I got your honkie ass. Let's fuck shit up this year",youve been a good as friend to me glad i got your honkie ass lets fuck shit up this year,0,0,0.017033261608900452
REPUBLICANS TAKE MASSACHUSETTS GOVERNORSHIP: Coakley Conceds Gov. Race To Charlie Baker&#8230;. http://t.co/unfdQCQHyK,republicans take massachusetts governorship coakley conceds gov race to charlie baker,0,0,0.022064287928826077
"Niggas cant stand me cuz they bitches be feelin a nigga . Get mad at yo so called ""girl""",niggas cant stand me cuz they bitches be feelin a nigga get mad at yo so called girl,0,0,0.02956045327191293
@Almighty_Woo he said he got you in workouts pussy!!!!!!,he said he got you in workouts pussy,0,0,0.014562625630211302
"Who is that pink hat guy, Cody? Caleb? Either way he is a over emotional bitch. #BB16",who is that pink hat guy cody caleb either way he is a over emotional bitch,0,0,0.00630135186264875
"@MarkUdall2014 just got his pussy kicked, he's out, done, @CoryGardner wins, per Fox News.... #Election2014 #tcot #gop #teaparty #p2",just got his pussy kicked hes out done wins per fox news,0,0,0.034562359060739824
Bad bitches only,bad bitches only,0,0,0.0049530030256252
&#8220;@keanabermudez: Guys are hoes these days lmao don't fucking indirect me cause I can put you on blast&#8221; who's subbin ?,guys are hoes these days lmao dont fucking indirect me cause i can put you on blast whos subbin,0,0,0.01263957843561591
Lol when a nigga say he miss u say don't miss me miss ya bitch lmao,lol when a nigga say he miss u say dont miss me miss ya bitch lmao,0,0,0.00038722811211572923
@kieffer_jason bitch was i talking to u stfu and get off my page oh bitch nigga u bout that life,bitch was i talking to u stfu and get off my page oh bitch nigga u bout that life,1,0,0.016288479201244994
"RT @Null_Hypothesiz: Omg you own a microwave!? 
Fancy bitch",rt omg you own a microwave fancy bitch,0,0,0.00899084495893315
My bitch was so loaded last night &#128514;&#128514;&#128514;&#128293;&#128168;&#128079;&#128079;&#127867;&#127867;&#127867;&#127867;&#127867;&#127867;&#127867;&#127932;&#127932;&#127932;&#127881;&#127881;&#127880;&#127873;&#127796;&#9728; @Young_Lifted23,my bitch was so loaded last night,0,0,0.014144378456629
"RT @Pearls_N_Kisses: These hoes be acting up.. &amp; you know what, Imma let em..",rt these hoes be acting up amp you know what imma let em,0,0,0.0024901317268202143
RT @MeyaKardashian: This bitch is fucking insane. &#8220;@TwiterDeze_NUTS: 2) what is a sentence that describes you in 5 words?&#8221;,rt this bitch is fucking insane 2 what is a sentence that describes you in 5 words,0,0,0.0060143484089734255
This morning is brought to you by Emergen-C. I really need to nip this cold/flu business in the bud. #NoGermsWanted,this morning is brought to you by emergenc i really need to nip this coldflu business in the bud,0,0,0.040292581239668605
Just unfollowed another crazy bitch. Whos next? lol,just unfollowed another crazy bitch whos next lol,0,0,0.003145932721741827
&amp; fuck your bitch,amp fuck your bitch,0,0,0.044149287452057685
"RT @metroadlib: i thank every broad in the universe who takes that step forward &amp;puts colored contacts in her eyes.
that's one less person &#8230;",rt i thank every broad in the universe who takes that step forward ampputs colored contacts in her eyes thats one less person,0,0,0.01897039122501886
@Yung_Messiah nah he pussy he won't,nah he pussy he wont,0,0,0.007906949630210384
@OlTimeBaseball @Yankees @PaulONeillYES that matters ?,that matters,0,0,0.04365995372762543
"RT @__VIIXXIV &#128514;

Me: Baby I cooked
Bae: What's for dinner?
Me: That bitch you been texting http://t.co/GwT19xIXUz",rt me baby i cooked bae whats for dinner me that bitch you been texting,0,0,0.005625745445063589
"My ex wanna work it out, bitch try yoga",my ex wanna work it out bitch try yoga,0,0,0.01154194535061185
"It's official. I leave America January 3rd. See ya bitches in February. 

Have fun with winter for me.",its official i leave america january 3rd see ya bitches in february have fun with winter for me,0,0,0.005002939437472104
Boy damn jitt got his ass bitch slapped in da court yard comin to 6th period &#128514;&#128514;&#128514; i was yelln n shit,boy damn jitt got his ass bitch slapped in da court yard comin to 6th period i was yelln n shit,0,0,0.007989079165876354
On break feeling xxxtra dumb cause i forgot my lunch money like a hoe,on break feeling xxxtra dumb cause i forgot my lunch money like a hoe,0,0,0.004495196455802262
No less than 3 bad bitches in my bed at a time...,no less than 3 bad bitches in my bed at a time,0,0,0.009631442172379115
@rikki_lovee bitch! Why can't I retweet your shit?! Lol love you! Hope you're having a great bday! (:,bitch why cant i retweet your shit lol love you hope youre having a great bday,0,0,0.0016724675645177637
#ultimatepickupline bitch get naked. Works 10 times out of 10 if she's drunk :),bitch get naked works 10 times out of 10 if shes drunk,0,0,0.06560356589151232
When ex girl friends get fat. That's god saying hey man.. You're welcome lmfao &#128514;&#128557; big ole bitch,when ex girl friends get fat thats god saying hey man youre welcome lmfao big ole bitch,0,0,0.0016328412778505634
"RT @ShxtWesleySays: ""Let me put my kids up in ya mouth bitch. I'ma turn this shit into a foster home.""",rt let me put my kids up in ya mouth bitch ima turn this shit into a foster home,0,0,0.008787640396271465
@AnthonyCumia just don't bitch when your power goes out like last time,just dont bitch when your power goes out like last time,0,0,0.018640012519073577
Fat bitch,fat bitch,0,0,0.031135124883843165
"RT @Book_Krazy: I don't always get drunk and pass out but when I do, when did they start making colored duct tape?",rt i dont always get drunk and pass out but when i do when did they start making colored duct tape,0,0,0.00798091930584438
You can buy my fucking life and you've never even broken a sweat stop crying bitch @KylieJenner http://t.co/cipWztVnUo,you can buy my fucking life and youve never even broken a sweat stop crying bitch,0,0,0.12887595414981648
@yooperslayer better off banning teabaggers and their anti American supporters,better off banning teabaggers and their anti american supporters,0,0,0.10256780286395449
@pufntrees the bitch ass nigga I just called a bitch,the bitch ass nigga i just called a bitch,0,0,0.0693709882225737
But staying up gon be a bitch.,but staying up gon be a bitch,0,0,0.0047499905040823045
"RT @SarahR_82: I had these cute little pet names for my ex, like ass monkey, douchetard &amp; butterball. I just dont know where that re ...",rt i had these cute little pet names for my ex like ass monkey douchetard amp butterball i just dont know where that re,0,0,0.00572486855705954
@bm00re43 bitches naked**,bitches naked,0,0,0.031643324174577665
RT @kiddsmy_pyt: You have a new boyfriend every week.. Tf you doin hoe?,rt you have a new boyfriend every week tf you doin hoe,1,0,0.004375825898824871
RT @_itsKILLA_: Yall hoes love football,rt yall hoes love football,0,0,0.03856623727640013
RT @younngmel: Fuck half the bitches at Mount Rainier &#58386;&#58386; i only fucks wit a few,rt fuck half the bitches at mount rainier i only fucks wit a few,0,0,0.01234156043494613
This Lil fraudulent bitch had the nerve to call my phone talking crazy bout how she get down nd puts&#8230; http://t.co/zUxDnP3XR1,this lil fraudulent bitch had the nerve to call my phone talking crazy bout how she get down nd puts,0,0,0.0014812642794010391
@KxRxSxB @SamRomero95 prairie nigger,prairie nigger,0,0,0.36980187937679554
RT @Drrake: But she a hoe tho right? &#128564; http://t.co/gLe9rsfkwJ,rt but she a hoe tho right,0,0,0.008970936606964634
@usweekly every1 is so over the bigass bitches!!,every1 is so over the bigass bitches,0,0,0.012213734167958035
RT @TheNudesGod: It kills me when Bitches think that just BC they got a low body count that they not a hoe,rt it kills me when bitches think that just bc they got a low body count that they not a hoe,0,0,0.0018260026118702745
The Republican Lt Governor of Missouri says he's sorry he called LAW Anglo-American Law. Racist Pig That he is...,the republican lt governor of missouri says hes sorry he called law angloamerican law racist pig that he is,0,0,0.08964838963399639
Chris Bosh bout to disgrace the trophy like a real faggot smh,chris bosh bout to disgrace the trophy like a real faggot smh,1,0,0.11106035717324834
@Hovaa_ cracker....,cracker,0,0,0.1783428813183738
Quit hoggin the blunt bitch,quit hoggin the blunt bitch,0,0,0.011023048566506766
@ProsperINDIA ho no. Without ur vote we lost the election. AK49 is taking oath as PM today. :-),ho no without ur vote we lost the election ak49 is taking oath as pm today,0,0,0.012897431214392376
"@AveryCash @DallyJackson @Coal_Daddy @THaRock10 @YouTube ""I could have died"".. ""I called my mom a bitch"" lmao",i could have died i called my mom a bitch lmao,0,0,0.012634020510891941
Ain't none of these hoes loyal none of em if I cloud show y'all the stuff be coming thru my phone....but that ain't none of y'all business,aint none of these hoes loyal none of em if i cloud show yall the stuff be coming thru my phonebut that aint none of yall business,0,0,0.012333797975512513
"you got niggas, and i got bitches.",you got niggas and i got bitches,0,0,0.04339537326925368
@ozwashere What the fuck is wrong with you. You can't call urself a man if u call a girl a bitch. Ur a fuckin loser bro,what the fuck is wrong with you you cant call urself a man if u call a girl a bitch ur a fuckin loser bro,0,0,0.04316118068210544
Awwwwww they no Kaep ain't rape no bitch!!!!,awwwwww they no kaep aint rape no bitch,0,0,0.02214864062213718
Tommy trash,tommy trash,0,0,0.03682260412861692
"hit that bitch with a reality check. 
bitches love reality checks.",hit that bitch with a reality check bitches love reality checks,0,0,0.014169921546228852
"RT @lnfIicted: im not ""shy"" or ""quiet"" im just chilling bitch",rt im not shy or quiet im just chilling bitch,0,0,0.0031718719193603163
This stank bitch steady calling.. I wonder how she get my number!,this stank bitch steady calling i wonder how she get my number,0,0,0.014914495472213038
@CayMarieee bitch you NOT either bye &#128514;,bitch you not either bye,0,0,0.00882596302204287
@Flow935 jus wanted to let y&#225;ll know hope the hurricane kills your soca sunday trash #LORDWILLIN,jus wanted to let y ll know hope the hurricane kills your soca sunday trash,1,0,0.02182500615729628
RT @Quis_2TurntUp: &#8220;@1017_Sqquad: Iont got no type&#8221;bad bitches is the only thing that I like &#128111;&#128131;&#128131;,rt iont got no type bad bitches is the only thing that i like,0,0,0.0035735185870134885
"RT @ispeak_sarcasms: Niggas expect you to pull this out when they ask ""where the hoes at"" http://t.co/kmNE99r3Re",rt niggas expect you to pull this out when they ask where the hoes at,0,0,0.0752894467972157
Sebastian is high on cat nip rn,sebastian is high on cat nip rn,0,0,0.021190266557319988
"RT @LickMeGently: Big booty = sour face ,no hair ,or she a hoe.",rt big booty sour face no hair or she a hoe,0,0,0.0038764132047069805
RT @_getMEAUXmoney: &#8220;@100046729: &#8220;@_getMEAUXmoney: Nobody cares about KIRK Bosley no&#8221;I care bout my cousin hoe&#8221; http://t.co/k1OLU522FT,rt nobody cares about kirk bosley no i care bout my cousin hoe,0,0,0.0029664669015385552
They thought I wouldn't make it pussy nigga we made it,they thought i wouldnt make it pussy nigga we made it,0,0,0.06431585828350973
"Me: downloads flappy bird*
Sierra: ""welp there goes school""",me downloads flappy bird sierra welp there goes school,0,0,0.006783280561254959
"RT @RappersSaid: When Tupac said ""I ain't a killer but don't push me, revenge is the sweetest joy next to getting pussy"" http://t.co/ffPu1w&#8230;",rt when tupac said i aint a killer but dont push me revenge is the sweetest joy next to getting pussy,0,0,0.010702569687707962
@LessThanJR And the Yankees gave you a win. :) Happy Birthday!!,and the yankees gave you a win happy birthday,0,0,0.01433986900676891
Lil dumb ass bitch I ain't fucking with you,lil dumb ass bitch i aint fucking with you,0,0,0.011107873784215709
RT @44BINKO: @VoiceOfDStreetz &#128514;&#128514;&#128514;&#128514;&#128514; u a hoe &#128557;&#128557;&#128557;&#128557;,rt u a hoe,0,0,0.015721066127693018
@BloggerBoxing yea....what did it do for Maidana? It made him a greedy faggot loser. Atleast Broner is black...,yeawhat did it do for maidana it made him a greedy faggot loser atleast broner is black,1,0,0.39058028949915324
&#9733;@&#9733;@&#9733;@&#9733;@&#9733; GRAND OPENING ! &#9733;@&#9733;@&#9733;@&#9733;@&#9733; TOP CLASS &#9733; Oriental Massage &#9733; PERFECT !&#9733; http://t.co/zibllnm1ZS,grand opening top class oriental massage perfect,0,0,0.012335436229328266
RT @OleNoHoes: Got a bad ass bitch just bouncing on my dick!,rt got a bad ass bitch just bouncing on my dick,0,0,0.00814884911819559
"RT @EHSSecretAdmire: ""Can @CarterMarteeny murder my pussy?""",rt can murder my pussy,0,0,0.024960140901067053
My whole goal is to fuck someone bitch and cause turmoil in a happy relationship &#128523;,my whole goal is to fuck someone bitch and cause turmoil in a happy relationship,0,0,0.00868691574172086
I'm so glad I don't wake up lookin like one those Medusa lookin bitches,im so glad i dont wake up lookin like one those medusa lookin bitches,0,0,0.004443435924589472
"That bitch on qualitest , she dont act right #WiseWordsFromWebb",that bitch on qualitest she dont act right,0,0,0.008732291823612471
Idk bro &#8220;@JactionJ: a bunch of hoes really doesn't compare to having that one faithful girl bruh&#8221;,idk bro a bunch of hoes really doesnt compare to having that one faithful girl bruh,0,0,0.011004205826072254
RT @LupeMeCoje: What's going down pussies?,rt whats going down pussies,0,0,0.032334158262099476
Let me show you how that pussy work!!!! RT @LoyalLamb85: Brian McKnight should have more accolades. His music is everything. EVERYTHING.,let me show you how that pussy work rt brian mcknight should have more accolades his music is everything everything,0,0,0.006142949242599355
"Lmaooo nigga said a ""Hol it down"" dyke was in the background",lmaooo nigga said a hol it down dyke was in the background,0,0,0.47717764815468444
i might need to get some hoes,i might need to get some hoes,0,0,0.012714394053562967
These new bottoms are something else... RT @ratch_t: You put nair on your pussy for the gram? Ok http://t.co/agcPqlY5wI,these new bottoms are something else rt you put nair on your pussy for the gram ok,0,0,0.026296713706786833
RT @BudaHefner74: &#8220;@breathTaker___: Wake up in the morning give me head bitch &#128514;&#128557;&#8221;,rt wake up in the morning give me head bitch,0,0,0.019423738728076297
@JOLTNG niger,niger,1,0,0.05020372358796218
"@RBesofii 
Cants even fool a colored man wit dis bullshit http://t.co/gtln1tpMgi",cants even fool a colored man wit dis bullshit,0,0,0.02884012962291939
I know you seeeeen my faceeeee gon send a bitch maa wayyyy,i know you seeeeen my faceeeee gon send a bitch maa wayyyy,0,0,0.0051820404151865975
@asiahh__ nah I replied to you like I did to literally everyone else who called it trash... Go and check if you don't believe me,nah i replied to you like i did to literally everyone else who called it trash go and check if you dont believe me,0,0,0.03886346571653916
@joeysulipeck @myfoxmemphis the minute those red n yellow for rent signs go up the reg. ppl start selling n move,the minute those red n yellow for rent signs go up the reg ppl start selling n move,0,0,0.0018791769755614615
Only hoes get 3K followers on instagram,only hoes get 3k followers on instagram,0,0,0.006640879170622854
"@JedZiggler I say it all the time same with fag and queer it's all about the context I suppose, some people are just looking to get offended",i say it all the time same with fag and queer its all about the context i suppose some people are just looking to get offended,0,1,0.7878567809552898
@tess_stepakoff @jetsnation6297 bitch please I'm a stud,bitch please im a stud,0,0,0.021760365344005238
brass monkey dat funky monkey http://t.co/NaDoF9QqDa,brass monkey dat funky monkey,0,0,0.1685924157299765
RT @J_Kwest: Ima buy dat bitch a jump rope bitches live jumpin 2 conclusions,rt ima buy dat bitch a jump rope bitches live jumpin 2 conclusions,0,0,0.008667514913815528
"These sons of bitches came into his chruch, threatened to kill him",these sons of bitches came into his chruch threatened to kill him,0,0,0.1303529080610477
RT @CurrenSy_Spitta: Don't Neva check a real nigga....... Check a hoe,rt dont neva check a real nigga check a hoe,0,0,0.06561350842743134
@b_shiznitt fuck off bitch,fuck off bitch,0,0,0.04530017553654269
"RT @excusemydank: ""Fuck all the skinny bitches"" @NICKIMINAJ #NeverForget &#128557;&#128128; http://t.co/Ndhqmn3LvU",rt fuck all the skinny bitches,0,0,0.0056312543870147055
@DeliaParedez @rikki_lovee @GabrielaAngela4 @StephyRae7 @TheOneMiss_Luu @Ramona_Pilar I'm coming bitches.,im coming bitches,0,0,0.025286797085091992
For such bold people confrontation seems to make bitches out of alot of you,for such bold people confrontation seems to make bitches out of alot of you,0,0,0.011837317792432
A shockingly true tale from the Oreo that almost got devoured. http://t.co/WYIS0LVdsi,a shockingly true tale from the oreo that almost got devoured,0,0,0.018856381612349322
@S_Roach happy birthday nicca do coon shit in a responsible way.,happy birthday nicca do coon shit in a responsible way,1,0,0.31244048831254323
@Coley_Cee my bad bitch ayeee http://t.co/GrHTDie9dz,my bad bitch ayeee,0,0,0.007918793497958326
